{"type": "FeatureCollection", "id": "API_0704", "errMsg": "Success", "errCd": 0, "trId": "jggc_API_0704_1790038925001", "features": [{"type": "Feature", "geometry": {"type": "Polygon", "coordinates": [[[953553.9323000009, 1953335.741399999], [953556.2793000014, 1953306.7237000002], [953557.2583000017, 1953294.7148000004], [953558.4475000019, 1953280.5308000054], [953560.7759000007, 1953253.4264000023], [953592.2802000013, 1953095.8732999994], [953593.0587000021, 1953095.3082000013], [953604.7773000007, 1953087.3618000008], [953780.8709000006, 1953060.2537999977], [953824.8095000015, 1953060.9707999988], [953827.9291000023, 1953064.356000001], [953869.7952000009, 1952342.7899999984], [953765.2244000011, 1952346.0878000045], [953696.6157000018, 1952352.8492000022], [953116.1629999998, 1952230.3815000027], [953063.3051000008, 1952251.2780000004], [952914.595900001, 1952353.8415000006], [952894.633900001, 1952372.9892000011], [952857.0483000011, 1952413.6408000048], [952854.146500002, 1952418.3734000013], [952629.7053, 1952875.0110000027], [952629.1961000017, 1952885.6738000014], [952628.9687000006, 1952892.7364000035], [952629.2000000002, 1952895.8202000055], [952615.942000001, 1953038.8640000056], [952589.7785000013, 1953198.6131999986], [952572.0475000008, 1953258.828600002], [952571.5073000002, 1953263.829399999], [952417.1027000017, 1953396.614200003], [952486.4326000016, 1953369.7240000018], [952496.8421000002, 1953366.389000005], [952512.8654000014, 1953361.682800001], [952544.7578, 1953355.1140000005], [952737.9579000011, 1953347.2332000001], [952857.5053000008, 1953396.2418000004], [953312.3029000005, 1953477.930600001], [953315.0589000012, 1953478.3370999987], [953315.2471000012, 1953478.3640000005], [953338.3066999998, 1953481.6045], [953343.7613000025, 1953481.5124000018], [953422.2663000005, 1953472.6400000034], [953546.6616000019, 1953456.2476000013], [953546.8492000003, 1953453.5376], [953553.9323000009, 1953335.741399999]]]}, "properties": {"x": "953230", "y": "1952854", "adm_cd": "11010530", "adm_nm": "서울특별시 종로구 사직동"}}, {"type": "Feature", "geometry": {"type": "Polygon", "coordinates": [[[953844.0815000008, 1955492.1773999995], [953985.0835000002, 1955375.0494000013], [954017.662900001, 1955348.1672000014], [954226.878100002, 1955229.569000003], [954352.9831000003, 1955166.7666000016], [954434.2971000012, 1955128.536000002], [954476.5583000004, 1955121.939000002], [954492.5341000004, 1955121.4793000026], [954495.9767000016, 1955122.0180000016], [954502.3827000003, 1955123.0205000034], [954504.3481000008, 1955123.5631000032], [954504.716000001, 1955123.7234999994], [954506.702700001, 1955124.6528999999], [954511.3565, 1955126.8670000033], [954513.7801000007, 1955128.0200000007], [954517.8665000009, 1955129.9046000014], [954525.6530000016, 1955131.4878000002], [954549.4773000022, 1955135.2658000002], [954574.2647000013, 1955129.323400002], [954604.9969000001, 1955107.5752000012], [954845.3203000004, 1954849.5814000024], [954876.0393000019, 1954816.4936000002], [954892.2691000018, 1954794.285100005], [954894.2591000011, 1954791.5620000032], [954895.0798000017, 1954790.2462000013], [954899.1381000017, 1954728.1104000006], [954719.5635000006, 1954586.2978000003], [954626.9296000018, 1954474.9777999995], [954613.8679000003, 1954451.6886], [954416.3005000018, 1954076.6098000018], [954414.1553000001, 1954072.4788000025], [954340.4299000015, 1953893.4322000016], [954340.0352000005, 1953890.0166000007], [954339.341600002, 1953881.581399999], [954338.7857000015, 1953873.4622], [954338.3987000012, 1953858.766799998], [954338.1845000017, 1953841.9432000006], [954338.3147999998, 1953834.4723000005], [954338.3709000016, 1953831.2939999988], [954340.3579000024, 1953813.1818000022], [954419.560300001, 1953396.9091999996], [954419.6961000024, 1953396.3306000058], [954421.4313000005, 1953388.9602], [954423.0365000012, 1953382.1422000006], [954428.1365000019, 1953362.1415999986], [954430.5001000001, 1953353.5532000014], [954430.7651000022, 1953352.6350000002], [954491.7999000002, 1953229.6723999996], [954573.1711000004, 1953153.2277999998], [954466.0881000011, 1953085.8590000044], [954463.4429000011, 1953084.353800002], [954436.4832000011, 1953070.2448000023], [954372.0526000004, 1953038.7334000026], [954349.330700001, 1953028.689800002], [954334.6289000001, 1953024.7484000032], [954322.5193000017, 1953021.5020000008], [954257.087700001, 1953029.8310000005], [954071.3879187545, 1953091.0110000018], [954050.0412000008, 1953089.971500005], [954061.7250000016, 1953427.4453999992], [954055.3569000002, 1954138.3092000005], [954055.1624, 1954140.7964000015], [954052.0085000021, 1954179.229], [954050.0969000007, 1954191.8146000016], [954018.4059000015, 1954319.5669000018], [954010.7759000007, 1954340.9053999996], [953809.6569000001, 1954552.0344000016], [953700.0029000015, 1954605.0720000009], [953623.4077000004, 1954760.2056000037], [953542.6441000011, 1954966.7484], [953528.0709000016, 1955004.3452000017], [953807.5706000013, 1955516.480399999], [953844.0815000008, 1955492.1773999995]]]}, "properties": {"x": "954293", "y": "1954575", "adm_cd": "11010540", "adm_nm": "서울특별시 종로구 삼청동"}}, {"type": "Feature", "geometry": {"type": "Polygon", "coordinates": [[[952490.380000002, 1956548.8206000016], [952596.2841999999, 1956299.7658000002], [952817.6556000004, 1955970.1296], [952848.7075000004, 1955929.9283999996], [952890.430300001, 1955888.8958000015], [953131.9047000012, 1955819.995800002], [953176.4743000013, 1955824.6853999998], [953310.9323000009, 1955838.8734000034], [953761.1701000007, 1955680.5873999996], [953815.8812999998, 1955633.5732], [953850.192200002, 1955599.1995999995], [953807.5706000013, 1955516.480399999], [953528.0709000016, 1955004.3452000017], [953343.3907000022, 1955051.0344000012], [953047.2263000016, 1955044.763200003], [953038.9743000017, 1955042.6758000022], [952930.4579000017, 1954985.9648000023], [952741.2749000017, 1954770.0476000004], [952735.5894999999, 1954760.8151999998], [952731.1141000016, 1954753.5476000002], [952689.5777000008, 1954644.0232000018], [952689.5649000008, 1954643.036999999], [952689.3761000016, 1954628.4409999987], [952692.0427000001, 1954599.3586000018], [952692.1277000012, 1954599.0368], [952694.440700001, 1954590.2874000007], [952698.3697000016, 1954579.2563999991], [952699.6105000011, 1954575.8190000006], [952700.6878000007, 1954572.8335999986], [952700.1957000005, 1954550.3551999996], [952696.2884999999, 1954541.5812000013], [952627.4593000009, 1954440.5298000006], [952605.290500001, 1954409.6598000005], [952522.9549000005, 1954304.2095999995], [952451.0039000013, 1954268.3716000025], [952394.2825000007, 1954241.0298000018], [952392.2743000013, 1954240.090800004], [952296.4641000006, 1954209.1388000015], [952133.329900001, 1954096.7675000005], [952131.5499000018, 1954102.0067000007], [952100.8207000016, 1954210.9879000022], [952092.8107000007, 1954325.3055000012], [952095.3792000018, 1954545.9880999997], [952105.0107000025, 1954658.2419000003], [952133.7253000023, 1954934.9291000022], [952199.1041000006, 1955113.412500002], [952243.4239, 1955181.0313000064], [952244.4155000004, 1955210.0475000015], [952178.6419000002, 1955513.2816000013], [952158.8741000018, 1955554.1346000023], [952130.0789000023, 1955577.7338000045], [952094.3156000023, 1955596.1310000012], [952026.8341000007, 1955629.4231999991], [952009.261500001, 1955639.938799999], [951820.3771000023, 1955659.0558000002], [951748.2693000004, 1955709.1161999987], [951680.2037000016, 1955897.8768000011], [951672.5813000002, 1955935.5216000003], [951661.4339000003, 1956036.3410000012], [951767.9071000014, 1956257.9874000004], [951785.346500001, 1956281.2982000003], [951796.142200001, 1956293.6173000028], [951943.1301000003, 1956165.4275999991], [951956.4017000007, 1956157.6068000016], [951978.4681000009, 1956152.424600001], [952207.0517000018, 1956215.3824000019], [952206.3060999999, 1956223.6834], [952210.3901000009, 1956262.203600003], [952213.0549000015, 1956267.2316000024], [952392.2373000019, 1956493.5619999995], [952490.380000002, 1956548.8206000016]]]}, "properties": {"x": "952642", "y": "1955417", "adm_cd": "11010550", "adm_nm": "서울특별시 종로구 부암동"}}, {"type": "Feature", "geometry": {"type": "Polygon", "coordinates": [[[953683.8283000011, 1959209.871400003], [953665.2828000014, 1959132.2787999997], [953647.3333000012, 1959057.1796000032], [953651.3249000013, 1959043.1407999983], [953671.9659000019, 1958970.546800001], [953780.2279000005, 1958976.7079999999], [953976.8264000011, 1958998.165400003], [954074.4655000004, 1958953.564999998], [954109.9589000009, 1958915.4666], [954113.4221000015, 1958904.8204000012], [954119.7549000004, 1958885.3516000058], [954084.743900002, 1958668.7310000018], [954193.5969000016, 1958564.4484000024], [954262.3775000018, 1958464.7484], [954276.360100002, 1958444.4797999999], [954386.3775000009, 1958198.6758000017], [954433.5565, 1958092.6023999988], [954425.3120000011, 1958071.8267999995], [954391.3987000018, 1957985.426800001], [954389.2375000018, 1957880.2511000023], [954437.0755000017, 1957716.202400003], [954508.5431000022, 1957518.546700002], [954619.6421999997, 1957380.1650000005], [954687.5529000014, 1957294.7162000025], [954650.9615000009, 1957189.3025000026], [954612.5547000022, 1957045.0514999998], [954615.2523000007, 1956955.0466000007], [954621.8589000021, 1956795.5724], [954653.735600001, 1956603.1042000009], [954698.4267999998, 1956419.8234000015], [954698.8192000001, 1956253.3498000018], [954689.5100000019, 1956190.959200002], [954621.185700001, 1956147.8340000005], [954328.894600001, 1955995.3256], [954058.103700001, 1955883.1640000006], [953968.4813000022, 1955858.608200002], [953959.1859000005, 1955849.9846000029], [953949.4315000016, 1955840.7358000001], [953893.8897000018, 1955775.5376], [953876.6652000018, 1955710.0782000017], [953850.192200002, 1955599.1995999995], [953815.8812999998, 1955633.5732], [953761.1701000007, 1955680.5873999996], [953310.9323000009, 1955838.8734000034], [953176.4743000013, 1955824.6853999998], [953131.9047000012, 1955819.995800002], [952890.430300001, 1955888.8958000015], [952848.7075000004, 1955929.9283999996], [952817.6556000004, 1955970.1296], [952596.2841999999, 1956299.7658000002], [952490.380000002, 1956548.8206000016], [952392.2373000019, 1956493.5619999995], [952213.0549000015, 1956267.2316000024], [952210.3901000009, 1956262.203600003], [952206.3060999999, 1956223.6834], [952207.0517000018, 1956215.3824000019], [951978.4681000009, 1956152.424600001], [951956.4017000007, 1956157.6068000016], [951943.1301000003, 1956165.4275999991], [951796.142200001, 1956293.6173000028], [951787.2337999997, 1956336.651000001], [951685.4449000016, 1956478.4499000013], [951617.3369000009, 1956566.4526000028], [951505.4437000016, 1956690.0413999995], [951485.8975000004, 1956771.4744000025], [951489.097700001, 1956941.2112000037], [951442.6343, 1957056.161999999], [951446.1645000015, 1957064.326400001], [951461.0460000003, 1957098.741299999], [951500.7187000003, 1957190.4874000002], [951523.5377000006, 1957263.3904000013], [951526.6679000019, 1957282.145200001], [951529.4774000009, 1957298.9798000008], [951524.1809000004, 1957486.3583999998], [951447.6153999999, 1957905.312000001], [951368.0433000012, 1958344.3404000006], [951377.7693000012, 1958463.2651999998], [951441.3126000001, 1958574.8337999983], [951450.153000002, 1958591.8148000021], [951507.3820000004, 1958693.6001999993], [952126.1226000004, 1958994.1464000007], [952187.7460000024, 1959018.9718000023], [952212.141000001, 1959028.0886000013], [952232.7209000016, 1959035.7725], [952247.1344000008, 1959041.153700001], [952334.0234000025, 1959056.271800001], [952734.4724000021, 1959123.8767000036], [952977.6001000011, 1959160.9381000034], [953503.2457000017, 1959343.0546000001], [953710.9567000015, 1959270.6963999984], [953709.2338000005, 1959266.8320000013], [953683.8283000011, 1959209.871400003]]]}, "properties": {"x": "953051", "y": "1957499", "adm_cd": "11010560", "adm_nm": "서울특별시 종로구 평창동"}}, {"type": "Feature", "geometry": {"type": "Polygon", "coordinates": [[[952298.1443000012, 1953539.6062000017], [952417.1027000017, 1953396.614200003], [952571.5073000002, 1953263.829399999], [952565.2427000005, 1953257.5678000024], [952536.8077000007, 1953225.4656000012], [952532.2315000007, 1953220.252000001], [952510.382100001, 1953163.3478000006], [952502.7679000009, 1953139.731000002], [952501.3049000006, 1953134.9795999995], [952500.9941000008, 1953133.969200002], [952489.1029000011, 1953080.4442000021], [952476.0961000007, 1952999.6034000013], [952479.4097000011, 1952961.6774000018], [952481.0397000005, 1952955.8054000025], [952354.7583000013, 1952801.7276000043], [952262.7641000007, 1952767.9868999994], [951869.5393000024, 1953225.1306000021], [951750.5486000022, 1953403.3049000008], [951756.0709000014, 1953409.956600004], [952073.3755000022, 1953525.3278000015], [952298.1443000012, 1953539.6062000017]]]}, "properties": {"x": "952198", "y": "1953209", "adm_cd": "11010570", "adm_nm": "서울특별시 종로구 무악동"}}, {"type": "Feature", "geometry": {"type": "Polygon", "coordinates": [[[952572.0475000008, 1953258.828600002], [952589.7785000013, 1953198.6131999986], [952615.942000001, 1953038.8640000056], [952629.2000000002, 1952895.8202000055], [952628.9687000006, 1952892.7364000035], [952629.1961000017, 1952885.6738000014], [952629.7053, 1952875.0110000027], [952854.146500002, 1952418.3734000013], [952857.0483000011, 1952413.6408000048], [952894.633900001, 1952372.9892000011], [952914.595900001, 1952353.8415000006], [953063.3051000008, 1952251.2780000004], [953116.1629999998, 1952230.3815000027], [952902.6825000016, 1951962.2816000003], [952816.0984000013, 1952068.745900007], [952262.7641000007, 1952767.9868999994], [952354.7583000013, 1952801.7276000043], [952481.0397000005, 1952955.8054000025], [952479.4097000011, 1952961.6774000018], [952476.0961000007, 1952999.6034000013], [952489.1029000011, 1953080.4442000021], [952500.9941000008, 1953133.969200002], [952501.3049000006, 1953134.9795999995], [952502.7679000009, 1953139.731000002], [952510.382100001, 1953163.3478000006], [952532.2315000007, 1953220.252000001], [952536.8077000007, 1953225.4656000012], [952565.2427000005, 1953257.5678000024], [952571.5073000002, 1953263.829399999], [952572.0475000008, 1953258.828600002]]]}, "properties": {"x": "952666", "y": "1952544", "adm_cd": "11010580", "adm_nm": "서울특별시 종로구 교남동"}}, {"type": "Feature", "geometry": {"type": "Polygon", "coordinates": [[[954894.7949000006, 1954614.5800000017], [954768.0545000017, 1954330.4889999991], [954805.6193000025, 1954139.5998000014], [954863.8289000017, 1954082.5700000029], [954911.7465000025, 1953932.8288000007], [954947.4586000002, 1953781.2621999988], [954947.4218000005, 1953778.8340000059], [954902.7257000022, 1953263.478000002], [954902.5753000006, 1953263.4742], [954859.3267000004, 1953262.3586000013], [954780.6201000011, 1953252.405999999], [954774.8531000006, 1953251.1011999997], [954764.8441000024, 1953247.1937999995], [954760.6669000015, 1953245.5346], [954752.7527000019, 1953242.2988000005], [954739.5263000019, 1953236.8000000005], [954719.3676000023, 1953228.2641999992], [954713.0235000006, 1953225.3868000014], [954701.1203, 1953219.979000002], [954573.1711000004, 1953153.2277999998], [954491.7999000002, 1953229.6723999996], [954430.7651000022, 1953352.6350000002], [954430.5001000001, 1953353.5532000014], [954428.1365000019, 1953362.1415999986], [954423.0365000012, 1953382.1422000006], [954421.4313000005, 1953388.9602], [954419.6961000024, 1953396.3306000058], [954419.560300001, 1953396.9091999996], [954340.3579000024, 1953813.1818000022], [954338.3709000016, 1953831.2939999988], [954338.3147999998, 1953834.4723000005], [954338.1845000017, 1953841.9432000006], [954338.3987000012, 1953858.766799998], [954338.7857000015, 1953873.4622], [954339.341600002, 1953881.581399999], [954340.0352000005, 1953890.0166000007], [954340.4299000015, 1953893.4322000016], [954414.1553000001, 1954072.4788000025], [954416.3005000018, 1954076.6098000018], [954613.8679000003, 1954451.6886], [954626.9296000018, 1954474.9777999995], [954719.5635000006, 1954586.2978000003], [954899.1381000017, 1954728.1104000006], [954894.7949000006, 1954614.5800000017]]]}, "properties": {"x": "954658", "y": "1953818", "adm_cd": "11010600", "adm_nm": "서울특별시 종로구 가회동"}}, {"type": "Feature", "geometry": {"type": "Polygon", "coordinates": [[[954071.3879187545, 1953091.0110000018], [954257.087700001, 1953029.8310000005], [954322.5193000017, 1953021.5020000008], [954334.6289000001, 1953024.7484000032], [954349.330700001, 1953028.689800002], [954372.0526000004, 1953038.7334000026], [954436.4832000011, 1953070.2448000023], [954463.4429000011, 1953084.353800002], [954466.0881000011, 1953085.8590000044], [954573.1711000004, 1953153.2277999998], [954701.1203, 1953219.979000002], [954713.0235000006, 1953225.3868000014], [954719.3676000023, 1953228.2641999992], [954739.5263000019, 1953236.8000000005], [954752.7527000019, 1953242.2988000005], [954760.6669000015, 1953245.5346], [954764.8441000024, 1953247.1937999995], [954774.8531000006, 1953251.1011999997], [954780.6201000011, 1953252.405999999], [954859.3267000004, 1953262.3586000013], [954902.5753000006, 1953263.4742], [954902.7257000022, 1953263.478000002], [954947.4218000005, 1953778.8340000059], [954947.4586000002, 1953781.2621999988], [954911.7465000025, 1953932.8288000007], [954863.8289000017, 1954082.5700000029], [954805.6193000025, 1954139.5998000014], [954768.0545000017, 1954330.4889999991], [954813.7101000007, 1954337.5387999993], [954932.1141000001, 1954355.3966000054], [955236.5975000012, 1954332.8612000002], [955262.8149000008, 1954293.7917999986], [955291.5861000007, 1954249.6854000017], [955504.4755000011, 1953894.6294000028], [955543.7008999998, 1953792.298200001], [955549.4055000006, 1953738.5558000011], [955547.7645000011, 1953693.792000002], [955540.6942000005, 1953658.7454000001], [955536.1279000007, 1953642.953600003], [955530.7180000024, 1953631.8444000054], [955528.7310000018, 1953620.8020000067], [955526.8727000011, 1953594.2315999987], [955527.6065000019, 1953582.5942000058], [955553.8701000008, 1953384.247], [955562.0171000017, 1953341.6666000003], [955563.7137000023, 1953332.869000002], [955564.560700001, 1953329.1678], [955574.5205000011, 1953286.3007999999], [955599.8585000016, 1953178.601000002], [955805.2385000011, 1953072.7232000008], [955669.4237000007, 1952890.6733999997], [955668.274500001, 1952880.9712000014], [955668.1461000015, 1952877.4270000018], [955668.1544000015, 1952858.311199999], [955673.3807000008, 1952835.2019999987], [955673.790700002, 1952833.700400003], [955678.1640999998, 1952821.6726000006], [955882.4389000016, 1952500.828199999], [955992.828500001, 1952359.0613999988], [955843.8667000018, 1952322.7784000032], [955827.6637000004, 1952318.8348000003], [955774.8185000004, 1952306.087999999], [955756.0707000012, 1952301.7618000018], [955752.7217000017, 1952300.9892000016], [955733.048900001, 1952296.5011999984], [955716.9109000006, 1952292.9002000012], [955689.1711000018, 1952287.0186000024], [955665.1233000008, 1952282.1790000005], [955610.6953000017, 1952274.2208000033], [955573.4587000017, 1952269.2215999998], [955538.1877000018, 1952264.5050000018], [955509.2111000007, 1952261.2960000029], [955040.0185000002, 1952214.6745000002], [954975.2331000001, 1952207.7114000025], [954961.5313000006, 1952206.9716000024], [954927.5815000025, 1952205.2151000025], [954923.7223000014, 1952205.080000001], [954915.0059000021, 1952204.7822000012], [954868.7399000011, 1952204.5908000008], [954867.1475000004, 1952204.5991999994], [954866.5229000023, 1952204.6026000064], [954819.5233000005, 1952207.443800008], [954805.8927000011, 1952208.2978000003], [954804.487900001, 1952208.3984000022], [954665.1633000011, 1952220.071200001], [954056.2412000012, 1952313.2686], [953869.7952000009, 1952342.7899999984], [953827.9291000023, 1953064.356000001], [954050.0412000008, 1953089.971500005], [954071.3879187545, 1953091.0110000018]]]}, "properties": {"x": "954952", "y": "1952989", "adm_cd": "11010610", "adm_nm": "서울특별시 종로구 종로1·2·3·4가동"}}, {"type": "Feature", "geometry": {"type": "Polygon", "coordinates": [[[956606.8105000004, 1953149.9732000008], [956595.8745999997, 1953104.4072000019], [956591.0705000025, 1953082.7396000032], [956592.705900002, 1953045.8075000006], [956626.3001000017, 1952722.6194000025], [956630.5131000013, 1952705.767200004], [956630.8133000006, 1952704.6919999986], [956699.5155000007, 1952581.760000005], [956732.1567000018, 1952379.729600002], [956714.4954000021, 1952379.1687999996], [956435.353200002, 1952365.912599998], [956139.0715000008, 1952367.0019999996], [955992.828500001, 1952359.0613999988], [955882.4389000016, 1952500.828199999], [955678.1640999998, 1952821.6726000006], [955673.790700002, 1952833.700400003], [955673.3807000008, 1952835.2019999987], [955668.1544000015, 1952858.311199999], [955668.1461000015, 1952877.4270000018], [955668.274500001, 1952880.9712000014], [955669.4237000007, 1952890.6733999997], [955805.2385000011, 1953072.7232000008], [955970.5723000006, 1952961.9388000017], [955984.0871000009, 1952959.641799998], [955987.7092000004, 1952959.9235999999], [956056.0672000014, 1952986.6578000018], [956161.8928000014, 1953029.0796000012], [956424.709900001, 1953118.8516000002], [956500.9127000016, 1953140.9246000012], [956504.0121000003, 1953141.7658000002], [956520.3531000004, 1953143.796800003], [956521.3951000018, 1953143.924800003], [956532.6767999995, 1953145.3064000066], [956553.3525000014, 1953147.7458000015], [956572.422500002, 1953149.9918000028], [956605.8207000023, 1953153.8940000003], [956606.8105000004, 1953149.9732000008]]]}, "properties": {"x": "956228", "y": "1952725", "adm_cd": "11010630", "adm_nm": "서울특별시 종로구 종로5·6가동"}}, {"type": "Feature", "geometry": {"type": "Polygon", "coordinates": [[[956365.8905000014, 1954112.1870000004], [956434.4730000016, 1954130.2504000033], [956614.9812000003, 1953566.2781999996], [956605.8207000023, 1953153.8940000003], [956572.422500002, 1953149.9918000028], [956553.3525000014, 1953147.7458000015], [956532.6767999995, 1953145.3064000066], [956521.3951000018, 1953143.924800003], [956520.3531000004, 1953143.796800003], [956504.0121000003, 1953141.7658000002], [956500.9127000016, 1953140.9246000012], [956424.709900001, 1953118.8516000002], [956161.8928000014, 1953029.0796000012], [956056.0672000014, 1952986.6578000018], [955987.7092000004, 1952959.9235999999], [955984.0871000009, 1952959.641799998], [955970.5723000006, 1952961.9388000017], [955805.2385000011, 1953072.7232000008], [955599.8585000016, 1953178.601000002], [955574.5205000011, 1953286.3007999999], [955564.560700001, 1953329.1678], [955563.7137000023, 1953332.869000002], [955562.0171000017, 1953341.6666000003], [955553.8701000008, 1953384.247], [955527.6065000019, 1953582.5942000058], [955526.8727000011, 1953594.2315999987], [955528.7310000018, 1953620.8020000067], [955530.7180000024, 1953631.8444000054], [955536.1279000007, 1953642.953600003], [955840.0152000013, 1953645.337600001], [955907.6502000018, 1953665.5309999995], [955935.3839000002, 1953674.1906000033], [956023.6289000013, 1953715.0688000005], [956019.8436000003, 1953726.9518000055], [956008.5633000007, 1953777.1234000023], [956000.4433000004, 1953840.4160000004], [956002.2051000018, 1953853.538800002], [956004.4946000001, 1953869.983200003], [956233.9923000012, 1954091.0351999989], [956311.8591000021, 1954143.1814000004], [956365.8905000014, 1954112.1870000004]]]}, "properties": {"x": "956134", "y": "1953491", "adm_cd": "11010640", "adm_nm": "서울특별시 종로구 이화동"}}, {"type": "Feature", "geometry": {"type": "Polygon", "coordinates": [[[957220.5330999999, 1953147.9975999997], [957227.5455000009, 1952745.0254000006], [957230.0316000023, 1952553.515000003], [957234.4069000012, 1952546.4416000005], [957237.8861000001, 1952540.8170000003], [957263.9115000023, 1952534.7951999987], [957328.4449, 1952525.7851999984], [957526.3300000022, 1952513.4697999991], [957376.9033000006, 1952410.3574000034], [956732.1567000018, 1952379.729600002], [956699.5155000007, 1952581.760000005], [956873.5831000006, 1952632.4754000024], [956907.4113, 1952694.463800005], [956961.0388000007, 1952923.1212000027], [956974.282400002, 1953018.7206], [957220.0132, 1953155.2413000003], [957220.5330999999, 1953147.9975999997]]]}, "properties": {"x": "957059", "y": "1952669", "adm_cd": "11010670", "adm_nm": "서울특별시 종로구 창신1동"}}, {"type": "Feature", "geometry": {"type": "Polygon", "coordinates": [[[956818.5675000007, 1953433.2689999996], [956974.282400002, 1953018.7206], [956961.0388000007, 1952923.1212000027], [956907.4113, 1952694.463800005], [956873.5831000006, 1952632.4754000024], [956699.5155000007, 1952581.760000005], [956630.8133000006, 1952704.6919999986], [956630.5131000013, 1952705.767200004], [956626.3001000017, 1952722.6194000025], [956592.705900002, 1953045.8075000006], [956591.0705000025, 1953082.7396000032], [956595.8745999997, 1953104.4072000019], [956606.8105000004, 1953149.9732000008], [956605.8207000023, 1953153.8940000003], [956614.9812000003, 1953566.2781999996], [956780.2724000005, 1953542.9304000027], [956818.5675000007, 1953433.2689999996]]]}, "properties": {"x": "956753", "y": "1953055", "adm_cd": "11010680", "adm_nm": "서울특별시 종로구 창신2동"}}, {"type": "Feature", "geometry": {"type": "Polygon", "coordinates": [[[957163.5871000015, 1953710.718600001], [957220.0132, 1953155.2413000003], [956974.282400002, 1953018.7206], [956818.5675000007, 1953433.2689999996], [956780.2724000005, 1953542.9304000027], [957155.3212000019, 1953768.268800002], [957163.5871000015, 1953710.718600001]]]}, "properties": {"x": "957017", "y": "1953496", "adm_cd": "11010690", "adm_nm": "서울특별시 종로구 창신3동"}}, {"type": "Feature", "geometry": {"type": "Polygon", "coordinates": [[[957170.429, 1953761.4314000015], [957286.4389000016, 1953723.276500002], [957338.2807000021, 1953646.350199998], [957420.7411000018, 1953468.1538000004], [957508.5498000016, 1953235.1660000016], [957525.1059000011, 1953178.730400002], [957542.8784999999, 1952927.2328000013], [957542.8677000019, 1952925.1876], [957542.5985000005, 1952923.626599999], [957525.1261000009, 1952834.8892000013], [957501.1309000005, 1952813.226000002], [957417.4637000021, 1952780.731800002], [957344.5501000003, 1952759.5690000027], [957238.2405000024, 1952733.3118000026], [957227.5455000009, 1952745.0254000006], [957220.5330999999, 1953147.9975999997], [957220.0132, 1953155.2413000003], [957163.5871000015, 1953710.718600001], [957155.3212000019, 1953768.268800002], [957163.0799000007, 1953771.0719000022], [957170.429, 1953761.4314000015]]]}, "properties": {"x": "957344", "y": "1953213", "adm_cd": "11010700", "adm_nm": "서울특별시 종로구 숭인1동"}}, {"type": "Feature", "geometry": {"type": "Polygon", "coordinates": [[[957778.0109000013, 1953383.2534999987], [957893.9454000012, 1953289.079500003], [957910.2107000013, 1952611.1302000028], [957890.3856000004, 1952616.745500002], [957526.3300000022, 1952513.4697999991], [957328.4449, 1952525.7851999984], [957263.9115000023, 1952534.7951999987], [957237.8861000001, 1952540.8170000003], [957234.4069000012, 1952546.4416000005], [957230.0316000023, 1952553.515000003], [957227.5455000009, 1952745.0254000006], [957238.2405000024, 1952733.3118000026], [957344.5501000003, 1952759.5690000027], [957417.4637000021, 1952780.731800002], [957501.1309000005, 1952813.226000002], [957525.1261000009, 1952834.8892000013], [957542.5985000005, 1952923.626599999], [957542.8677000019, 1952925.1876], [957542.8784999999, 1952927.2328000013], [957525.1059000011, 1953178.730400002], [957508.5498000016, 1953235.1660000016], [957778.0109000013, 1953383.2534999987]]]}, "properties": {"x": "957647", "y": "1952881", "adm_cd": "11010710", "adm_nm": "서울특별시 종로구 숭인2동"}}, {"type": "Feature", "geometry": {"type": "Polygon", "coordinates": [[[953343.3907000022, 1955051.0344000012], [953528.0709000016, 1955004.3452000017], [953542.6441000011, 1954966.7484], [953623.4077000004, 1954760.2056000037], [953700.0029000015, 1954605.0720000009], [953809.6569000001, 1954552.0344000016], [954010.7759000007, 1954340.9053999996], [954018.4059000015, 1954319.5669000018], [954050.0969000007, 1954191.8146000016], [954052.0085000021, 1954179.229], [954055.1624, 1954140.7964000015], [954055.3569000002, 1954138.3092000005], [954061.7250000016, 1953427.4453999992], [954050.0412000008, 1953089.971500005], [953827.9291000023, 1953064.356000001], [953824.8095000015, 1953060.9707999988], [953780.8709000006, 1953060.2537999977], [953604.7773000007, 1953087.3618000008], [953593.0587000021, 1953095.3082000013], [953592.2802000013, 1953095.8732999994], [953560.7759000007, 1953253.4264000023], [953558.4475000019, 1953280.5308000054], [953557.2583000017, 1953294.7148000004], [953556.2793000014, 1953306.7237000002], [953553.9323000009, 1953335.741399999], [953546.8492000003, 1953453.5376], [953546.6616000019, 1953456.2476000013], [953422.2663000005, 1953472.6400000034], [953343.7613000025, 1953481.5124000018], [953338.3066999998, 1953481.6045], [953315.2471000012, 1953478.3640000005], [953315.0589000012, 1953478.3370999987], [953312.3029000005, 1953477.930600001], [952857.5053000008, 1953396.2418000004], [952737.9579000011, 1953347.2332000001], [952544.7578, 1953355.1140000005], [952512.8654000014, 1953361.682800001], [952496.8421000002, 1953366.389000005], [952486.4326000016, 1953369.7240000018], [952417.1027000017, 1953396.614200003], [952298.1443000012, 1953539.6062000017], [952073.3755000022, 1953525.3278000015], [952131.3771000009, 1954078.2950999998], [952133.329900001, 1954096.7675000005], [952296.4641000006, 1954209.1388000015], [952392.2743000013, 1954240.090800004], [952394.2825000007, 1954241.0298000018], [952451.0039000013, 1954268.3716000025], [952522.9549000005, 1954304.2095999995], [952605.290500001, 1954409.6598000005], [952627.4593000009, 1954440.5298000006], [952696.2884999999, 1954541.5812000013], [952700.1957000005, 1954550.3551999996], [952700.6878000007, 1954572.8335999986], [952699.6105000011, 1954575.8190000006], [952698.3697000016, 1954579.2563999991], [952694.440700001, 1954590.2874000007], [952692.1277000012, 1954599.0368], [952692.0427000001, 1954599.3586000018], [952689.3761000016, 1954628.4409999987], [952689.5649000008, 1954643.036999999], [952689.5777000008, 1954644.0232000018], [952731.1141000016, 1954753.5476000002], [952735.5894999999, 1954760.8151999998], [952741.2749000017, 1954770.0476000004], [952930.4579000017, 1954985.9648000023], [953038.9743000017, 1955042.6758000022], [953047.2263000016, 1955044.763200003], [953343.3907000022, 1955051.0344000012]]]}, "properties": {"x": "953198", "y": "1954025", "adm_cd": "11010720", "adm_nm": "서울특별시 종로구 청운효자동"}}, {"type": "Feature", "geometry": {"type": "Polygon", "coordinates": [[[955722.8886000013, 1954903.631599999], [955795.6795000001, 1954885.8836000059], [956003.129200001, 1954723.4432000045], [956002.2207000005, 1954721.6177999983], [956001.5287000001, 1954720.2270000014], [955995.420900001, 1954707.7620000017], [955994.3269000005, 1954705.440800003], [955987.3993000007, 1954689.2045999998], [955987.6263000001, 1954644.5928000023], [956053.1067000015, 1954535.8445999995], [956064.3225000006, 1954521.5221999995], [956216.8461000004, 1954375.3695999987], [956434.4730000016, 1954130.2504000033], [956365.8905000014, 1954112.1870000004], [956311.8591000021, 1954143.1814000004], [956233.9923000012, 1954091.0351999989], [956004.4946000001, 1953869.983200003], [956002.2051000018, 1953853.538800002], [956000.4433000004, 1953840.4160000004], [956008.5633000007, 1953777.1234000023], [956019.8436000003, 1953726.9518000055], [956023.6289000013, 1953715.0688000005], [955935.3839000002, 1953674.1906000033], [955907.6502000018, 1953665.5309999995], [955840.0152000013, 1953645.337600001], [955536.1279000007, 1953642.953600003], [955540.6942000005, 1953658.7454000001], [955547.7645000011, 1953693.792000002], [955549.4055000006, 1953738.5558000011], [955543.7008999998, 1953792.298200001], [955504.4755000011, 1953894.6294000028], [955291.5861000007, 1954249.6854000017], [955262.8149000008, 1954293.7917999986], [955236.5975000012, 1954332.8612000002], [954932.1141000001, 1954355.3966000054], [954813.7101000007, 1954337.5387999993], [954768.0545000017, 1954330.4889999991], [954894.7949000006, 1954614.5800000017], [954899.1381000017, 1954728.1104000006], [954895.0798000017, 1954790.2462000013], [954949.0908000014, 1954791.3601000032], [955293.3669000011, 1954819.9356], [955562.8823000004, 1954869.0794000002], [955722.8886000013, 1954903.631599999]]]}, "properties": {"x": "955635", "y": "1954339", "adm_cd": "11010730", "adm_nm": "서울특별시 종로구 혜화동"}}, {"type": "Feature", "geometry": {"type": "Polygon", "coordinates": [[[953700.6707000004, 1952337.8998000026], [953683.5352999998, 1952225.647800002], [953698.1983000011, 1952167.308600003], [953704.2887000015, 1952158.9382000025], [953868.316300001, 1951953.9184000047], [954009.727100001, 1951873.0497999997], [954052.3945000015, 1951913.2226000037], [954052.4297000009, 1951962.865000004], [954050.3241, 1951975.443300007], [954079.9737000002, 1951977.0472000036], [954086.3761000009, 1951977.3932000005], [954158.5271000015, 1951979.1716000037], [954212.9401000009, 1951980.5125999993], [954320.318500001, 1951983.157600002], [954286.6747000017, 1951720.5031000003], [954282.7955000005, 1951705.1256000022], [954275.1531000014, 1951683.4222000008], [954263.3535000014, 1951650.4438999998], [954254.5545000002, 1951627.9528000017], [954244.4355000004, 1951606.912100004], [954208.0663000008, 1951535.5426000007], [954207.2743000019, 1951534.0286000022], [954206.1373000005, 1951531.8551999994], [954196.5389000007, 1951519.2326999994], [954196.3397000008, 1951518.9709], [954185.6921000017, 1951505.8823000034], [954182.3911000015, 1951502.2410000027], [954177.3979000021, 1951497.8052000008], [954161.4155000013, 1951483.5333999991], [954154.5755000015, 1951477.965600001], [954116.0961, 1951456.207000002], [954101.1627000009, 1951449.5612000038], [953660.479500001, 1951272.373800001], [953544.4407000022, 1951288.0928000025], [953330.175500002, 1951270.3008000029], [953311.2045000009, 1951267.0838000027], [953275.4407000005, 1951248.1194000025], [953267.8839000016, 1951244.1122000015], [953192.3441000013, 1951533.8638000027], [953144.4168, 1951534.427800001], [952902.6825000016, 1951962.2816000003], [953116.1629999998, 1952230.3815000027], [953696.6157000018, 1952352.8492000022], [953700.6707000004, 1952337.8998000026]]]}, "properties": {"x": "953582", "y": "1951771", "adm_cd": "11020520", "adm_nm": "서울특별시 중구 소공동"}}, {"type": "Feature", "geometry": {"type": "Polygon", "coordinates": [[[954212.8123000008, 1951434.6065999996], [954242.5667000024, 1951381.3926000013], [954249.8019000014, 1951368.4524000022], [954271.9551000004, 1951306.9048000013], [954356.5885000012, 1951055.2406000006], [954357.2953000015, 1951051.9170000013], [954428.2647000016, 1950860.5892000017], [954497.1241000015, 1950845.0006000018], [954547.9377000016, 1950608.662900001], [954419.6675000016, 1950537.3226000043], [954087.764500001, 1950574.4671999984], [953957.5407000018, 1950559.8820000004], [953964.056900002, 1950654.0248000007], [953963.9175000025, 1950654.2752000047], [953963.7469000013, 1950654.5569999998], [953828.9529000013, 1950757.5163999996], [953828.5323000018, 1950757.7994], [953766.1219000015, 1950781.4576000015], [953765.954300001, 1950781.2475999992], [953754.1243000025, 1950544.7712000017], [953746.8383000009, 1950549.4445999989], [953717.6166000012, 1950568.1869000015], [953707.7505000016, 1950574.5147999986], [953701.5743000011, 1950578.4760000021], [953701.4337000011, 1950578.5396000003], [953447.378700002, 1950686.0669999993], [953345.1039000005, 1950670.7916000006], [953345.1195000014, 1950670.6319999993], [953345.1095000003, 1950670.4724000022], [953345.0741000012, 1950670.3161999988], [953345.0141000007, 1950670.1679999991], [953344.9313000015, 1950670.0308000017], [953344.827700001, 1950669.9091999982], [953344.7057000004, 1950669.8052000003], [953344.6709000005, 1950669.78], [953336.3413000017, 1950663.7519999994], [953336.298100001, 1950663.7226000018], [953326.9447000008, 1950657.795200001], [953326.8849000003, 1950657.7598000015], [953314.0199000007, 1950650.8016000013], [953313.9297000016, 1950650.7588], [953297.7203000013, 1950644.1678000018], [953297.654700001, 1950644.1436000024], [953286.0359000012, 1950640.3408000018], [953285.942000001, 1950640.3152000017], [953274.0045000009, 1950637.7548000007], [953273.9253000016, 1950637.7407999998], [953257.3077000001, 1950635.615199999], [953257.2149000019, 1950635.6078000013], [953238.571900002, 1950635.1687999996], [953238.4896000009, 1950635.1702], [953225.5833000016, 1950636.1110000024], [953225.521700001, 1950636.1173999992], [953225.4491000003, 1950636.1298000019], [953208.5529, 1950639.7052000016], [953208.4969000015, 1950639.7188000027], [953190.9117000015, 1950644.6652000034], [953190.8735000012, 1950644.6767999984], [953190.7989000009, 1950644.7041999984], [953177.2691000011, 1950650.3210000014], [953177.2335000022, 1950650.3368000044], [953168.2969000018, 1950654.5177999986], [953168.2349000017, 1950654.5494000004], [953157.9665000013, 1950660.4375999998], [953157.8329000014, 1950660.529000002], [953128.6609000004, 1950682.8037999999], [953114.3748000017, 1950746.852000001], [953114.2217000001, 1950746.9989000014], [953115.9945000014, 1950834.0535000036], [953119.2853000006, 1950931.1857999996], [953122.3053000004, 1951010.7284], [953144.4365000017, 1951227.873400006], [953250.7571000018, 1951242.7948000017], [953254.1523000007, 1951243.0566000012], [953267.8839000016, 1951244.1122000015], [953275.4407000005, 1951248.1194000025], [953311.2045000009, 1951267.0838000027], [953330.175500002, 1951270.3008000029], [953544.4407000022, 1951288.0928000025], [953660.479500001, 1951272.373800001], [954101.1627000009, 1951449.5612000038], [954116.0961, 1951456.207000002], [954154.5755000015, 1951477.965600001], [954161.4155000013, 1951483.5333999991], [954177.3979000021, 1951497.8052000008], [954212.8123000008, 1951434.6065999996]]]}, "properties": {"x": "953823", "y": "1950941", "adm_cd": "11020540", "adm_nm": "서울특별시 중구 회현동"}}, {"type": "Feature", "geometry": {"type": "Polygon", "coordinates": [[[953765.2244000011, 1952346.0878000045], [953869.7952000009, 1952342.7899999984], [954056.2412000012, 1952313.2686], [954665.1633000011, 1952220.071200001], [954804.487900001, 1952208.3984000022], [954805.8927000011, 1952208.2978000003], [954819.5233000005, 1952207.443800008], [954866.5229000023, 1952204.6026000064], [954867.1475000004, 1952204.5991999994], [954868.7399000011, 1952204.5908000008], [954915.0059000021, 1952204.7822000012], [954923.7223000014, 1952205.080000001], [954927.5815000025, 1952205.2151000025], [954961.5313000006, 1952206.9716000024], [954975.2331000001, 1952207.7114000025], [955040.0185000002, 1952214.6745000002], [955033.4501000014, 1952109.3334000008], [954884.9323000021, 1951888.4718], [954884.6070999999, 1951888.4252000032], [954883.3147000009, 1951888.2406000013], [954873.1669000004, 1951887.0048000023], [954866.9139, 1951886.3782000002], [954863.1541000003, 1951886.3682000032], [954853.2351000016, 1951886.4208000016], [954846.0857000004, 1951887.738199999], [954844.2165000008, 1951888.1180000037], [954837.0115000007, 1951889.8756000013], [954836.3257000016, 1951886.7004000014], [954830.7573000018, 1951851.9198000005], [954830.7057000002, 1951851.4381999997], [954829.6439000007, 1951839.0218000012], [954829.3343000017, 1951835.4014000027], [954828.0633000012, 1951814.9374000002], [954828.0565000004, 1951814.7638000026], [954828.0541000012, 1951814.5285999998], [954828.3199000001, 1951794.9478000049], [954834.7627000008, 1951692.2329999986], [954861.4080999997, 1951648.2888000067], [954870.4219000018, 1951639.453400001], [954907.7039000022, 1951623.4930000023], [954930.3739000014, 1951623.1940000039], [954948.0923000015, 1951623.009800001], [954950.0545000014, 1951622.9994000029], [954986.5627000008, 1951632.5222000012], [955006.2649000012, 1951434.7127000047], [954687.7789000021, 1951009.0446000034], [954684.4615000018, 1951005.5034000021], [954497.1241000015, 1950845.0006000018], [954428.2647000016, 1950860.5892000017], [954357.2953000015, 1951051.9170000013], [954356.5885000012, 1951055.2406000006], [954271.9551000004, 1951306.9048000013], [954249.8019000014, 1951368.4524000022], [954242.5667000024, 1951381.3926000013], [954212.8123000008, 1951434.6065999996], [954177.3979000021, 1951497.8052000008], [954182.3911000015, 1951502.2410000027], [954185.6921000017, 1951505.8823000034], [954196.3397000008, 1951518.9709], [954196.5389000007, 1951519.2326999994], [954206.1373000005, 1951531.8551999994], [954207.2743000019, 1951534.0286000022], [954208.0663000008, 1951535.5426000007], [954244.4355000004, 1951606.912100004], [954254.5545000002, 1951627.9528000017], [954263.3535000014, 1951650.4438999998], [954275.1531000014, 1951683.4222000008], [954282.7955000005, 1951705.1256000022], [954286.6747000017, 1951720.5031000003], [954320.318500001, 1951983.157600002], [954212.9401000009, 1951980.5125999993], [954158.5271000015, 1951979.1716000037], [954086.3761000009, 1951977.3932000005], [954079.9737000002, 1951977.0472000036], [954050.3241, 1951975.443300007], [954052.4297000009, 1951962.865000004], [954052.3945000015, 1951913.2226000037], [954009.727100001, 1951873.0497999997], [953868.316300001, 1951953.9184000047], [953704.2887000015, 1952158.9382000025], [953698.1983000011, 1952167.308600003], [953683.5352999998, 1952225.647800002], [953700.6707000004, 1952337.8998000026], [953696.6157000018, 1952352.8492000022], [953765.2244000011, 1952346.0878000045]]]}, "properties": {"x": "954563", "y": "1951725", "adm_cd": "11020550", "adm_nm": "서울특별시 중구 명동"}}, {"type": "Feature", "geometry": {"type": "Polygon", "coordinates": [[[955087.0521000008, 1951668.259000001], [955265.5887000023, 1951636.0302000006], [955257.5951000014, 1951596.8062000046], [955276.6953000007, 1951512.4308999998], [955287.0286999999, 1951493.8109000009], [955329.8093000005, 1951455.672600001], [955429.6281000007, 1951472.2868000043], [955718.6177000022, 1951550.2951999996], [955743.2431000005, 1951557.3479999984], [955750.6997000014, 1951559.4866000034], [955803.7481000009, 1951574.7656000042], [955853.0680000014, 1951589.3516000016], [955911.4221000012, 1951606.6094000023], [955924.9847000012, 1951610.8576000012], [955945.3685000014, 1951617.242600001], [955927.2155000009, 1951383.504600001], [956079.2583000013, 1951137.326400003], [956134.7963000012, 1951165.0058000018], [956139.7185000026, 1951159.8966000034], [956143.3819000019, 1951156.0936000007], [956156.0295000016, 1951142.3756000032], [956175.0255000009, 1951100.0006000025], [956161.1399000006, 1950958.2930000012], [956155.373300002, 1950928.1716000037], [956059.6525000012, 1950838.7141999998], [955976.3189000015, 1950808.1166000017], [955862.7925000022, 1950772.5062000034], [955710.9555000004, 1950663.8124000013], [955703.4971000019, 1950638.8478000043], [955696.7255000013, 1950583.528200001], [955605.7795000013, 1950333.7168], [955516.9067000018, 1950396.2658000027], [955405.7733000005, 1950444.6762000017], [955344.7985000006, 1950446.7558000009], [955323.1335000012, 1950424.4534000014], [955179.6751000008, 1950270.4495999997], [955158.0720000004, 1950202.096], [954841.5192000008, 1950365.3821000005], [954750.3901000025, 1950357.7140000002], [954547.9377000016, 1950608.662900001], [954497.1241000015, 1950845.0006000018], [954684.4615000018, 1951005.5034000021], [954687.7789000021, 1951009.0446000034], [955006.2649000012, 1951434.7127000047], [954986.5627000008, 1951632.5222000012], [955087.0521000008, 1951668.259000001]]]}, "properties": {"x": "955312", "y": "1950944", "adm_cd": "11020570", "adm_nm": "서울특별시 중구 필동"}}, {"type": "Feature", "geometry": {"type": "Polygon", "coordinates": [[[956475.3005000013, 1951709.2124], [956686.9791000014, 1951631.6007999997], [956668.4139, 1951523.1800000055], [956671.6085000008, 1951382.7380000027], [956562.1957000021, 1951039.081000002], [956381.3131000011, 1950781.6621999992], [956298.5375000001, 1950695.9864000063], [956283.9255000013, 1950679.4696], [956283.601500002, 1950679.1032000012], [956234.6979000007, 1950609.9924000027], [956170.6239000019, 1950406.3782000018], [956168.9673000014, 1950401.0506000046], [956174.0571000013, 1950355.0237999994], [956175.7871000012, 1950339.3796000006], [956207.7725000001, 1950230.6484000017], [956207.8201000022, 1950230.5407999991], [956214.4063000017, 1950215.672199999], [956216.2151000013, 1950211.594800001], [956066.3471000001, 1950149.9952000035], [955905.8151000019, 1950174.2694000024], [955737.8073000017, 1950168.6960000019], [955688.1169000019, 1950158.5623999997], [955686.1489000025, 1950157.9167999984], [955627.2263000018, 1950121.274000005], [955606.6781000015, 1950098.8604000006], [955546.1697000011, 1950028.3941999995], [955546.5975000006, 1949997.0916000037], [955545.7207000006, 1949967.2631999985], [955541.2727000001, 1949950.1992000001], [955510.8335000004, 1949909.5948000012], [955442.2735000008, 1949893.3082000017], [955418.5017000018, 1949887.6904000062], [955411.7617000005, 1949886.0977999992], [955410.8246000016, 1949886.0411000026], [955244.1021000013, 1950068.4006000017], [955158.0720000004, 1950202.096], [955179.6751000008, 1950270.4495999997], [955323.1335000012, 1950424.4534000014], [955344.7985000006, 1950446.7558000009], [955405.7733000005, 1950444.6762000017], [955516.9067000018, 1950396.2658000027], [955605.7795000013, 1950333.7168], [955696.7255000013, 1950583.528200001], [955703.4971000019, 1950638.8478000043], [955710.9555000004, 1950663.8124000013], [955862.7925000022, 1950772.5062000034], [955976.3189000015, 1950808.1166000017], [956059.6525000012, 1950838.7141999998], [956155.373300002, 1950928.1716000037], [956161.1399000006, 1950958.2930000012], [956175.0255000009, 1951100.0006000025], [956156.0295000016, 1951142.3756000032], [956143.3819000019, 1951156.0936000007], [956139.7185000026, 1951159.8966000034], [956134.7963000012, 1951165.0058000018], [956079.2583000013, 1951137.326400003], [955927.2155000009, 1951383.504600001], [955945.3685000014, 1951617.242600001], [956062.0941000024, 1951569.6356000025], [956076.0801000006, 1951568.5318000007], [956089.2841000012, 1951567.7423999987], [956097.7777000027, 1951567.887000003], [956330.9479000021, 1951572.7190000005], [956385.9921000005, 1951623.9099999995], [956475.3005000013, 1951709.2124]]]}, "properties": {"x": "955918", "y": "1950576", "adm_cd": "11020580", "adm_nm": "서울특별시 중구 장충동"}}, {"type": "Feature", "geometry": {"type": "Polygon", "coordinates": [[[956729.5413000011, 1952329.8050000004], [956887.0729000001, 1952144.3948000022], [956891.0291000011, 1952128.485800001], [956893.6388999998, 1952105.2746000048], [956897.759300001, 1952016.6908000023], [956852.146500001, 1951954.9836000022], [956724.041700002, 1951711.907600006], [956686.9791000014, 1951631.6007999997], [956475.3005000013, 1951709.2124], [956385.9921000005, 1951623.9099999995], [956330.9479000021, 1951572.7190000005], [956097.7777000027, 1951567.887000003], [956089.2841000012, 1951567.7423999987], [956076.0801000006, 1951568.5318000007], [956062.0941000024, 1951569.6356000025], [955945.3685000014, 1951617.242600001], [955924.9847000012, 1951610.8576000012], [955911.4221000012, 1951606.6094000023], [955853.0680000014, 1951589.3516000016], [955803.7481000009, 1951574.7656000042], [955750.6997000014, 1951559.4866000034], [955743.2431000005, 1951557.3479999984], [955718.6177000022, 1951550.2951999996], [955429.6281000007, 1951472.2868000043], [955329.8093000005, 1951455.672600001], [955287.0286999999, 1951493.8109000009], [955276.6953000007, 1951512.4308999998], [955257.5951000014, 1951596.8062000046], [955265.5887000023, 1951636.0302000006], [955404.8413000009, 1951867.4318000025], [955434.2037000015, 1951906.593400001], [955673.2083000015, 1951961.4700000011], [955982.423700002, 1951951.4710000018], [955985.1771000016, 1951907.7748000016], [955985.275500002, 1951906.212600002], [956125.8993000016, 1951886.7885999987], [956233.8809000012, 1952060.8771999995], [956269.8997000004, 1952127.0544000021], [956274.5973000017, 1952135.9871999985], [956278.0739000015, 1952143.3362000056], [956280.1435000018, 1952147.8934000023], [956278.2531000013, 1952194.8196000066], [956280.2528999997, 1952270.661400002], [956285.8105000015, 1952279.2300000032], [956322.9131000002, 1952327.9908000005], [956328.2401000003, 1952331.0560000008], [956435.353200002, 1952365.912599998], [956714.4954000021, 1952379.1687999996], [956729.5413000011, 1952329.8050000004]]]}, "properties": {"x": "956170", "y": "1951862", "adm_cd": "11020590", "adm_nm": "서울특별시 중구 광희동"}}, {"type": "Feature", "geometry": {"type": "Polygon", "coordinates": [[[956139.0715000008, 1952367.0019999996], [956435.353200002, 1952365.912599998], [956328.2401000003, 1952331.0560000008], [956322.9131000002, 1952327.9908000005], [956285.8105000015, 1952279.2300000032], [956280.2528999997, 1952270.661400002], [956278.2531000013, 1952194.8196000066], [956280.1435000018, 1952147.8934000023], [956278.0739000015, 1952143.3362000056], [956274.5973000017, 1952135.9871999985], [956269.8997000004, 1952127.0544000021], [956233.8809000012, 1952060.8771999995], [956125.8993000016, 1951886.7885999987], [955985.275500002, 1951906.212600002], [955985.1771000016, 1951907.7748000016], [955982.423700002, 1951951.4710000018], [955673.2083000015, 1951961.4700000011], [955434.2037000015, 1951906.593400001], [955404.8413000009, 1951867.4318000025], [955265.5887000023, 1951636.0302000006], [955087.0521000008, 1951668.259000001], [954986.5627000008, 1951632.5222000012], [954950.0545000014, 1951622.9994000029], [954948.0923000015, 1951623.009800001], [954930.3739000014, 1951623.1940000039], [954907.7039000022, 1951623.4930000023], [954870.4219000018, 1951639.453400001], [954861.4080999997, 1951648.2888000067], [954834.7627000008, 1951692.2329999986], [954828.3199000001, 1951794.9478000049], [954828.0541000012, 1951814.5285999998], [954828.0565000004, 1951814.7638000026], [954828.0633000012, 1951814.9374000002], [954829.3343000017, 1951835.4014000027], [954829.6439000007, 1951839.0218000012], [954830.7057000002, 1951851.4381999997], [954830.7573000018, 1951851.9198000005], [954836.3257000016, 1951886.7004000014], [954837.0115000007, 1951889.8756000013], [954844.2165000008, 1951888.1180000037], [954846.0857000004, 1951887.738199999], [954853.2351000016, 1951886.4208000016], [954863.1541000003, 1951886.3682000032], [954866.9139, 1951886.3782000002], [954873.1669000004, 1951887.0048000023], [954883.3147000009, 1951888.2406000013], [954884.6070999999, 1951888.4252000032], [954884.9323000021, 1951888.4718], [955033.4501000014, 1952109.3334000008], [955040.0185000002, 1952214.6745000002], [955509.2111000007, 1952261.2960000029], [955538.1877000018, 1952264.5050000018], [955573.4587000017, 1952269.2215999998], [955610.6953000017, 1952274.2208000033], [955665.1233000008, 1952282.1790000005], [955689.1711000018, 1952287.0186000024], [955716.9109000006, 1952292.9002000012], [955733.048900001, 1952296.5011999984], [955752.7217000017, 1952300.9892000016], [955756.0707000012, 1952301.7618000018], [955774.8185000004, 1952306.087999999], [955827.6637000004, 1952318.8348000003], [955843.8667000018, 1952322.7784000032], [955992.828500001, 1952359.0613999988], [956139.0715000008, 1952367.0019999996]]]}, "properties": {"x": "955538", "y": "1952243", "adm_cd": "11020600", "adm_nm": "서울특별시 중구 을지로동"}}, {"type": "Feature", "geometry": {"type": "Polygon", "coordinates": [[[957709.3435000011, 1951913.5714000016], [957925.901700001, 1951866.444000002], [958207.0575000007, 1951837.8840999994], [958205.9087000003, 1951762.4080000026], [958200.6837000006, 1951715.8454000005], [958195.7651000015, 1951695.8834000025], [958193.2223000012, 1951685.5648000012], [958184.8815000006, 1951664.4810000013], [958166.2015000011, 1951633.0331999995], [958151.2941000015, 1951608.5139], [958131.7321000017, 1951577.3753], [957906.3587000003, 1951370.5883000006], [957535.8093000012, 1951656.6100000024], [957254.2259000018, 1951750.5754000028], [957441.224500001, 1951909.8696], [957709.3435000011, 1951913.5714000016]]]}, "properties": {"x": "957792", "y": "1951886", "adm_cd": "11020650", "adm_nm": "서울특별시 중구 신당5동"}}, {"type": "Feature", "geometry": {"type": "Polygon", "coordinates": [[[957890.3856000004, 1952616.745500002], [957910.2107000013, 1952611.1302000028], [957912.8272000018, 1952610.3775000018], [957925.901700001, 1951866.444000002], [957709.3435000011, 1951913.5714000016], [957441.224500001, 1951909.8696], [957412.1471000004, 1952375.1108000027], [957376.9033000006, 1952410.3574000034], [957526.3300000022, 1952513.4697999991], [957890.3856000004, 1952616.745500002]]]}, "properties": {"x": "957684", "y": "1952329", "adm_cd": "11020670", "adm_nm": "서울특별시 중구 황학동"}}, {"type": "Feature", "geometry": {"type": "Polygon", "coordinates": [[[953192.3441000013, 1951533.8638000027], [953267.8839000016, 1951244.1122000015], [953254.1523000007, 1951243.0566000012], [953250.7571000018, 1951242.7948000017], [953144.4365000017, 1951227.873400006], [953122.3053000004, 1951010.7284], [953119.2853000006, 1950931.1857999996], [953115.9945000014, 1950834.0535000036], [952909.3505000016, 1950706.2536000013], [952701.9517000022, 1950570.3126000012], [952514.5201000008, 1950385.891800002], [952498.4317000001, 1950570.5157999985], [952609.4115000014, 1950968.6909999996], [952608.3323000008, 1950980.4583999987], [952608.1345000016, 1950981.4439999997], [952577.4453000014, 1951109.3329000003], [952489.6353000023, 1951147.1898000026], [952475.9547000015, 1951148.001999999], [952467.7721000018, 1951146.955800003], [952446.4175000025, 1951143.791700004], [952455.1516000014, 1951211.1750000005], [952465.962300001, 1951212.6166000024], [952490.9219000018, 1951216.014000001], [952598.6825000013, 1951231.0477000014], [952657.1560000005, 1951257.4508999994], [952658.8504000016, 1951258.2216000007], [952661.4471000019, 1951259.617200001], [952697.6859000002, 1951285.099599999], [952746.8633000017, 1951319.7273999993], [952758.2839000005, 1951327.772400002], [952800.4877000005, 1951357.6075999984], [952831.6495000012, 1951385.7462000032], [952849.0990000009, 1951401.5134000015], [952857.4667999998, 1951409.0576000046], [952871.3813000016, 1951421.5880000023], [952897.0138000005, 1951444.5714000026], [952905.9089000013, 1951452.4946], [952911.7381000017, 1951457.6866], [952965.5752000008, 1951483.5124000004], [953144.4168, 1951534.427800001], [953192.3441000013, 1951533.8638000027]]]}, "properties": {"x": "952851", "y": "1951028", "adm_cd": "11020680", "adm_nm": "서울특별시 중구 중림동"}}, {"type": "Feature", "geometry": {"type": "Polygon", "coordinates": [[[957412.1471000004, 1952375.1108000027], [957441.224500001, 1951909.8696], [957254.2259000018, 1951750.5754000028], [957057.1079000009, 1951321.1258000003], [956696.538500002, 1951516.5434000008], [956668.4139, 1951523.1800000055], [956686.9791000014, 1951631.6007999997], [956724.041700002, 1951711.907600006], [956852.146500001, 1951954.9836000022], [956897.759300001, 1952016.6908000023], [956893.6388999998, 1952105.2746000048], [956891.0291000011, 1952128.485800001], [956887.0729000001, 1952144.3948000022], [956729.5413000011, 1952329.8050000004], [956714.4954000021, 1952379.1687999996], [956732.1567000018, 1952379.729600002], [957376.9033000006, 1952410.3574000034], [957412.1471000004, 1952375.1108000027]]]}, "properties": {"x": "957064", "y": "1951933", "adm_cd": "11020690", "adm_nm": "서울특별시 중구 신당동"}}, {"type": "Feature", "geometry": {"type": "Polygon", "coordinates": [[[956696.538500002, 1951516.5434000008], [957057.1079000009, 1951321.1258000003], [956813.8463000015, 1950798.928699999], [956755.0607000007, 1950670.850600002], [956487.4301000021, 1950068.2478000028], [956483.3785000017, 1950032.7263999986], [956475.3705000007, 1950007.3796], [956472.1141000018, 1949997.0730000017], [956451.7493000007, 1949965.720600002], [956448.3169000004, 1949962.9046000005], [956426.2270999998, 1949944.7819999987], [956408.4067000014, 1949939.0262000025], [956401.5215000012, 1949936.8024000032], [956378.9241000026, 1949935.279600002], [956344.2889000004, 1949933.778599999], [956335.8989000018, 1949933.4150000014], [956335.5063000015, 1949933.4294000017], [956238.2959000018, 1950166.6096000022], [956216.2151000013, 1950211.594800001], [956214.4063000017, 1950215.672199999], [956207.8201000022, 1950230.5407999991], [956207.7725000001, 1950230.6484000017], [956175.7871000012, 1950339.3796000006], [956174.0571000013, 1950355.0237999994], [956168.9673000014, 1950401.0506000046], [956170.6239000019, 1950406.3782000018], [956234.6979000007, 1950609.9924000027], [956283.601500002, 1950679.1032000012], [956283.9255000013, 1950679.4696], [956298.5375000001, 1950695.9864000063], [956381.3131000011, 1950781.6621999992], [956562.1957000021, 1951039.081000002], [956671.6085000008, 1951382.7380000027], [956668.4139, 1951523.1800000055], [956696.538500002, 1951516.5434000008]]]}, "properties": {"x": "956575", "y": "1950735", "adm_cd": "11020700", "adm_nm": "서울특별시 중구 다산동"}}, {"type": "Feature", "geometry": {"type": "Polygon", "coordinates": [[[957008.9533000018, 1950595.9979999992], [957276.0489000002, 1950517.5732000014], [956994.5077000004, 1950190.4950000006], [956857.6423000047, 1950017.7850000048], [956824.1047000007, 1949998.6941999986], [956798.4857000019, 1949984.1112000067], [956736.6153000004, 1949968.5689999992], [956687.2697000012, 1949952.3937999995], [956654.7979000007, 1949905.2796000014], [956645.752100002, 1949885.0730000013], [956635.2651000009, 1949860.205999999], [956551.547100002, 1949635.2644000011], [956624.4543000025, 1949535.9672000022], [956593.7541000004, 1949529.4698000015], [956570.5247000016, 1949524.5536000016], [956521.7745000003, 1949515.2536000032], [956475.0629000014, 1949506.350000007], [956472.3327000004, 1949506.0210000006], [956363.2769000006, 1949646.0150000062], [956333.2386999999, 1949686.2144000023], [956275.2315000013, 1949763.8442000002], [956275.1771000008, 1949764.1637999984], [956274.7313000008, 1949766.7838000022], [956274.3079000026, 1949769.3159999999], [956303.5529000015, 1949894.270800002], [956335.5063000015, 1949933.4294000017], [956335.8989000018, 1949933.4150000014], [956344.2889000004, 1949933.778599999], [956378.9241000026, 1949935.279600002], [956401.5215000012, 1949936.8024000032], [956408.4067000014, 1949939.0262000025], [956426.2270999998, 1949944.7819999987], [956448.3169000004, 1949962.9046000005], [956451.7493000007, 1949965.720600002], [956472.1141000018, 1949997.0730000017], [956475.3705000007, 1950007.3796], [956483.3785000017, 1950032.7263999986], [956487.4301000021, 1950068.2478000028], [956755.0607000007, 1950670.850600002], [956813.8463000015, 1950798.928699999], [957008.9533000018, 1950595.9979999992]]]}, "properties": {"x": "956749", "y": "1950211", "adm_cd": "11020710", "adm_nm": "서울특별시 중구 약수동"}}, {"type": "Feature", "geometry": {"type": "Polygon", "coordinates": [[[957273.9770000016, 1951220.0333999982], [957553.0089000014, 1951006.5998000018], [957434.6001000013, 1950946.7880000006], [957407.0143000018, 1950913.7775999997], [957399.6931000007, 1950901.3650000033], [957395.7934000011, 1950892.4940999995], [957369.2177000006, 1950832.0406000023], [957342.6383000014, 1950697.775400001], [957276.0489000002, 1950517.5732000014], [957008.9533000018, 1950595.9979999992], [956813.8463000015, 1950798.928699999], [957057.1079000009, 1951321.1258000003], [957273.9770000016, 1951220.0333999982]]]}, "properties": {"x": "957159", "y": "1951034", "adm_cd": "11020720", "adm_nm": "서울특별시 중구 청구동"}}, {"type": "Feature", "geometry": {"type": "Polygon", "coordinates": [[[957535.8093000012, 1951656.6100000024], [957906.3587000003, 1951370.5883000006], [957862.9363000004, 1951052.664199999], [957572.2241000009, 1950990.9982000021], [957553.0089000014, 1951006.5998000018], [957273.9770000016, 1951220.0333999982], [957057.1079000009, 1951321.1258000003], [957254.2259000018, 1951750.5754000028], [957535.8093000012, 1951656.6100000024]]]}, "properties": {"x": "957489", "y": "1951450", "adm_cd": "11020730", "adm_nm": "서울특별시 중구 동화동"}}, {"type": "Feature", "geometry": {"type": "Polygon", "coordinates": [[[953957.5407000018, 1950559.8820000004], [954087.764500001, 1950574.4671999984], [954419.6675000016, 1950537.3226000043], [954547.9377000016, 1950608.662900001], [954750.3901000025, 1950357.7140000002], [954715.7275000003, 1950129.4125999985], [954647.9441000025, 1949964.005799999], [954416.7041000042, 1949827.6219999995], [954398.8696000017, 1949817.5044], [954396.6359000022, 1949816.2374000014], [954378.5495000007, 1949812.985599999], [954275.1131000011, 1949804.387399998], [953921.0984000011, 1949753.13], [953652.187300001, 1949708.580600002], [953630.4904000015, 1949712.9790000052], [953470.7643000018, 1949965.432399999], [953470.2647000006, 1949968.6868000003], [953494.2811000021, 1950027.5317999998], [953638.7814000007, 1950335.9892000002], [953754.1243000025, 1950544.7712000017], [953765.954300001, 1950781.2475999992], [953766.1219000015, 1950781.4576000015], [953828.5323000018, 1950757.7994], [953828.9529000013, 1950757.5163999996], [953963.7469000013, 1950654.5569999998], [953963.9175000025, 1950654.2752000047], [953964.056900002, 1950654.0248000007], [953957.5407000018, 1950559.8820000004]]]}, "properties": {"x": "954107", "y": "1950162", "adm_cd": "11030510", "adm_nm": "서울특별시 용산구 후암동"}}, {"type": "Feature", "geometry": {"type": "Polygon", "coordinates": [[[954841.5192000008, 1950365.3821000005], [955158.0720000004, 1950202.096], [955244.1021000013, 1950068.4006000017], [955087.7701000008, 1949960.467400001], [954975.131300004, 1949816.191], [954973.4433000018, 1949813.8110000016], [954802.0019000006, 1949427.8916000014], [954800.9109000011, 1949425.374600003], [954799.6586999998, 1949422.2344000028], [954799.2699000016, 1949421.1065999991], [954798.4107000001, 1949418.5732000032], [954795.9671000015, 1949409.9992000016], [954728.2060000022, 1949171.3473999992], [954647.4593000034, 1948886.2214000023], [954691.6359000015, 1948538.635400001], [954771.6762000041, 1948457.9167000013], [954782.8470000022, 1948448.869600001], [955071.4056000013, 1947946.290200002], [955083.8904000034, 1947663.6194999996], [954652.1466709103, 1947625.7417149115], [954059.2815000017, 1947557.451799999], [954064.3290000007, 1947815.203000002], [954065.696300003, 1947869.8756000013], [954077.0178000013, 1948163.8203999996], [954079.5203000006, 1948224.8247000026], [954083.5250000013, 1948294.9996000035], [954084.1194000005, 1948305.129600001], [954084.6489000042, 1948312.617000002], [954085.6703000017, 1948322.949800002], [954087.4028000021, 1948340.1254000026], [954087.8502000023, 1948343.8176000044], [954088.8732000024, 1948351.0556000022], [954100.6222000017, 1948434.1076000046], [954103.292700001, 1948452.4717999992], [954110.1479000021, 1948496.0304000024], [954112.1346000021, 1948508.1591999996], [954100.0176000015, 1948859.7741999999], [953992.3434000013, 1949492.593199999], [953980.3910000005, 1949554.3028000006], [953970.1739999999, 1949603.1738000037], [953921.0984000011, 1949753.13], [954275.1131000011, 1949804.387399998], [954378.5495000007, 1949812.985599999], [954396.6359000022, 1949816.2374000014], [954398.8696000017, 1949817.5044], [954416.7041000042, 1949827.6219999995], [954647.9441000025, 1949964.005799999], [954715.7275000003, 1950129.4125999985], [954750.3901000025, 1950357.7140000002], [954841.5192000008, 1950365.3821000005]]]}, "properties": {"x": "954358", "y": "1948827", "adm_cd": "11030520", "adm_nm": "서울특별시 용산구 용산2가동"}}, {"type": "Feature", "geometry": {"type": "Polygon", "coordinates": [[[953128.6609000004, 1950682.8037999999], [953157.8329000014, 1950660.529000002], [953157.9665000013, 1950660.4375999998], [953168.2349000017, 1950654.5494000004], [953168.2969000018, 1950654.5177999986], [953177.2335000022, 1950650.3368000044], [953177.2691000011, 1950650.3210000014], [953190.7989000009, 1950644.7041999984], [953190.8735000012, 1950644.6767999984], [953190.9117000015, 1950644.6652000034], [953208.4969000015, 1950639.7188000027], [953208.5529, 1950639.7052000016], [953225.4491000003, 1950636.1298000019], [953225.521700001, 1950636.1173999992], [953225.5833000016, 1950636.1110000024], [953238.4896000009, 1950635.1702], [953238.571900002, 1950635.1687999996], [953257.2149000019, 1950635.6078000013], [953257.3077000001, 1950635.615199999], [953273.9253000016, 1950637.7407999998], [953274.0045000009, 1950637.7548000007], [953285.942000001, 1950640.3152000017], [953286.0359000012, 1950640.3408000018], [953297.654700001, 1950644.1436000024], [953297.7203000013, 1950644.1678000018], [953313.9297000016, 1950650.7588], [953314.0199000007, 1950650.8016000013], [953326.8849000003, 1950657.7598000015], [953326.9447000008, 1950657.795200001], [953336.298100001, 1950663.7226000018], [953336.3413000017, 1950663.7519999994], [953344.6709000005, 1950669.78], [953344.7057000004, 1950669.8052000003], [953344.827700001, 1950669.9091999982], [953344.9313000015, 1950670.0308000017], [953345.0141000007, 1950670.1679999991], [953345.0741000012, 1950670.3161999988], [953345.1095000003, 1950670.4724000022], [953345.1195000014, 1950670.6319999993], [953345.1039000005, 1950670.7916000006], [953447.378700002, 1950686.0669999993], [953701.4337000011, 1950578.5396000003], [953701.5743000011, 1950578.4760000021], [953707.7505000016, 1950574.5147999986], [953717.6166000012, 1950568.1869000015], [953746.8383000009, 1950549.4445999989], [953754.1243000025, 1950544.7712000017], [953638.7814000007, 1950335.9892000002], [953494.2811000021, 1950027.5317999998], [953470.2647000006, 1949968.6868000003], [953470.7643000018, 1949965.432399999], [953630.4904000015, 1949712.9790000052], [953652.187300001, 1949708.580600002], [953921.0984000011, 1949753.13], [953970.1739999999, 1949603.1738000037], [953980.3910000005, 1949554.3028000006], [953992.3434000013, 1949492.593199999], [954100.0176000015, 1948859.7741999999], [954112.1346000021, 1948508.1591999996], [954057.0696, 1948505.8262], [954009.0614000007, 1948503.797400001], [953806.0470000013, 1948495.2492000016], [953757.4960000021, 1948493.2131999983], [953717.4292000004, 1948491.6253999984], [953690.9944000008, 1948490.7477999995], [953684.542700001, 1948490.5368000004], [953683.3678000001, 1948490.4986000003], [953645.9026000004, 1948523.1142000016], [953618.4090000021, 1948548.989500003], [953532.3211000004, 1948832.1286000041], [953527.0622000007, 1948855.3789999997], [953522.0572000002, 1948878.026300001], [953498.2828000021, 1948993.9685999982], [953470.3498000004, 1949136.1167000001], [953273.6461000013, 1949029.7167999998], [953272.5356000022, 1949300.3732000021], [953273.3716000007, 1949307.9552000016], [953276.6216000007, 1949361.5542000001], [953277.6896000016, 1949397.8241000017], [953268.6082000018, 1949754.0255000007], [953260.2866000021, 1950027.6412000023], [953258.2408000018, 1950038.2788000023], [953253.5052, 1950050.315199999], [953228.006100001, 1950103.3494000002], [953222.4449000014, 1950108.7768000003], [953211.4427000004, 1950111.7792000035], [953201.588100001, 1950114.5184000027], [953191.6074000008, 1950117.327000002], [953183.3436000019, 1950163.4165999996], [953133.1144000019, 1950448.4600000014], [953113.369700001, 1950656.911000003], [953114.3748000017, 1950746.852000001], [953128.6609000004, 1950682.8037999999]]]}, "properties": {"x": "953613", "y": "1949501", "adm_cd": "11030530", "adm_nm": "서울특별시 용산구 남영동"}}, {"type": "Feature", "geometry": {"type": "Polygon", "coordinates": [[[951700.3656000016, 1948828.2224000003], [951706.0610000002, 1948826.317400002], [951761.024800001, 1948791.0678000026], [952236.7288000007, 1948622.4931000024], [952339.9642000005, 1948624.0412000024], [952345.5893999999, 1948630.6697999993], [952347.452000001, 1948633.0090000029], [952397.5462000007, 1948372.487700006], [952318.8478000003, 1948380.4240000022], [952293.4364000002, 1948381.3849999998], [952256.6002000021, 1948377.327700003], [952054.668600001, 1948305.8855000027], [952043.8628000009, 1948301.9512000007], [952042.7540000009, 1948301.5440000026], [952019.4938000018, 1948290.4816000015], [952010.7079000014, 1948285.9277000022], [952000.2590000017, 1948280.4882], [951949.1610000008, 1948253.2042000042], [951942.1622000011, 1948248.7997999997], [951894.8816000009, 1948209.4068000005], [951843.4112000018, 1948163.6456000078], [951795.4584000017, 1948118.7843000016], [951777.3935000019, 1948107.3570000008], [951710.8558999998, 1948065.2995999984], [951505.8157000003, 1948066.3861999987], [951155.2985000003, 1948068.2440000034], [950929.1967000004, 1948419.5117000006], [950949.8833999999, 1948501.0450000046], [950953.409400002, 1948508.0935999996], [950974.5378000009, 1948549.7816999992], [951054.2854000006, 1948612.3467000024], [951079.4490000021, 1948630.0159000023], [951090.8078000005, 1948634.9058000022], [951091.6759000012, 1948635.2490000024], [951118.0753000017, 1948612.948100004], [951165.0876000003, 1948590.2213000052], [951491.4574000004, 1948680.5576000013], [951522.2242000017, 1948693.3896000008], [951682.0473999999, 1948809.4878999996], [951700.3656000016, 1948828.2224000003]]]}, "properties": {"x": "951626", "y": "1948520", "adm_cd": "11030570", "adm_nm": "서울특별시 용산구 원효로2동"}}, {"type": "Feature", "geometry": {"type": "Polygon", "coordinates": [[[952557.4082000029, 1950074.4546000017], [952595.1498000042, 1950057.7027000003], [952599.7336000017, 1950030.4126000023], [952599.7746000029, 1949911.0703000007], [952599.0110000006, 1949888.4476000029], [952598.1250000007, 1949867.314400001], [952597.8894000006, 1949861.6975000014], [952597.6422000013, 1949859.9364000026], [952596.8216000017, 1949854.1007999987], [952556.3416000004, 1949793.2388000018], [952550.4050000017, 1949784.4286999996], [952542.4610000028, 1949772.7301000012], [952533.8230000014, 1949761.9809000012], [952479.2850000005, 1949522.7128000008], [952480.5958000016, 1949423.3670000006], [952480.8262000013, 1949414.639200002], [952481.8142000018, 1949396.3965999992], [952487.424200002, 1949304.412600002], [952488.2458000004, 1949301.0025000002], [952504.7540000016, 1949312.5307000014], [952583.8922000004, 1949370.0748000045], [952556.5820000012, 1949387.1635000028], [952555.6876000025, 1949437.3949000002], [952568.8472000016, 1949469.1804000032], [952577.295300004, 1949489.3916000002], [952580.5858000002, 1949496.0752000033], [952582.2310000011, 1949497.2062999997], [952598.0206000009, 1949503.5199000018], [952603.2260000024, 1949505.428400006], [952673.410000002, 1949505.781400003], [952699.5670000019, 1949422.9519000023], [952727.5510000014, 1949265.1374999983], [952641.2538000022, 1948928.4216], [952149.3632000011, 1949072.1155999983], [952105.5658000017, 1949085.9809000045], [952088.6186000011, 1949091.7547000009], [952086.0058000017, 1949093.114800001], [952080.980600001, 1949095.7676999993], [952057.417200002, 1949108.2120999997], [952051.440600001, 1949111.6133999988], [952027.8206000018, 1949125.8534000013], [952022.0530000022, 1949130.6222000006], [952008.0052000013, 1949142.5044000023], [952002.8344, 1949147.850100003], [952004.204800002, 1949152.163000002], [952005.1634000004, 1949155.1720000019], [952019.8658000005, 1949157.9609999983], [951999.8798000007, 1949168.6429000013], [951993.2297000001, 1949187.2202000022], [952108.4564000011, 1949334.8499000028], [952140.1953999996, 1949385.9832000064], [952143.6382000006, 1949393.2283000033], [952150.6440000031, 1949407.975700004], [952149.4603000018, 1949408.8729000017], [952148.8588000012, 1949409.3287000004], [952128.1385000004, 1949424.6581000001], [952126.7142000052, 1949425.6061000025], [952114.0826000039, 1949427.6433], [952104.5842000025, 1949429.1741000002], [952104.4957999989, 1949429.1883000028], [952098.0448000015, 1949429.8301000022], [952086.7274000016, 1949432.051600001], [952081.6936000005, 1949435.3143], [952069.3406000047, 1949453.310200004], [952069.2665999993, 1949453.4680999995], [952069.2211999989, 1949453.636499999], [952069.2056, 1949453.8101000013], [952067.1040000031, 1949478.147800004], [952076.8572000014, 1949546.2009000015], [952131.7944000011, 1949708.0136000006], [952425.9268000044, 1949937.2878000014], [952557.4082000029, 1950074.4546000017]]]}, "properties": {"x": "952374", "y": "1949419", "adm_cd": "11030580", "adm_nm": "서울특별시 용산구 효창동"}}, {"type": "Feature", "geometry": {"type": "Polygon", "coordinates": [[[952019.8658000005, 1949157.9609999983], [952005.1634000004, 1949155.1720000019], [952004.204800002, 1949152.163000002], [952002.8344, 1949147.850100003], [952008.0052000013, 1949142.5044000023], [952022.0530000022, 1949130.6222000006], [952027.8206000018, 1949125.8534000013], [952051.440600001, 1949111.6133999988], [952057.417200002, 1949108.2120999997], [952080.980600001, 1949095.7676999993], [952086.0058000017, 1949093.114800001], [952088.6186000011, 1949091.7547000009], [952105.5658000017, 1949085.9809000045], [952149.3632000011, 1949072.1155999983], [952641.2538000022, 1948928.4216], [952347.452000001, 1948633.0090000029], [952345.5893999999, 1948630.6697999993], [952339.9642000005, 1948624.0412000024], [952236.7288000007, 1948622.4931000024], [951761.024800001, 1948791.0678000026], [951706.0610000002, 1948826.317400002], [951820.363600002, 1949000.456400002], [951868.7726000005, 1949013.045000002], [951875.8062000026, 1949016.0966000012], [951917.4113000007, 1949044.4656000012], [951999.8798000007, 1949168.6429000013], [952019.8658000005, 1949157.9609999983]]]}, "properties": {"x": "952155", "y": "1948976", "adm_cd": "11030590", "adm_nm": "서울특별시 용산구 용문동"}}, {"type": "Feature", "geometry": {"type": "Polygon", "coordinates": [[[952455.0511000003, 1947186.3726000022], [952591.9148000015, 1947117.4046000012], [952602.0323000022, 1947112.6830000002], [952604.7394000014, 1947111.4197999989], [952625.1718000002, 1947102.525599998], [952632.1968000014, 1947100.1704999995], [952638.7166000018, 1947097.9848000016], [952673.1703000015, 1947088.2634000024], [952709.4320000019, 1947080.6831], [952770.6401000012, 1947076.245200004], [952782.9102000012, 1947075.4374999986], [952798.4580000017, 1947075.923800006], [952808.5354000011, 1947076.3153], [952816.3584000006, 1947077.5744000026], [952834.1924000003, 1947080.514799999], [952848.6460000006, 1947082.9574000014], [952876.1748000006, 1947088.4103999992], [952876.2758000001, 1947088.4339000029], [952878.8160000013, 1947089.0296000016], [952921.3222000023, 1947101.6040000012], [952944.7210000015, 1947110.5378999994], [953016.3946000005, 1947135.0787999996], [953024.2860000012, 1947137.776000003], [953106.3344000021, 1947165.589800003], [953233.4746000012, 1947182.1608000034], [953385.3376000003, 1947152.4126000009], [953648.7788000018, 1947056.395200001], [953718.0904000006, 1947030.2193999998], [953764.5492000025, 1947011.8839000002], [953771.596600001, 1947009.0884000019], [953883.4044000019, 1946950.6209999984], [954012.9214000008, 1946897.9635000024], [954031.0514000026, 1946891.9941000037], [954036.6512000021, 1946890.1505000019], [954127.9896000002, 1946860.3476000028], [954156.1432, 1946853.9354000003], [954161.5730000018, 1946852.7521999998], [954309.2874000028, 1946811.9964000005], [954307.3910000008, 1946707.8288000035], [954305.9018000013, 1946626.7011999981], [954304.6470000008, 1946563.4884000006], [954295.1048000016, 1946488.2622999996], [954269.1549000021, 1946428.0654000035], [954268.193, 1946414.189699999], [954262.7450000003, 1946311.5362000014], [954259.6870000002, 1946252.4533000013], [954258.4431000012, 1946120.8095999993], [954257.7981000013, 1946052.5372000032], [954257.7244999997, 1946040.1979999994], [954254.2729000004, 1945452.7766], [954254.2568000013, 1945376.9175000002], [954076.9513000011, 1945378.2582000014], [953923.9510000022, 1945381.1212999998], [953516.0139000013, 1945485.6449000016], [953189.5300000011, 1945647.5170000019], [953182.618100001, 1945650.890699999], [953167.3659000009, 1945658.2314999984], [953166.8839000005, 1945658.463400002], [953066.2303000003, 1945693.4709000012], [953062.6652000003, 1945694.7104000035], [952927.4625000008, 1945741.5754000002], [952902.2882000024, 1945750.2323000021], [952887.1041000005, 1945755.3418999999], [952878.4376000015, 1945760.6824000003], [952783.2197000013, 1945819.5704000008], [952718.9908999996, 1945859.3063000017], [952716.2966000005, 1945861.5428], [952552.5416000006, 1946018.3572000028], [952446.296400002, 1946117.5497999978], [952011.4623000015, 1946342.5689999992], [952076.3477, 1946447.5982000055], [952163.8445000001, 1946598.915200002], [952200.561500001, 1946663.6582000027], [952216.4975000005, 1946696.8709999998], [952238.7947000022, 1946743.3424000018], [952446.8227000006, 1947189.2054000008], [952455.0511000003, 1947186.3726000022]]]}, "properties": {"x": "953313", "y": "1946341", "adm_cd": "11030630", "adm_nm": "서울특별시 용산구 이촌1동"}}, {"type": "Feature", "geometry": {"type": "Polygon", "coordinates": [[[951811.8849000013, 1948107.5484000016], [951799.7537000023, 1948001.4094000005], [951798.7411000009, 1947991.4556000018], [951798.4623, 1947988.6240000017], [951798.589300001, 1947986.0664000018], [951799.0547000016, 1947976.6944000022], [951800.3375000011, 1947957.851199999], [951801.1840000015, 1947945.4486000035], [951801.475700001, 1947941.1756000037], [951801.7769000013, 1947936.9202], [951802.2783000025, 1947929.8584000012], [951806.9101000016, 1947864.863400003], [951807.2765000004, 1947860.8750000056], [951810.4289000013, 1947826.5928000028], [951812.8561000021, 1947813.9746000052], [951816.5987000007, 1947800.402800003], [951817.8961000002, 1947795.8364000022], [951819.4377000006, 1947790.4122000025], [951829.1177000011, 1947768.9847999986], [951855.7227000003, 1947711.4238000016], [951856.2405000016, 1947710.3588000014], [951857.9839000008, 1947706.7736000028], [951862.4589000018, 1947697.785000001], [951862.5676000018, 1947697.5698000006], [952019.3599000014, 1947485.2742000022], [952021.9337000016, 1947482.213600005], [952038.2819000019, 1947463.7835999993], [952056.4615000011, 1947444.4064000037], [952065.8585000015, 1947435.2087999985], [952076.7401000005, 1947425.7186000003], [952079.1581000014, 1947423.802800002], [952108.8123000003, 1947400.4427999998], [952116.7895000011, 1947394.2188000064], [952290.1087000003, 1947262.5224000006], [952311.5443000011, 1947246.9306000003], [952318.8362999998, 1947242.4376000012], [952326.970300001, 1947237.4259999997], [952366.139700001, 1947214.957800004], [952384.0377000006, 1947205.5964000025], [952446.8227000006, 1947189.2054000008], [952238.7947000022, 1946743.3424000018], [952216.4975000005, 1946696.8709999998], [952200.561500001, 1946663.6582000027], [952163.8445000001, 1946598.915200002], [952076.3477, 1946447.5982000055], [952011.4623000015, 1946342.5689999992], [951386.5999000017, 1946612.1673999997], [951390.0713000012, 1947267.2918000012], [951391.0743000011, 1947485.3348000017], [951391.9105000019, 1947667.1360000055], [951353.6447000003, 1947729.0752000033], [951336.8065000005, 1947756.3235999998], [951298.1315000013, 1947818.9378000011], [951254.4745, 1947889.6254000016], [951245.7971000022, 1947903.685199999], [951176.5165000013, 1948016.122600005], [951155.2985000003, 1948068.2440000034], [951505.8157000003, 1948066.3861999987], [951710.8558999998, 1948065.2995999984], [951777.3935000019, 1948107.3570000008], [951795.4584000017, 1948118.7843000016], [951811.8849000013, 1948107.5484000016]]]}, "properties": {"x": "951771", "y": "1947196", "adm_cd": "11030640", "adm_nm": "서울특별시 용산구 이촌2동"}}, {"type": "Feature", "geometry": {"type": "Polygon", "coordinates": [[[954764.618353744, 1948500.0243080084], [955419.424900001, 1948958.0200000003], [955353.1253000007, 1948859.0000000019], [955348.7403000013, 1948833.0531999995], [955559.883100002, 1948361.0057999985], [955631.030600002, 1948263.173800006], [955362.8856000002, 1947833.9818999977], [955118.6524000003, 1947867.7809000015], [955071.4056000013, 1947946.290200002], [954782.8470000022, 1948448.869600001], [954764.618353744, 1948500.0243080084]]]}, "properties": {"x": "955219", "y": "1948375", "adm_cd": "11030650", "adm_nm": "서울특별시 용산구 이태원1동"}}, {"type": "Feature", "geometry": {"type": "Polygon", "coordinates": [[[955524.3155000006, 1949683.242], [955616.8707000008, 1949407.7576000018], [955642.997300002, 1949327.6384000028], [955642.4597000005, 1949317.88], [955635.481700002, 1949222.7612000024], [955617.0901000006, 1949178.156400003], [955599.9779000008, 1949164.6451999985], [955598.0521000011, 1949163.7926000021], [955563.5601000024, 1949145.5354000018], [955551.8971000009, 1949137.3830000008], [955460.6161000016, 1949061.4844000014], [955438.4847000006, 1949042.4807999977], [955424.8427000018, 1949022.5032000013], [955423.4817000018, 1949020.4882000014], [955422.215500002, 1949016.4534000028], [955417.5709000006, 1949001.6516000014], [955419.424900001, 1948958.0200000003], [954764.618353744, 1948500.0243080084], [954782.8470000022, 1948448.869600001], [954771.6762000041, 1948457.9167000013], [954691.6359000015, 1948538.635400001], [954647.4593000034, 1948886.2214000023], [954728.2060000022, 1949171.3473999992], [954795.9671000015, 1949409.9992000016], [954798.4107000001, 1949418.5732000032], [954799.2699000016, 1949421.1065999991], [954799.6586999998, 1949422.2344000028], [954800.9109000011, 1949425.374600003], [954802.0019000006, 1949427.8916000014], [954973.4433000018, 1949813.8110000016], [954975.131300004, 1949816.191], [955087.7701000008, 1949960.467400001], [955244.1021000013, 1950068.4006000017], [955410.8246000016, 1949886.0411000026], [955524.3155000006, 1949683.242]]]}, "properties": {"x": "955128", "y": "1949298", "adm_cd": "11030660", "adm_nm": "서울특별시 용산구 이태원2동"}}, {"type": "Feature", "geometry": {"type": "Polygon", "coordinates": [[[955118.6524000003, 1947867.7809000015], [955362.8856000002, 1947833.9818999977], [955443.6086, 1947835.8236999996], [955447.105300001, 1947833.2053000024], [955451.7212000005, 1947826.8892000022], [955457.4295000001, 1947818.8639000012], [955459.6797000007, 1947815.6841000002], [955530.7315000005, 1947692.7917999993], [955552.6233000018, 1947654.768899999], [955557.7815000006, 1947631.1279000053], [955535.9355000013, 1947499.0228000004], [955548.9910000013, 1947414.7104999986], [955681.3260000014, 1947221.7886000015], [955718.5761000017, 1947185.7133999998], [955800.8119000014, 1947176.1232000012], [955877.2829000002, 1947201.4573999995], [955902.1709000014, 1947201.1314000003], [955951.2125000015, 1947175.7930000005], [955970.9933000018, 1947151.1641999995], [956075.0994000013, 1947020.5426000021], [956098.8587999998, 1946990.5869000019], [956099.3991000014, 1946989.905500002], [956037.4086000004, 1946936.1667000023], [955587.7880000011, 1946570.673100002], [955559.4131000004, 1946548.4682000005], [955447.4249000011, 1946460.8308000024], [955433.8199000016, 1946450.0912999986], [955222.0592000004, 1946282.9300000053], [954990.847400001, 1946100.414200002], [954954.9323000011, 1946044.5392000033], [954911.589600001, 1945976.9682999994], [954763.2204000009, 1945745.9064999996], [954531.3265000012, 1945376.5164000024], [954529.9574999999, 1945376.4448000006], [954478.5831000018, 1945375.900300002], [954378.9437000012, 1945374.8447000016], [954362.5091000015, 1945374.9158999994], [954320.7425000009, 1945375.0968999993], [954254.2568000013, 1945376.9175000002], [954254.2729000004, 1945452.7766], [954257.7244999997, 1946040.1979999994], [954257.7981000013, 1946052.5372000032], [954258.4431000012, 1946120.8095999993], [954259.6870000002, 1946252.4533000013], [954262.7450000003, 1946311.5362000014], [954268.193, 1946414.189699999], [954269.1549000021, 1946428.0654000035], [954295.1048000016, 1946488.2622999996], [954304.6470000008, 1946563.4884000006], [954305.9018000013, 1946626.7011999981], [954307.3910000008, 1946707.8288000035], [954309.2874000028, 1946811.9964000005], [954161.5730000018, 1946852.7521999998], [954156.1432, 1946853.9354000003], [954127.9896000002, 1946860.3476000028], [954036.6512000021, 1946890.1505000019], [954031.0514000026, 1946891.9941000037], [954012.9214000008, 1946897.9635000024], [953883.4044000019, 1946950.6209999984], [953771.596600001, 1947009.0884000019], [953806.4225000013, 1947179.414400002], [953988.595900001, 1947453.4480000031], [954059.2815000017, 1947557.451799999], [954652.1466709103, 1947625.7417149115], [955083.8904000034, 1947663.6194999996], [955071.4056000013, 1947946.290200002], [955118.6524000003, 1947867.7809000015]]]}, "properties": {"x": "954845", "y": "1946820", "adm_cd": "11030690", "adm_nm": "서울특별시 용산구 서빙고동"}}, {"type": "Feature", "geometry": {"type": "Polygon", "coordinates": [[[955656.5851000003, 1948264.5935999989], [955775.437300001, 1948213.9082000004], [955928.4804000012, 1948135.8050000006], [956108.3495000007, 1948011.8342000018], [956119.105700001, 1948003.9220000017], [956160.8659000006, 1947896.721400001], [956161.1577000013, 1947893.8768000011], [956159.3717000005, 1947888.8482000004], [956154.3339000018, 1947888.9248000006], [956152.3947000008, 1947888.9552000014], [956130.061300001, 1947873.5394000001], [956117.9886999998, 1947860.8778000022], [956101.8150000016, 1947838.3422000017], [956079.8979000009, 1947800.1486000034], [956076.0911000005, 1947791.2599000013], [956068.9043000005, 1947766.4724000013], [956214.4204000011, 1947597.049000001], [956237.3907000006, 1947572.528799999], [956244.0597000017, 1947565.458], [956445.9695000004, 1947412.9920000015], [956495.9714000023, 1947375.4213999987], [956099.3991000014, 1946989.905500002], [956098.8587999998, 1946990.5869000019], [956075.0994000013, 1947020.5426000021], [955970.9933000018, 1947151.1641999995], [955951.2125000015, 1947175.7930000005], [955902.1709000014, 1947201.1314000003], [955877.2829000002, 1947201.4573999995], [955800.8119000014, 1947176.1232000012], [955718.5761000017, 1947185.7133999998], [955681.3260000014, 1947221.7886000015], [955548.9910000013, 1947414.7104999986], [955535.9355000013, 1947499.0228000004], [955557.7815000006, 1947631.1279000053], [955552.6233000018, 1947654.768899999], [955530.7315000005, 1947692.7917999993], [955459.6797000007, 1947815.6841000002], [955457.4295000001, 1947818.8639000012], [955451.7212000005, 1947826.8892000022], [955447.105300001, 1947833.2053000024], [955443.6086, 1947835.8236999996], [955362.8856000002, 1947833.9818999977], [955631.030600002, 1948263.173800006], [955656.5851000003, 1948264.5935999989]]]}, "properties": {"x": "955889", "y": "1947628", "adm_cd": "11030700", "adm_nm": "서울특별시 용산구 보광동"}}, {"type": "Feature", "geometry": {"type": "Polygon", "coordinates": [[[953114.2217000001, 1950746.9989000014], [953114.3748000017, 1950746.852000001], [953113.369700001, 1950656.911000003], [953133.1144000019, 1950448.4600000014], [953183.3436000019, 1950163.4165999996], [953191.6074000008, 1950117.327000002], [953201.588100001, 1950114.5184000027], [953211.4427000004, 1950111.7792000035], [953222.4449000014, 1950108.7768000003], [953228.006100001, 1950103.3494000002], [953253.5052, 1950050.315199999], [953258.2408000018, 1950038.2788000023], [953260.2866000021, 1950027.6412000023], [953268.6082000018, 1949754.0255000007], [953277.6896000016, 1949397.8241000017], [953276.6216000007, 1949361.5542000001], [953273.3716000007, 1949307.9552000016], [953272.5356000022, 1949300.3732000021], [953223.6680000015, 1949265.9251], [952727.5510000014, 1949265.1374999983], [952699.5670000019, 1949422.9519000023], [952673.410000002, 1949505.781400003], [952603.2260000024, 1949505.428400006], [952598.0206000009, 1949503.5199000018], [952582.2310000011, 1949497.2062999997], [952580.5858000002, 1949496.0752000033], [952577.295300004, 1949489.3916000002], [952568.8472000016, 1949469.1804000032], [952555.6876000025, 1949437.3949000002], [952556.5820000012, 1949387.1635000028], [952583.8922000004, 1949370.0748000045], [952504.7540000016, 1949312.5307000014], [952488.2458000004, 1949301.0025000002], [952487.424200002, 1949304.412600002], [952481.8142000018, 1949396.3965999992], [952480.8262000013, 1949414.639200002], [952480.5958000016, 1949423.3670000006], [952479.2850000005, 1949522.7128000008], [952533.8230000014, 1949761.9809000012], [952542.4610000028, 1949772.7301000012], [952550.4050000017, 1949784.4286999996], [952556.3416000004, 1949793.2388000018], [952596.8216000017, 1949854.1007999987], [952597.6422000013, 1949859.9364000026], [952597.8894000006, 1949861.6975000014], [952598.1250000007, 1949867.314400001], [952599.0110000006, 1949888.4476000029], [952599.7746000029, 1949911.0703000007], [952599.7336000017, 1950030.4126000023], [952595.1498000042, 1950057.7027000003], [952514.5201000008, 1950385.891800002], [952701.9517000022, 1950570.3126000012], [952909.3505000016, 1950706.2536000013], [953115.9945000014, 1950834.0535000036], [953114.2217000001, 1950746.9989000014]]]}, "properties": {"x": "952907", "y": "1949940", "adm_cd": "11030710", "adm_nm": "서울특별시 용산구 청파동"}}, {"type": "Feature", "geometry": {"type": "Polygon", "coordinates": [[[953223.6680000015, 1949265.9251], [953272.5356000022, 1949300.3732000021], [953273.6461000013, 1949029.7167999998], [953258.6200000006, 1948822.6006999998], [953258.2213000022, 1948820.2662000007], [953255.1271000016, 1948802.152800001], [953243.3689000023, 1948741.5264000017], [953236.1036000012, 1948711.376800001], [953233.5584000016, 1948703.047400002], [953232.2958000018, 1948698.9187000007], [953210.018200001, 1948626.1446000016], [953105.2346000022, 1948417.4948000018], [953089.8898000014, 1948399.2210000015], [953076.6228000019, 1948395.4538000016], [953076.2302000017, 1948395.492800001], [953054.810200002, 1948399.2979000001], [953008.2646000012, 1948410.2796000007], [952999.4440000019, 1948412.394599999], [952548.3098000016, 1948391.1416000007], [952397.5462000007, 1948372.487700006], [952347.452000001, 1948633.0090000029], [952641.2538000022, 1948928.4216], [952727.5510000014, 1949265.1374999983], [953223.6680000015, 1949265.9251]]]}, "properties": {"x": "952878", "y": "1948818", "adm_cd": "11030720", "adm_nm": "서울특별시 용산구 원효로1동"}}, {"type": "Feature", "geometry": {"type": "Polygon", "coordinates": [[[953470.3498000004, 1949136.1167000001], [953498.2828000021, 1948993.9685999982], [953522.0572000002, 1948878.026300001], [953527.0622000007, 1948855.3789999997], [953532.3211000004, 1948832.1286000041], [953618.4090000021, 1948548.989500003], [953645.9026000004, 1948523.1142000016], [953683.3678000001, 1948490.4986000003], [953684.542700001, 1948490.5368000004], [953690.9944000008, 1948490.7477999995], [953717.4292000004, 1948491.6253999984], [953757.4960000021, 1948493.2131999983], [953806.0470000013, 1948495.2492000016], [954009.0614000007, 1948503.797400001], [954057.0696, 1948505.8262], [954112.1346000021, 1948508.1591999996], [954110.1479000021, 1948496.0304000024], [954103.292700001, 1948452.4717999992], [954100.6222000017, 1948434.1076000046], [954088.8732000024, 1948351.0556000022], [954087.8502000023, 1948343.8176000044], [954087.4028000021, 1948340.1254000026], [954085.6703000017, 1948322.949800002], [954084.6489000042, 1948312.617000002], [954084.1194000005, 1948305.129600001], [954083.5250000013, 1948294.9996000035], [954079.5203000006, 1948224.8247000026], [954077.0178000013, 1948163.8203999996], [954065.696300003, 1947869.8756000013], [954064.3290000007, 1947815.203000002], [954059.2815000017, 1947557.451799999], [953988.595900001, 1947453.4480000031], [953806.4225000013, 1947179.414400002], [953771.596600001, 1947009.0884000019], [953764.5492000025, 1947011.8839000002], [953718.0904000006, 1947030.2193999998], [953648.7788000018, 1947056.395200001], [953385.3376000003, 1947152.4126000009], [953233.4746000012, 1947182.1608000034], [953106.3344000021, 1947165.589800003], [953024.2860000012, 1947137.776000003], [953016.3946000005, 1947135.0787999996], [952944.7210000015, 1947110.5378999994], [952921.3222000023, 1947101.6040000012], [952878.8160000013, 1947089.0296000016], [952876.2758000001, 1947088.4339000029], [952876.1748000006, 1947088.4103999992], [952848.6460000006, 1947082.9574000014], [952834.1924000003, 1947080.514799999], [952816.3584000006, 1947077.5744000026], [952808.5354000011, 1947076.3153], [952798.4580000017, 1947075.923800006], [952782.9102000012, 1947075.4374999986], [952770.6401000012, 1947076.245200004], [952709.4320000019, 1947080.6831], [952673.1703000015, 1947088.2634000024], [952638.7166000018, 1947097.9848000016], [952632.1968000014, 1947100.1704999995], [952625.1718000002, 1947102.525599998], [952604.7394000014, 1947111.4197999989], [952602.0323000022, 1947112.6830000002], [952591.9148000015, 1947117.4046000012], [952455.0511000003, 1947186.3726000022], [952446.8227000006, 1947189.2054000008], [952384.0377000006, 1947205.5964000025], [952366.139700001, 1947214.957800004], [952326.970300001, 1947237.4259999997], [952318.8362999998, 1947242.4376000012], [952311.5443000011, 1947246.9306000003], [952290.1087000003, 1947262.5224000006], [952116.7895000011, 1947394.2188000064], [952108.8123000003, 1947400.4427999998], [952079.1581000014, 1947423.802800002], [952076.7401000005, 1947425.7186000003], [952065.8585000015, 1947435.2087999985], [952056.4615000011, 1947444.4064000037], [952038.2819000019, 1947463.7835999993], [952021.9337000016, 1947482.213600005], [952019.3599000014, 1947485.2742000022], [951862.5676000018, 1947697.5698000006], [951862.4589000018, 1947697.785000001], [951857.9839000008, 1947706.7736000028], [951856.2405000016, 1947710.3588000014], [951855.7227000003, 1947711.4238000016], [951829.1177000011, 1947768.9847999986], [951819.4377000006, 1947790.4122000025], [951817.8961000002, 1947795.8364000022], [951816.5987000007, 1947800.402800003], [951812.8561000021, 1947813.9746000052], [951810.4289000013, 1947826.5928000028], [951807.2765000004, 1947860.8750000056], [951806.9101000016, 1947864.863400003], [951802.2783000025, 1947929.8584000012], [951801.7769000013, 1947936.9202], [951801.475700001, 1947941.1756000037], [951801.1840000015, 1947945.4486000035], [951800.3375000011, 1947957.851199999], [951799.0547000016, 1947976.6944000022], [951798.589300001, 1947986.0664000018], [951798.4623, 1947988.6240000017], [951798.7411000009, 1947991.4556000018], [951799.7537000023, 1948001.4094000005], [951811.8849000013, 1948107.5484000016], [951795.4584000017, 1948118.7843000016], [951843.4112000018, 1948163.6456000078], [951894.8816000009, 1948209.4068000005], [951942.1622000011, 1948248.7997999997], [951949.1610000008, 1948253.2042000042], [952000.2590000017, 1948280.4882], [952010.7079000014, 1948285.9277000022], [952019.4938000018, 1948290.4816000015], [952042.7540000009, 1948301.5440000026], [952043.8628000009, 1948301.9512000007], [952054.668600001, 1948305.8855000027], [952256.6002000021, 1948377.327700003], [952293.4364000002, 1948381.3849999998], [952318.8478000003, 1948380.4240000022], [952397.5462000007, 1948372.487700006], [952548.3098000016, 1948391.1416000007], [952999.4440000019, 1948412.394599999], [953008.2646000012, 1948410.2796000007], [953054.810200002, 1948399.2979000001], [953076.2302000017, 1948395.492800001], [953076.6228000019, 1948395.4538000016], [953089.8898000014, 1948399.2210000015], [953105.2346000022, 1948417.4948000018], [953210.018200001, 1948626.1446000016], [953232.2958000018, 1948698.9187000007], [953233.5584000016, 1948703.047400002], [953236.1036000012, 1948711.376800001], [953243.3689000023, 1948741.5264000017], [953255.1271000016, 1948802.152800001], [953258.2213000022, 1948820.2662000007], [953258.6200000006, 1948822.6006999998], [953273.6461000013, 1949029.7167999998], [953470.3498000004, 1949136.1167000001]]]}, "properties": {"x": "953049", "y": "1947878", "adm_cd": "11030730", "adm_nm": "서울특별시 용산구 한강로동"}}, {"type": "Feature", "geometry": {"type": "Polygon", "coordinates": [[[956238.2959000018, 1950166.6096000022], [956335.5063000015, 1949933.4294000017], [956303.5529000015, 1949894.270800002], [956274.3079000026, 1949769.3159999999], [956274.7313000008, 1949766.7838000022], [956275.1771000008, 1949764.1637999984], [956275.2315000013, 1949763.8442000002], [956333.2386999999, 1949686.2144000023], [956363.2769000006, 1949646.0150000062], [956472.3327000004, 1949506.0210000006], [956475.0629000014, 1949506.350000007], [956521.7745000003, 1949515.2536000032], [956570.5247000016, 1949524.5536000016], [956593.7541000004, 1949529.4698000015], [956624.4543000025, 1949535.9672000022], [956598.1151000021, 1949298.588600002], [956600.5347000011, 1949286.3902000005], [956607.4821000013, 1949252.8458000002], [956653.841500002, 1949073.3876000065], [956657.276700001, 1949067.5792000052], [956675.3833000001, 1949036.964000002], [956689.8783000014, 1949023.9748000023], [956697.9925000023, 1949016.7036000027], [956706.7505000043, 1949009.459800003], [956842.3307000012, 1948968.056200001], [956996.4609000045, 1948951.8018000019], [957154.7006999999, 1948912.8161999984], [957354.8175000041, 1948822.842800002], [957375.7881000016, 1948812.9223999982], [957374.6007000038, 1948765.276200003], [957370.376700002, 1948595.7967999997], [957368.7503000025, 1948530.5422000014], [957366.9483000012, 1948458.2466000014], [957365.6997000001, 1948408.1547999987], [957139.8837000015, 1948210.0669999998], [956891.3369000022, 1947888.2914000023], [956577.8195000014, 1947479.3905000002], [956495.9714000023, 1947375.4213999987], [956445.9695000004, 1947412.9920000015], [956244.0597000017, 1947565.458], [956237.3907000006, 1947572.528799999], [956214.4204000011, 1947597.049000001], [956068.9043000005, 1947766.4724000013], [956076.0911000005, 1947791.2599000013], [956079.8979000009, 1947800.1486000034], [956101.8150000016, 1947838.3422000017], [956117.9886999998, 1947860.8778000022], [956130.061300001, 1947873.5394000001], [956152.3947000008, 1947888.9552000014], [956154.3339000018, 1947888.9248000006], [956159.3717000005, 1947888.8482000004], [956161.1577000013, 1947893.8768000011], [956160.8659000006, 1947896.721400001], [956119.105700001, 1948003.9220000017], [956108.3495000007, 1948011.8342000018], [955928.4804000012, 1948135.8050000006], [955775.437300001, 1948213.9082000004], [955656.5851000003, 1948264.5935999989], [955631.030600002, 1948263.173800006], [955559.883100002, 1948361.0057999985], [955348.7403000013, 1948833.0531999995], [955353.1253000007, 1948859.0000000019], [955419.424900001, 1948958.0200000003], [955417.5709000006, 1949001.6516000014], [955422.215500002, 1949016.4534000028], [955423.4817000018, 1949020.4882000014], [955424.8427000018, 1949022.5032000013], [955438.4847000006, 1949042.4807999977], [955460.6161000016, 1949061.4844000014], [955551.8971000009, 1949137.3830000008], [955563.5601000024, 1949145.5354000018], [955598.0521000011, 1949163.7926000021], [955599.9779000008, 1949164.6451999985], [955617.0901000006, 1949178.156400003], [955635.481700002, 1949222.7612000024], [955642.4597000005, 1949317.88], [955642.997300002, 1949327.6384000028], [955616.8707000008, 1949407.7576000018], [955524.3155000006, 1949683.242], [955410.8246000016, 1949886.0411000026], [955411.7617000005, 1949886.0977999992], [955418.5017000018, 1949887.6904000062], [955442.2735000008, 1949893.3082000017], [955510.8335000004, 1949909.5948000012], [955541.2727000001, 1949950.1992000001], [955545.7207000006, 1949967.2631999985], [955546.5975000006, 1949997.0916000037], [955546.1697000011, 1950028.3941999995], [955606.6781000015, 1950098.8604000006], [955627.2263000018, 1950121.274000005], [955686.1489000025, 1950157.9167999984], [955688.1169000019, 1950158.5623999997], [955737.8073000017, 1950168.6960000019], [955905.8151000019, 1950174.2694000024], [956066.3471000001, 1950149.9952000035], [956216.2151000013, 1950211.594800001], [956238.2959000018, 1950166.6096000022]]]}, "properties": {"x": "956281", "y": "1948800", "adm_cd": "11030740", "adm_nm": "서울특별시 용산구 한남동"}}, {"type": "Feature", "geometry": {"type": "Polygon", "coordinates": [[[958262.9395000022, 1951830.1589999998], [958806.1689000002, 1951576.7588], [958584.0769000006, 1951323.2384000015], [958545.5620999997, 1951320.2638000022], [958511.9513000003, 1951335.4350000052], [958323.4579000017, 1951319.7263999982], [958244.9785000016, 1951277.4264000016], [958168.8385000001, 1951187.274000001], [958161.8184000007, 1951169.2360000005], [958161.1469000007, 1951167.5105000006], [958150.7893000023, 1951140.8969999994], [958147.8111000005, 1951135.374799999], [958139.5743000023, 1951124.0828000016], [958134.308500001, 1951117.8560000027], [958114.8987000005, 1951094.904599999], [958100.2173000015, 1951078.5486000017], [958093.494900001, 1951071.9568000021], [958090.445100002, 1951069.9035999998], [958084.4717000015, 1951066.9663999993], [958078.1601000014, 1951064.3408000022], [958072.7735000004, 1951062.7100000037], [958066.058500002, 1951061.3062000023], [958060.0773000021, 1951060.6482000048], [957995.2260999999, 1951055.8740000012], [957862.9363000004, 1951052.664199999], [957906.3587000003, 1951370.5883000006], [958131.7321000017, 1951577.3753], [958151.2941000015, 1951608.5139], [958166.2015000011, 1951633.0331999995], [958184.8815000006, 1951664.4810000013], [958193.2223000012, 1951685.5648000012], [958195.7651000015, 1951695.8834000025], [958200.6837000006, 1951715.8454000005], [958205.9087000003, 1951762.4080000026], [958207.0575000007, 1951837.8840999994], [958262.9395000022, 1951830.1589999998]]]}, "properties": {"x": "958298", "y": "1951605", "adm_cd": "11040520", "adm_nm": "서울특별시 성동구 왕십리2동"}}, {"type": "Feature", "geometry": {"type": "Polygon", "coordinates": [[[959182.9842000005, 1952644.1008999997], [959214.539000001, 1952643.896000001], [959239.4159000013, 1952643.7947999998], [959263.6385000007, 1952643.6664000005], [959270.2945000019, 1952643.6310000014], [959271.199500001, 1952643.5012000015], [959285.3687000009, 1952641.3232000018], [959329.9265000019, 1952634.4740000023], [959368.8521000007, 1952628.320400001], [959408.8459000002, 1952621.997800001], [959415.6031000006, 1952620.8374000036], [959417.4549000014, 1952620.265800001], [959422.605100001, 1952618.676000006], [959467.0053000003, 1952604.713], [959489.875100001, 1952597.5207999998], [959490.2009000002, 1952597.4181999979], [959507.1023000008, 1952592.0517000025], [959555.8317000009, 1952576.578800003], [959556.564100001, 1952576.293000002], [959611.922200001, 1952547.1681999988], [959663.0615000017, 1952518.5314000023], [959744.744100001, 1952470.3030000017], [959843.4141000008, 1952402.9538000026], [959846.897700001, 1952400.5680000004], [959869.7537000007, 1952383.8910000022], [959870.3444999997, 1952383.3249999995], [959875.1447000006, 1952378.4264000007], [959893.0025000025, 1952358.2746000024], [959902.0673000002, 1952348.0449999995], [959903.0138999999, 1952346.9152000025], [959915.4451000005, 1952328.9810000027], [959919.0401000008, 1952323.5580000016], [959919.9703000004, 1952322.1476000017], [959925.315100001, 1952314.0282000005], [959937.7087000008, 1952288.8160000024], [960114.1749000007, 1951858.7306000022], [960102.8581000001, 1951876.0948000047], [960024.6699000013, 1951872.604800001], [960016.1357000024, 1951872.2238], [959996.6215000022, 1951870.6562000047], [959992.0759000005, 1951869.8749999995], [959985.3885000019, 1951868.4218000027], [959984.4721000011, 1951867.571000002], [959883.7307000009, 1951610.9698000047], [959881.1087000014, 1951602.649800001], [959883.3733000023, 1951597.6116000027], [959892.1645000018, 1951577.9604000002], [959892.7803000016, 1951575.9100000057], [959879.8159000007, 1951538.1610000022], [959878.4389000024, 1951536.9346000007], [959856.7005000011, 1951522.8772000005], [959851.2321000019, 1951519.4088000017], [959454.2115000008, 1951485.2370000025], [959438.0325000014, 1951484.8650000016], [959429.8047000009, 1951484.7075999998], [959318.1689000019, 1951533.8127000015], [959300.4841000008, 1951550.0894000032], [959269.6555000015, 1951598.912100002], [959261.1791000012, 1951611.8858000059], [959191.6397000018, 1951828.7592000002], [959183.5457000008, 1951922.2361999992], [959181.615700002, 1951938.3024000004], [959066.6516000015, 1951954.832200002], [958912.2839000016, 1951977.8462000028], [958907.8201000004, 1951983.0540000014], [958901.8853000018, 1951990.3808000044], [958749.139500001, 1952179.799600002], [958792.3889000004, 1952207.2317999993], [958813.2279000024, 1952220.3784000007], [958813.6261000002, 1952220.634000003], [958805.5505000013, 1952281.9690000026], [958686.7300000008, 1952404.840900004], [958866.0293, 1952548.5176999983], [958908.0343000019, 1952570.9850000008], [958944.6730000016, 1952590.508600003], [958948.4502000002, 1952592.5078000021], [958964.3356000013, 1952600.8964000004], [958968.839000001, 1952603.164599999], [958979.3428000016, 1952608.3910000036], [958980.823000001, 1952609.0998000014], [958990.0546000004, 1952613.3438000057], [958996.1168000018, 1952615.9521999995], [958999.0531000022, 1952617.2026000028], [958999.9450000006, 1952617.582400001], [959005.091000001, 1952619.6461000051], [959019.6261000012, 1952624.8429000033], [959020.3623000012, 1952625.0926000008], [959023.5487000007, 1952626.152900001], [959038.5530000014, 1952631.0702999993], [959041.9898000008, 1952632.1907999997], [959050.5918000014, 1952634.3141], [959055.5776000011, 1952635.3401000034], [959055.9677999998, 1952635.4203000013], [959082.6643000022, 1952640.4375000005], [959084.0539000006, 1952640.6662000054], [959095.0630000012, 1952642.0091], [959114.7508000014, 1952644.0969000002], [959125.1720000003, 1952644.1308], [959165.7170000004, 1952644.1585000008], [959182.9842000005, 1952644.1008999997]]]}, "properties": {"x": "959431", "y": "1952095", "adm_cd": "11040540", "adm_nm": "서울특별시 성동구 마장동"}}, {"type": "Feature", "geometry": {"type": "Polygon", "coordinates": [[[960102.8581000001, 1951876.0948000047], [960114.1749000007, 1951858.7306000022], [960194.9769000022, 1951672.511600006], [960291.7931000015, 1951595.3756000027], [960304.7594999999, 1951586.5314000056], [960337.1898999998, 1951574.9934000028], [960355.7951000013, 1951560.6592000015], [960412.792900001, 1951183.9284000017], [960413.8811000017, 1951057.3772000019], [960407.6963000007, 1950962.2104000004], [960387.5635000018, 1950817.7472], [960376.3323000015, 1950783.1857999992], [960252.505300001, 1950563.6872000005], [960244.3135000013, 1950550.3335999998], [960222.3223000008, 1950519.3320000018], [960215.6335000017, 1950510.5936000005], [960213.5711000016, 1950507.8994000023], [960209.6775000023, 1950502.8139999993], [960197.0373000004, 1950487.5094000008], [960194.9247000013, 1950485.0362000002], [960171.5399000004, 1950458.971799999], [960166.2287000011, 1950453.052400004], [960165.0097000017, 1950452.0099999984], [959981.9507000014, 1950518.8274000024], [959931.6608999996, 1950557.3314000051], [959904.4480999997, 1950572.4100000034], [959891.3822999999, 1950579.6496000013], [959656.1377000017, 1950528.9815999996], [959612.9353000008, 1950518.3310000019], [959544.5163000007, 1950495.7474000063], [959511.9685000016, 1950484.047200001], [959503.9843000004, 1950479.1396000017], [959489.4603000011, 1950470.2119999994], [959489.1817, 1950470.0264000031], [959378.3971000011, 1950382.9264000026], [959262.8899000003, 1950567.6422000006], [959271.4471000021, 1950582.0955999992], [959278.0091000022, 1950593.1800000002], [959282.6957000012, 1950601.0983999993], [959284.0851, 1950604.099199998], [959294.1145000022, 1950625.7654000004], [959299.5495, 1950637.5066000049], [959308.0997000015, 1950658.7552000019], [959312.741300002, 1950670.290599999], [959314.2721, 1950677.1185999997], [959321.5245000024, 1950709.4690000035], [959322.6081000019, 1950714.3038000022], [959326.6117000007, 1950738.3751999992], [959329.0633000007, 1950753.1196000015], [959329.2991000006, 1950765.497200003], [959330.1457000019, 1950809.9576], [959330.0651000022, 1950911.9727999996], [959320.5205000014, 1951322.3808000004], [959315.3421000005, 1951362.7132000013], [959269.6555000015, 1951598.912100002], [959300.4841000008, 1951550.0894000032], [959318.1689000019, 1951533.8127000015], [959429.8047000009, 1951484.7075999998], [959438.0325000014, 1951484.8650000016], [959454.2115000008, 1951485.2370000025], [959851.2321000019, 1951519.4088000017], [959856.7005000011, 1951522.8772000005], [959878.4389000024, 1951536.9346000007], [959879.8159000007, 1951538.1610000022], [959892.7803000016, 1951575.9100000057], [959892.1645000018, 1951577.9604000002], [959883.3733000023, 1951597.6116000027], [959881.1087000014, 1951602.649800001], [959883.7307000009, 1951610.9698000047], [959984.4721000011, 1951867.571000002], [959985.3885000019, 1951868.4218000027], [959992.0759000005, 1951869.8749999995], [959996.6215000022, 1951870.6562000047], [960016.1357000024, 1951872.2238], [960024.6699000013, 1951872.604800001], [960102.8581000001, 1951876.0948000047]]]}, "properties": {"x": "959858", "y": "1951065", "adm_cd": "11040550", "adm_nm": "서울특별시 성동구 사근동"}}, {"type": "Feature", "geometry": {"type": "Polygon", "coordinates": [[[959261.1791000012, 1951611.8858000059], [959269.6555000015, 1951598.912100002], [959315.3421000005, 1951362.7132000013], [959320.5205000014, 1951322.3808000004], [959330.0651000022, 1950911.9727999996], [959330.1457000019, 1950809.9576], [959329.2991000006, 1950765.497200003], [959329.0633000007, 1950753.1196000015], [959326.6117000007, 1950738.3751999992], [959322.6081000019, 1950714.3038000022], [959321.5245000024, 1950709.4690000035], [959314.2721, 1950677.1185999997], [959312.741300002, 1950670.290599999], [959308.0997000015, 1950658.7552000019], [959299.5495, 1950637.5066000049], [959294.1145000022, 1950625.7654000004], [959284.0851, 1950604.099199998], [959282.6957000012, 1950601.0983999993], [959278.0091000022, 1950593.1800000002], [959271.4471000021, 1950582.0955999992], [959262.8899000003, 1950567.6422000006], [959026.3040000014, 1950698.2036000025], [958859.4999000004, 1950677.9480000022], [958865.0003000007, 1950714.3836000008], [958841.8871000006, 1951119.5637999987], [958841.8745000004, 1951119.7734000015], [958839.1097000013, 1951119.0715999994], [958834.4175000023, 1951117.880200002], [958795.0361000001, 1951107.8802000019], [958556.4687000017, 1951049.137200005], [958546.4133000022, 1951106.5560000017], [958544.5839000009, 1951117.0040000034], [958584.0769000006, 1951323.2384000015], [958806.1689000002, 1951576.7588], [958865.101500002, 1951519.6958000036], [958909.6219000019, 1951479.3646000037], [958972.8749000016, 1951444.040200002], [958982.0743000023, 1951440.4488000018], [958982.1036999999, 1951440.5325999998], [959022.7771000015, 1951557.4890000024], [959022.9315000004, 1951558.1430000023], [959023.0211000002, 1951558.6284000007], [959028.8529000019, 1951610.8430000055], [959029.932500002, 1951620.5098], [959030.4513000019, 1951625.1559999995], [959048.168100002, 1951784.2640000032], [959053.3065000004, 1951830.7642000015], [959057.3819000007, 1951868.214], [959057.3873000009, 1951868.2641999987], [959066.6516000015, 1951954.832200002], [959181.615700002, 1951938.3024000004], [959183.5457000008, 1951922.2361999992], [959191.6397000018, 1951828.7592000002], [959261.1791000012, 1951611.8858000059]]]}, "properties": {"x": "959027", "y": "1951176", "adm_cd": "11040560", "adm_nm": "서울특별시 성동구 행당1동"}}, {"type": "Feature", "geometry": {"type": "Polygon", "coordinates": [[[958545.5620999997, 1951320.2638000022], [958584.0769000006, 1951323.2384000015], [958544.5839000009, 1951117.0040000034], [958546.4133000022, 1951106.5560000017], [958556.4687000017, 1951049.137200005], [958795.0361000001, 1951107.8802000019], [958834.4175000023, 1951117.880200002], [958839.1097000013, 1951119.0715999994], [958841.8745000004, 1951119.7734000015], [958841.8871000006, 1951119.5637999987], [958865.0003000007, 1950714.3836000008], [958859.4999000004, 1950677.9480000022], [958657.4873000024, 1950504.6252000006], [958637.8409000007, 1950501.649000001], [958627.8652999997, 1950501.1794000033], [958605.8247000016, 1950500.1420000007], [958530.3451000012, 1950544.1586000023], [958439.0133000017, 1950603.5984000028], [958312.8085000003, 1950644.145800002], [958173.5871000015, 1950708.5172000036], [958088.5632999999, 1950750.7128000003], [958039.153500001, 1950811.5520000006], [958039.2327000003, 1950896.0332000023], [958039.1147000015, 1950979.5025999993], [958038.0839000021, 1950987.2102000013], [958037.5443000006, 1950991.2226000004], [958037.403500001, 1950991.7882000012], [958037.3389000017, 1950992.0474000014], [958033.9219000026, 1951005.5844000014], [958027.951300001, 1951019.7398000003], [958025.118900002, 1951023.2546000024], [958023.7105000018, 1951024.960400003], [958013.745700001, 1951036.728], [957995.2260999999, 1951055.8740000012], [958060.0773000021, 1951060.6482000048], [958066.058500002, 1951061.3062000023], [958072.7735000004, 1951062.7100000037], [958078.1601000014, 1951064.3408000022], [958084.4717000015, 1951066.9663999993], [958090.445100002, 1951069.9035999998], [958093.494900001, 1951071.9568000021], [958100.2173000015, 1951078.5486000017], [958114.8987000005, 1951094.904599999], [958134.308500001, 1951117.8560000027], [958139.5743000023, 1951124.0828000016], [958147.8111000005, 1951135.374799999], [958150.7893000023, 1951140.8969999994], [958161.1469000007, 1951167.5105000006], [958161.8184000007, 1951169.2360000005], [958168.8385000001, 1951187.274000001], [958244.9785000016, 1951277.4264000016], [958323.4579000017, 1951319.7263999982], [958511.9513000003, 1951335.4350000052], [958545.5620999997, 1951320.2638000022]]]}, "properties": {"x": "958455", "y": "1950913", "adm_cd": "11040570", "adm_nm": "서울특별시 성동구 행당2동"}}, {"type": "Feature", "geometry": {"type": "Polygon", "coordinates": [[[959026.3040000014, 1950698.2036000025], [959262.8899000003, 1950567.6422000006], [959378.3971000011, 1950382.9264000026], [959340.1907000007, 1950362.5058000004], [959246.1707000001, 1950301.949200003], [959237.9653000013, 1950295.4612000016], [959184.4782999998, 1950252.107200001], [959162.410700001, 1950233.443200002], [959128.8035000018, 1950194.849799999], [959122.4455000025, 1950187.2474000023], [959118.971300002, 1950182.7975999997], [959111.7923000013, 1950172.6544000003], [959090.1359000002, 1950142.0558000011], [959079.8577000006, 1950125.2706000013], [959063.0987, 1950097.6868000017], [959054.1777000006, 1950081.790200003], [959042.3301000013, 1950060.6788000036], [959017.356500002, 1950023.5330000017], [958990.4009000002, 1949983.6350000014], [958978.7729000004, 1949970.3696000022], [958757.4779000024, 1949788.8822000013], [958755.9365000019, 1949787.747799999], [958741.5607000024, 1949777.566799999], [958724.8997000002, 1949771.2936000032], [958617.0335000025, 1949760.660600002], [958422.0861000014, 1950060.3708000025], [958384.8501000005, 1950107.5506999996], [958379.8891000019, 1950116.2428000006], [958384.0325000017, 1950161.479000001], [958422.5355000013, 1950258.5233999982], [958448.1819000021, 1950359.2908000045], [958450.0565000018, 1950555.965600002], [958449.7383000022, 1950565.3337999997], [958439.0133000017, 1950603.5984000028], [958530.3451000012, 1950544.1586000023], [958605.8247000016, 1950500.1420000007], [958627.8652999997, 1950501.1794000033], [958637.8409000007, 1950501.649000001], [958657.4873000024, 1950504.6252000006], [958859.4999000004, 1950677.9480000022], [959026.3040000014, 1950698.2036000025]]]}, "properties": {"x": "958829", "y": "1950271", "adm_cd": "11040580", "adm_nm": "서울특별시 성동구 응봉동"}}, {"type": "Feature", "geometry": {"type": "Polygon", "coordinates": [[[957995.2260999999, 1951055.8740000012], [958013.745700001, 1951036.728], [958023.7105000018, 1951024.960400003], [958025.118900002, 1951023.2546000024], [958027.951300001, 1951019.7398000003], [958033.9219000026, 1951005.5844000014], [958037.3389000017, 1950992.0474000014], [958037.403500001, 1950991.7882000012], [958037.5443000006, 1950991.2226000004], [958038.0839000021, 1950987.2102000013], [958039.1147000015, 1950979.5025999993], [958039.2327000003, 1950896.0332000023], [958039.153500001, 1950811.5520000006], [958088.5632999999, 1950750.7128000003], [958173.5871000015, 1950708.5172000036], [958312.8085000003, 1950644.145800002], [958439.0133000017, 1950603.5984000028], [958449.7383000022, 1950565.3337999997], [958450.0565000018, 1950555.965600002], [958448.1819000021, 1950359.2908000045], [958422.5355000013, 1950258.5233999982], [958384.0325000017, 1950161.479000001], [958379.8891000019, 1950116.2428000006], [958384.8501000005, 1950107.5506999996], [958422.0861000014, 1950060.3708000025], [958100.8369000012, 1949976.2982000015], [958102.3581000018, 1949977.766600002], [958107.3685000003, 1949982.717999999], [958107.7531000015, 1949983.2208000007], [958110.5907000008, 1949987.4942000003], [958121.2799000004, 1950009.2132999995], [958125.1237000024, 1950030.557], [958133.4329000018, 1950090.7625000011], [958133.8539000007, 1950094.762800003], [958138.6173000019, 1950146.992100002], [958139.2833000007, 1950165.9016000011], [958139.2889000005, 1950166.9829000002], [958136.8787000012, 1950187.888000003], [958136.7563000012, 1950188.5424000025], [958078.3633000008, 1950388.6056000032], [958076.3285000004, 1950395.4898000022], [958072.311900002, 1950404.870800002], [958067.4179000017, 1950413.7733000005], [958063.2411000002, 1950419.9442000021], [958055.5529000013, 1950430.8380000016], [958031.4026000015, 1950451.5144000014], [958027.3716000007, 1950454.6286000044], [958023.4111000015, 1950457.6675000023], [958019.4316000012, 1950460.6694000005], [958015.3271000017, 1950463.2972000018], [957996.8954000014, 1950475.0826000012], [957994.2364000004, 1950476.7559999991], [957992.6841000009, 1950477.563000002], [957907.2997000023, 1950519.9362999992], [957896.8305000018, 1950524.8228999993], [957883.9807000015, 1950529.9910999993], [957881.4641000004, 1950531.0032000025], [957875.3022000015, 1950533.2211000058], [957855.2307000003, 1950539.819000001], [957844.1382000013, 1950542.7231000005], [957603.835900001, 1950809.883900002], [957574.3031000008, 1950986.844200002], [957572.2241000009, 1950990.9982000021], [957862.9363000004, 1951052.664199999], [957995.2260999999, 1951055.8740000012]]]}, "properties": {"x": "958067", "y": "1950570", "adm_cd": "11040590", "adm_nm": "서울특별시 성동구 금호1가동"}}, {"type": "Feature", "geometry": {"type": "Polygon", "coordinates": [[[957375.3345000001, 1949694.3592000012], [957189.3335000006, 1949989.7611000016], [957342.0281000014, 1950005.647000001], [957739.6758000031, 1949991.0792000017], [958100.8369000012, 1949976.2982000015], [958422.0861000014, 1950060.3708000025], [958617.0335000025, 1949760.660600002], [958584.973500001, 1949698.2829999994], [958611.2861000004, 1949335.542799999], [958406.284100001, 1949329.982000003], [958265.6457000014, 1949302.6952], [958184.2921000019, 1949286.0026000007], [958139.6887000009, 1949276.8508000022], [957920.2893000015, 1949231.9660000012], [957919.6485000009, 1949231.9444000009], [957855.1423000011, 1949232.2864000048], [957633.1163000013, 1949261.937000006], [957569.625500002, 1949370.873999999], [957593.2419000033, 1949387.6856000023], [957613.8065000013, 1949392.0598000037], [957584.0561000016, 1949560.332000002], [957486.4639000017, 1949628.4942000057], [957375.3345000001, 1949694.3592000012]]]}, "properties": {"x": "957969", "y": "1949667", "adm_cd": "11040620", "adm_nm": "서울특별시 성동구 금호4가동"}}, {"type": "Feature", "geometry": {"type": "Polygon", "coordinates": [[[959296.0121000006, 1949836.4473999995], [959714.2451000006, 1949751.7424000013], [959773.5378999999, 1949752.128000001], [959823.9577000013, 1949745.0631000006], [959904.9133000006, 1949716.009299998], [959917.8213000011, 1949711.2757000024], [959928.3973000007, 1949707.301100004], [959942.1131000009, 1949701.8463000038], [959964.316500001, 1949692.8703000003], [960111.8823000006, 1949624.5008999999], [960140.120500002, 1949611.2771000033], [960160.6085000022, 1949601.3961000005], [960170.1477000007, 1949593.5814999999], [960211.9147000009, 1949522.9895000008], [960415.889500001, 1949442.9921000004], [960379.3719000019, 1949379.1257000002], [960364.6735000014, 1949352.3697000002], [960336.6337000008, 1949289.9179000016], [960335.2839000005, 1949285.1779000007], [960328.0715000005, 1949259.8494999995], [960325.1268000014, 1949249.494100003], [960304.8317000011, 1949159.4751], [960285.9776999999, 1949071.2087000003], [960284.951100002, 1949062.7741000005], [960284.7607000025, 1949061.2096000044], [960381.0977000003, 1949028.9751999998], [960400.008700001, 1948925.6148999997], [960378.2567000007, 1948839.506400003], [960199.0417, 1948392.0299999998], [960146.1439000017, 1948229.7182000023], [959939.9187000013, 1948386.4450000003], [959893.0461000005, 1948421.782400004], [959867.0683000006, 1948431.1774], [959860.0267000017, 1948433.7240000023], [959830.2979000001, 1948444.470600001], [959394.1771000015, 1948599.8770000031], [959325.862500001, 1948600.3950999985], [959285.6421000017, 1948600.688200003], [959180.510500002, 1948601.3705000007], [959156.1769000019, 1948601.528400003], [958989.4128000012, 1948602.5761999995], [958989.9659000005, 1948683.1398], [958990.9493000021, 1948826.4143999997], [958769.9190999998, 1949208.3110000002], [958763.0351000003, 1949219.3554000033], [958757.9583000003, 1949227.5002000001], [958681.3343000009, 1949284.327400003], [958611.2861000004, 1949335.542799999], [958584.973500001, 1949698.2829999994], [958607.4080999999, 1949687.607600003], [958760.6573000016, 1949614.6850000033], [958791.5465000006, 1949616.2299000008], [958800.0505000006, 1949616.6553000011], [958866.9199000013, 1949668.679500002], [958975.6089000026, 1949765.4661000017], [959048.6873000015, 1949860.7275000014], [959168.8398000017, 1949877.978000003], [959296.0121000006, 1949836.4473999995]]]}, "properties": {"x": "959569", "y": "1949145", "adm_cd": "11040650", "adm_nm": "서울특별시 성동구 성수1가1동"}}, {"type": "Feature", "geometry": {"type": "Polygon", "coordinates": [[[960053.7215000021, 1950375.1111999978], [960439.6593000023, 1950260.5938000018], [960211.9147000009, 1949522.9895000008], [960170.1477000007, 1949593.5814999999], [960160.6085000022, 1949601.3961000005], [960140.120500002, 1949611.2771000033], [960111.8823000006, 1949624.5008999999], [959964.316500001, 1949692.8703000003], [959942.1131000009, 1949701.8463000038], [959928.3973000007, 1949707.301100004], [959917.8213000011, 1949711.2757000024], [959904.9133000006, 1949716.009299998], [959823.9577000013, 1949745.0631000006], [959773.5378999999, 1949752.128000001], [959714.2451000006, 1949751.7424000013], [959296.0121000006, 1949836.4473999995], [959168.8398000017, 1949877.978000003], [959048.6873000015, 1949860.7275000014], [958975.6089000026, 1949765.4661000017], [958866.9199000013, 1949668.679500002], [958800.0505000006, 1949616.6553000011], [958791.5465000006, 1949616.2299000008], [958760.6573000016, 1949614.6850000033], [958607.4080999999, 1949687.607600003], [958584.973500001, 1949698.2829999994], [958617.0335000025, 1949760.660600002], [958724.8997000002, 1949771.2936000032], [958741.5607000024, 1949777.566799999], [958755.9365000019, 1949787.747799999], [958757.4779000024, 1949788.8822000013], [958978.7729000004, 1949970.3696000022], [958990.4009000002, 1949983.6350000014], [959017.356500002, 1950023.5330000017], [959042.3301000013, 1950060.6788000036], [959054.1777000006, 1950081.790200003], [959063.0987, 1950097.6868000017], [959079.8577000006, 1950125.2706000013], [959090.1359000002, 1950142.0558000011], [959111.7923000013, 1950172.6544000003], [959118.971300002, 1950182.7975999997], [959122.4455000025, 1950187.2474000023], [959128.8035000018, 1950194.849799999], [959162.410700001, 1950233.443200002], [959184.4782999998, 1950252.107200001], [959237.9653000013, 1950295.4612000016], [959246.1707000001, 1950301.949200003], [959340.1907000007, 1950362.5058000004], [959378.3971000011, 1950382.9264000026], [959489.1817, 1950470.0264000031], [959489.4603000011, 1950470.2119999994], [959503.9843000004, 1950479.1396000017], [959511.9685000016, 1950484.047200001], [959544.5163000007, 1950495.7474000063], [959612.9353000008, 1950518.3310000019], [959656.1377000017, 1950528.9815999996], [959891.3822999999, 1950579.6496000013], [959904.4480999997, 1950572.4100000034], [959931.6608999996, 1950557.3314000051], [959981.9507000014, 1950518.8274000024], [960053.7215000021, 1950375.1111999978]]]}, "properties": {"x": "959692", "y": "1950060", "adm_cd": "11040660", "adm_nm": "서울특별시 성동구 성수1가2동"}}, {"type": "Feature", "geometry": {"type": "Polygon", "coordinates": [[[960415.9265000004, 1949442.9783000017], [961381.2659, 1949073.4988000002], [961257.8301000015, 1948800.1432999996], [961134.6591000009, 1948528.8766000008], [961123.2269000006, 1948503.7175999982], [961093.9681000006, 1948439.454000001], [961086.7947000021, 1948423.7580000008], [961083.5717000004, 1948416.7388000013], [961061.9745000028, 1948372.5818000017], [960999.4925000009, 1948233.4963999996], [960939.4895000033, 1948099.3030000026], [960935.3551000013, 1948090.050400002], [960902.9453999997, 1948017.5186000026], [960883.7070000018, 1947974.3999000033], [960789.1121000017, 1947761.9441000018], [960788.4873000016, 1947760.5496000014], [960784.1576000006, 1947762.2607000035], [960775.8324999997, 1947765.5508000024], [960750.5073000013, 1947775.5903999987], [960724.0729000013, 1947786.0896000008], [960691.5725, 1947799.0070000011], [960683.7873000012, 1947805.3747999994], [960545.2009000012, 1947919.2170000034], [960423.6051000021, 1948019.1202000012], [960390.8613000014, 1948044.9220000017], [960370.5363000007, 1948060.4740000018], [960331.5543000017, 1948089.9795999993], [960146.1439000017, 1948229.7182000023], [960199.0417, 1948392.0299999998], [960378.2567000007, 1948839.506400003], [960400.008700001, 1948925.6148999997], [960381.0977000003, 1949028.9751999998], [960284.7607000025, 1949061.2096000044], [960284.951100002, 1949062.7741000005], [960285.9776999999, 1949071.2087000003], [960304.8317000011, 1949159.4751], [960325.1268000014, 1949249.494100003], [960328.0715000005, 1949259.8494999995], [960335.2839000005, 1949285.1779000007], [960336.6337000008, 1949289.9179000016], [960364.6735000014, 1949352.3697000002], [960379.3719000019, 1949379.1257000002], [960415.889500001, 1949442.9921000004], [960415.9265000004, 1949442.9783000017]]]}, "properties": {"x": "960716", "y": "1948653", "adm_cd": "11040670", "adm_nm": "서울특별시 성동구 성수2가1동"}}, {"type": "Feature", "geometry": {"type": "Polygon", "coordinates": [[[961381.241300001, 1949952.1812000026], [961792.7759000002, 1949975.9662000034], [961484.5783000016, 1949300.6531999996], [961381.2659, 1949073.4988000002], [960415.9265000004, 1949442.9783000017], [960415.889500001, 1949442.9921000004], [960211.9147000009, 1949522.9895000008], [960439.6593000023, 1950260.5938000018], [960712.9461000008, 1950147.3648000031], [960837.7269000009, 1950082.2613999988], [960840.746800002, 1950081.0539999986], [960861.7809000011, 1950072.6454000026], [960867.4639000015, 1950070.3780000028], [960873.9445000004, 1950067.7926000033], [960882.5115000017, 1950064.4098000028], [960891.0427000017, 1950061.0412000003], [960901.3399000005, 1950056.9754000017], [960903.8281000005, 1950056.0566000037], [960935.9315000002, 1950044.4496000006], [960964.5409000013, 1950034.1128000012], [960982.4628000017, 1950027.6486], [961016.9101000002, 1950015.2240000025], [961029.4361000012, 1950011.3969999999], [961061.5339000011, 1950002.153200002], [961108.454700001, 1949988.6434000023], [961250.0753000013, 1949962.6102000033], [961339.6527000016, 1949954.5160000026], [961365.5899000021, 1949952.2094000014], [961381.241300001, 1949952.1812000026]]]}, "properties": {"x": "960968", "y": "1949671", "adm_cd": "11040680", "adm_nm": "서울특별시 성동구 성수2가3동"}}, {"type": "Feature", "geometry": {"type": "Polygon", "coordinates": [[[962223.8313000007, 1950922.3639999996], [961792.8341000006, 1949976.0940000033], [961792.7759000002, 1949975.9662000034], [961381.241300001, 1949952.1812000026], [961365.5899000021, 1949952.2094000014], [961339.6527000016, 1949954.5160000026], [961250.0753000013, 1949962.6102000033], [961108.454700001, 1949988.6434000023], [961061.5339000011, 1950002.153200002], [961029.4361000012, 1950011.3969999999], [961016.9101000002, 1950015.2240000025], [960982.4628000017, 1950027.6486], [960964.5409000013, 1950034.1128000012], [960935.9315000002, 1950044.4496000006], [960903.8281000005, 1950056.0566000037], [960901.3399000005, 1950056.9754000017], [960891.0427000017, 1950061.0412000003], [960882.5115000017, 1950064.4098000028], [960873.9445000004, 1950067.7926000033], [960867.4639000015, 1950070.3780000028], [960861.7809000011, 1950072.6454000026], [960840.746800002, 1950081.0539999986], [960837.7269000009, 1950082.2613999988], [960712.9461000008, 1950147.3648000031], [960439.6593000023, 1950260.5938000018], [960053.7215000021, 1950375.1111999978], [959981.9507000014, 1950518.8274000024], [960165.0097000017, 1950452.0099999984], [960194.3525000018, 1950419.8740000008], [960198.5251000016, 1950417.2587999995], [960236.7145000005, 1950393.845800002], [960256.0429, 1950386.520200002], [960258.9991000018, 1950385.401400003], [960262.611500001, 1950384.0359999994], [960292.7343000011, 1950372.669000002], [960297.4911000014, 1950371.8186000008], [960325.4779000022, 1950373.4824000015], [960329.8147, 1950374.708600001], [960330.5297000014, 1950374.9108000016], [960357.4219000024, 1950382.678999999], [960358.1579000005, 1950383.0808000013], [960390.0069000007, 1950403.998199999], [960399.7251000016, 1950410.3812000013], [960411.7273000018, 1950418.2818000019], [960416.3409000008, 1950437.0911999994], [960427.469100002, 1950433.2468000003], [960629.9819000004, 1950363.283400001], [960641.6693000013, 1950359.2455999996], [960742.9325000022, 1950322.4246000005], [960858.3329000019, 1950280.4628000017], [961002.3809000007, 1950224.4467999986], [961035.6033000015, 1950211.527400001], [961103.3545000006, 1950185.0635999986], [961161.6623000002, 1950162.288200003], [961201.7407000011, 1950149.1857999992], [961243.4859000013, 1950135.5385999999], [961254.1301000001, 1950132.0590000015], [961277.4133000022, 1950135.6524000014], [961290.6713000016, 1950137.698599999], [961313.9773000004, 1950141.2956000036], [961347.5893000006, 1950146.483400002], [961395.0139000011, 1950169.1884000031], [961432.6339000014, 1950192.7355999998], [961437.6559000014, 1950195.8790000004], [961447.3614999998, 1950201.9542000014], [961479.5343000018, 1950235.414], [961495.0261000015, 1950251.5258000037], [961495.2735000006, 1950251.7836000056], [961495.3759000006, 1950251.9389999988], [961497.2181000018, 1950254.7528000004], [961541.6665000004, 1950322.6530000027], [961564.0639000023, 1950356.8678000006], [961572.4231000007, 1950369.6380000024], [961589.0287000012, 1950405.9561999994], [961612.3695000021, 1950457.0196000026], [961625.561300002, 1950485.8756000036], [961628.4067000009, 1950490.5368000004], [961647.3617000012, 1950521.585200001], [961685.061700002, 1950583.3364000008], [961700.5351000021, 1950608.681], [961703.4545000019, 1950613.4618000025], [961859.3513000008, 1950850.9426000004], [962199.5661000018, 1951279.9672000022], [962233.2449000007, 1951264.4266000018], [962352.2556999997, 1951203.2682000007], [962223.8313000007, 1950922.3639999996]]]}, "properties": {"x": "962263", "y": "1951008", "adm_cd": "11040690", "adm_nm": "서울특별시 성동구 송정동"}}, {"type": "Feature", "geometry": {"type": "Polygon", "coordinates": [[[959381.8375000006, 1952723.8938000011], [959605.5349000007, 1952689.8478999985], [959675.177700001, 1952652.6422], [959813.2279000022, 1952577.8329999996], [960080.7513000001, 1952431.0021999995], [960099.5717000021, 1952413.3620000018], [960120.1635000005, 1952394.0125999989], [960127.8283000012, 1952386.8090000036], [960133.883700002, 1952381.094], [960139.4457000007, 1952375.8334000013], [960463.9265000009, 1952068.412000003], [960696.1109000016, 1951848.239400002], [960946.4841000015, 1951611.7532000006], [960959.5871000006, 1951599.2818], [961031.1719000008, 1951531.148800001], [961087.2129, 1951520.8058000025], [961093.1277000007, 1951519.7144000032], [961707.6237000015, 1951406.3417999991], [962005.7761000016, 1951351.3346000002], [962199.5661000018, 1951279.9672000022], [961859.3513000008, 1950850.9426000004], [961703.4545000019, 1950613.4618000025], [961700.5351000021, 1950608.681], [961685.061700002, 1950583.3364000008], [961647.3617000012, 1950521.585200001], [961628.4067000009, 1950490.5368000004], [961625.561300002, 1950485.8756000036], [961612.3695000021, 1950457.0196000026], [961589.0287000012, 1950405.9561999994], [961572.4231000007, 1950369.6380000024], [961564.0639000023, 1950356.8678000006], [961541.6665000004, 1950322.6530000027], [961497.2181000018, 1950254.7528000004], [961495.3759000006, 1950251.9389999988], [961495.2735000006, 1950251.7836000056], [961495.0261000015, 1950251.5258000037], [961479.5343000018, 1950235.414], [961447.3614999998, 1950201.9542000014], [961437.6559000014, 1950195.8790000004], [961432.6339000014, 1950192.7355999998], [961395.0139000011, 1950169.1884000031], [961347.5893000006, 1950146.483400002], [961313.9773000004, 1950141.2956000036], [961290.6713000016, 1950137.698599999], [961277.4133000022, 1950135.6524000014], [961254.1301000001, 1950132.0590000015], [961243.4859000013, 1950135.5385999999], [961201.7407000011, 1950149.1857999992], [961161.6623000002, 1950162.288200003], [961103.3545000006, 1950185.0635999986], [961035.6033000015, 1950211.527400001], [961002.3809000007, 1950224.4467999986], [960858.3329000019, 1950280.4628000017], [960742.9325000022, 1950322.4246000005], [960641.6693000013, 1950359.2455999996], [960629.9819000004, 1950363.283400001], [960427.469100002, 1950433.2468000003], [960416.3409000008, 1950437.0911999994], [960411.7273000018, 1950418.2818000019], [960399.7251000016, 1950410.3812000013], [960390.0069000007, 1950403.998199999], [960358.1579000005, 1950383.0808000013], [960357.4219000024, 1950382.678999999], [960330.5297000014, 1950374.9108000016], [960329.8147, 1950374.708600001], [960325.4779000022, 1950373.4824000015], [960297.4911000014, 1950371.8186000008], [960292.7343000011, 1950372.669000002], [960262.611500001, 1950384.0359999994], [960258.9991000018, 1950385.401400003], [960256.0429, 1950386.520200002], [960236.7145000005, 1950393.845800002], [960198.5251000016, 1950417.2587999995], [960194.3525000018, 1950419.8740000008], [960165.0097000017, 1950452.0099999984], [960166.2287000011, 1950453.052400004], [960171.5399000004, 1950458.971799999], [960194.9247000013, 1950485.0362000002], [960197.0373000004, 1950487.5094000008], [960209.6775000023, 1950502.8139999993], [960213.5711000016, 1950507.8994000023], [960215.6335000017, 1950510.5936000005], [960222.3223000008, 1950519.3320000018], [960244.3135000013, 1950550.3335999998], [960252.505300001, 1950563.6872000005], [960376.3323000015, 1950783.1857999992], [960387.5635000018, 1950817.7472], [960407.6963000007, 1950962.2104000004], [960413.8811000017, 1951057.3772000019], [960412.792900001, 1951183.9284000017], [960355.7951000013, 1951560.6592000015], [960337.1898999998, 1951574.9934000028], [960304.7594999999, 1951586.5314000056], [960291.7931000015, 1951595.3756000027], [960194.9769000022, 1951672.511600006], [960114.1749000007, 1951858.7306000022], [959937.7087000008, 1952288.8160000024], [959925.315100001, 1952314.0282000005], [959919.9703000004, 1952322.1476000017], [959919.0401000008, 1952323.5580000016], [959915.4451000005, 1952328.9810000027], [959903.0138999999, 1952346.9152000025], [959902.0673000002, 1952348.0449999995], [959893.0025000025, 1952358.2746000024], [959875.1447000006, 1952378.4264000007], [959870.3444999997, 1952383.3249999995], [959869.7537000007, 1952383.8910000022], [959846.897700001, 1952400.5680000004], [959843.4141000008, 1952402.9538000026], [959744.744100001, 1952470.3030000017], [959663.0615000017, 1952518.5314000023], [959611.922200001, 1952547.1681999988], [959556.564100001, 1952576.293000002], [959555.8317000009, 1952576.578800003], [959507.1023000008, 1952592.0517000025], [959490.2009000002, 1952597.4181999979], [959489.875100001, 1952597.5207999998], [959467.0053000003, 1952604.713], [959422.605100001, 1952618.676000006], [959417.4549000014, 1952620.265800001], [959415.6031000006, 1952620.8374000036], [959408.8459000002, 1952621.997800001], [959368.8521000007, 1952628.320400001], [959329.9265000019, 1952634.4740000023], [959285.3687000009, 1952641.3232000018], [959271.199500001, 1952643.5012000015], [959270.2945000019, 1952643.6310000014], [959263.6385000007, 1952643.6664000005], [959239.4159000013, 1952643.7947999998], [959214.539000001, 1952643.896000001], [959381.8375000006, 1952723.8938000011]]]}, "properties": {"x": "960925", "y": "1951149", "adm_cd": "11040700", "adm_nm": "서울특별시 성동구 용답동"}}, {"type": "Feature", "geometry": {"type": "Polygon", "coordinates": [[[958072.4082000013, 1952492.1104000015], [958520.7557000016, 1952374.8373999996], [958521.96, 1952374.6256000018], [958532.6631000016, 1952373.6942000012], [958551.6871000003, 1952372.0458], [958572.6097000006, 1952371.7168000024], [958580.3251000021, 1952371.599000001], [958583.2360000001, 1952371.7594000038], [958600.1031000015, 1952372.9876000031], [958606.5873000006, 1952373.478000002], [958606.9875000005, 1952373.5528000002], [958612.5765000018, 1952374.8736000024], [958620.8856, 1952376.975800003], [958630.4160000003, 1952379.3972000019], [958633.6035000018, 1952380.5140000056], [958664.5789000004, 1952394.439400002], [958671.6417000002, 1952397.7456000024], [958686.7300000008, 1952404.840900004], [958805.5505000013, 1952281.9690000026], [958813.6261000002, 1952220.634000003], [958813.2279000024, 1952220.3784000007], [958792.3889000004, 1952207.2317999993], [958749.139500001, 1952179.799600002], [958901.8853000018, 1951990.3808000044], [958907.8201000004, 1951983.0540000014], [958912.2839000016, 1951977.8462000028], [959066.6516000015, 1951954.832200002], [959057.3873000009, 1951868.2641999987], [959057.3819000007, 1951868.214], [959053.3065000004, 1951830.7642000015], [959048.168100002, 1951784.2640000032], [959030.4513000019, 1951625.1559999995], [959029.932500002, 1951620.5098], [959028.8529000019, 1951610.8430000055], [959023.0211000002, 1951558.6284000007], [959022.9315000004, 1951558.1430000023], [959022.7771000015, 1951557.4890000024], [958982.1036999999, 1951440.5325999998], [958982.0743000023, 1951440.4488000018], [958972.8749000016, 1951444.040200002], [958909.6219000019, 1951479.3646000037], [958865.101500002, 1951519.6958000036], [958806.1689000002, 1951576.7588], [958262.9395000022, 1951830.1589999998], [958207.0575000007, 1951837.8840999994], [957925.901700001, 1951866.444000002], [957912.8272000018, 1952610.3775000018], [958072.4082000013, 1952492.1104000015]]]}, "properties": {"x": "958357", "y": "1952249", "adm_cd": "11040710", "adm_nm": "서울특별시 성동구 왕십리도선동"}}, {"type": "Feature", "geometry": {"type": "Polygon", "coordinates": [[[957574.3031000008, 1950986.844200002], [957603.835900001, 1950809.883900002], [957844.1382000013, 1950542.7231000005], [957855.2307000003, 1950539.819000001], [957875.3022000015, 1950533.2211000058], [957881.4641000004, 1950531.0032000025], [957883.9807000015, 1950529.9910999993], [957896.8305000018, 1950524.8228999993], [957907.2997000023, 1950519.9362999992], [957992.6841000009, 1950477.563000002], [957994.2364000004, 1950476.7559999991], [957996.8954000014, 1950475.0826000012], [958015.3271000017, 1950463.2972000018], [958019.4316000012, 1950460.6694000005], [958023.4111000015, 1950457.6675000023], [958027.3716000007, 1950454.6286000044], [958031.4026000015, 1950451.5144000014], [958055.5529000013, 1950430.8380000016], [958063.2411000002, 1950419.9442000021], [958067.4179000017, 1950413.7733000005], [958072.311900002, 1950404.870800002], [958076.3285000004, 1950395.4898000022], [958078.3633000008, 1950388.6056000032], [958136.7563000012, 1950188.5424000025], [958136.8787000012, 1950187.888000003], [958139.2889000005, 1950166.9829000002], [958139.2833000007, 1950165.9016000011], [958138.6173000019, 1950146.992100002], [958133.8539000007, 1950094.762800003], [958133.4329000018, 1950090.7625000011], [958125.1237000024, 1950030.557], [958121.2799000004, 1950009.2132999995], [958110.5907000008, 1949987.4942000003], [958107.7531000015, 1949983.2208000007], [958107.3685000003, 1949982.717999999], [958102.3581000018, 1949977.766600002], [958100.8369000012, 1949976.2982000015], [957739.6758000031, 1949991.0792000017], [957342.0281000014, 1950005.647000001], [957189.3335000006, 1949989.7611000016], [957113.287100001, 1950162.6571000023], [956994.5077000004, 1950190.4950000006], [957276.0489000002, 1950517.5732000014], [957342.6383000014, 1950697.775400001], [957369.2177000006, 1950832.0406000023], [957395.7934000011, 1950892.4940999995], [957399.6931000007, 1950901.3650000033], [957407.0143000018, 1950913.7775999997], [957434.6001000013, 1950946.7880000006], [957553.0089000014, 1951006.5998000018], [957572.2241000009, 1950990.9982000021], [957574.3031000008, 1950986.844200002]]]}, "properties": {"x": "957598", "y": "1950348", "adm_cd": "11040720", "adm_nm": "서울특별시 성동구 금호2·3가동"}}, {"type": "Feature", "geometry": {"type": "Polygon", "coordinates": [[[957113.287100001, 1950162.6571000023], [957189.3335000006, 1949989.7611000016], [957375.3345000001, 1949694.3592000012], [957486.4639000017, 1949628.4942000057], [957584.0561000016, 1949560.332000002], [957613.8065000013, 1949392.0598000037], [957593.2419000033, 1949387.6856000023], [957569.625500002, 1949370.873999999], [957633.1163000013, 1949261.937000006], [957855.1423000011, 1949232.2864000048], [957919.6485000009, 1949231.9444000009], [957920.2893000015, 1949231.9660000012], [958139.6887000009, 1949276.8508000022], [958184.2921000019, 1949286.0026000007], [958265.6457000014, 1949302.6952], [958406.284100001, 1949329.982000003], [958611.2861000004, 1949335.542799999], [958681.3343000009, 1949284.327400003], [958757.9583000003, 1949227.5002000001], [958763.0351000003, 1949219.3554000033], [958769.9190999998, 1949208.3110000002], [958990.9493000021, 1948826.4143999997], [958989.9659000005, 1948683.1398], [958989.4128000012, 1948602.5761999995], [957884.7535000014, 1948604.5602000041], [957697.0454000019, 1948607.8214000016], [957365.6997000001, 1948408.1547999987], [957366.9483000012, 1948458.2466000014], [957368.7503000025, 1948530.5422000014], [957370.376700002, 1948595.7967999997], [957374.6007000038, 1948765.276200003], [957375.7881000016, 1948812.9223999982], [957354.8175000041, 1948822.842800002], [957154.7006999999, 1948912.8161999984], [956996.4609000045, 1948951.8018000019], [956842.3307000012, 1948968.056200001], [956706.7505000043, 1949009.459800003], [956697.9925000023, 1949016.7036000027], [956689.8783000014, 1949023.9748000023], [956675.3833000001, 1949036.964000002], [956657.276700001, 1949067.5792000052], [956653.841500002, 1949073.3876000065], [956607.4821000013, 1949252.8458000002], [956600.5347000011, 1949286.3902000005], [956598.1151000021, 1949298.588600002], [956624.4543000025, 1949535.9672000022], [956551.547100002, 1949635.2644000011], [956635.2651000009, 1949860.205999999], [956645.752100002, 1949885.0730000013], [956654.7979000007, 1949905.2796000014], [956687.2697000012, 1949952.3937999995], [956736.6153000004, 1949968.5689999992], [956798.4857000019, 1949984.1112000067], [956824.1047000007, 1949998.6941999986], [956857.6423000047, 1950017.7850000048], [956994.5077000004, 1950190.4950000006], [957113.287100001, 1950162.6571000023]]]}, "properties": {"x": "957639", "y": "1949168", "adm_cd": "11040730", "adm_nm": "서울특별시 성동구 옥수동"}}, {"type": "Feature", "geometry": {"type": "Polygon", "coordinates": [[[962057.6825000014, 1949937.6044000008], [962380.7757000007, 1949861.672400002], [962639.0504999999, 1949705.098000003], [962652.0397000018, 1949699.4304000016], [962661.4093000022, 1949695.342199999], [962671.9761000017, 1949691.769200001], [962699.0893000006, 1949683.1724000005], [962858.4161000005, 1949640.7525999986], [962865.8283000018, 1949638.8381999985], [962892.6319000018, 1949635.0184000027], [963035.5065000012, 1949634.5272000004], [962913.7230000005, 1949604.6144000003], [962857.6135000013, 1949472.3219000008], [962852.0684000009, 1949405.9927000008], [962852.0016000022, 1949405.1931000003], [963009.9529000007, 1949283.128800001], [963024.5373000021, 1949272.4979999992], [963113.6533000015, 1949211.8177000023], [963159.7953000021, 1949196.4904000012], [963141.9587000012, 1949145.0120000008], [963135.5401000001, 1949126.8610000024], [963110.2097000014, 1949055.2418000018], [962966.3281000003, 1948926.4520000024], [962866.5395000012, 1948907.8681999994], [962759.2173000018, 1948934.3443999998], [962611.3681000002, 1948959.795200001], [962577.5605000001, 1948965.535200003], [962572.8735000015, 1948966.3306], [962474.3712999998, 1948980.025800003], [962471.7150999997, 1948973.2625999986], [962466.514900001, 1948959.9971999996], [962461.5293000011, 1948912.9646], [962327.4495000013, 1948936.8132000011], [962065.638900003, 1949043.1861999999], [961990.1507000043, 1949061.669600003], [961484.5783000016, 1949300.6531999996], [961792.7759000002, 1949975.9662000034], [961792.8341000006, 1949976.0940000033], [962057.6825000014, 1949937.6044000008]]]}, "properties": {"x": "962319", "y": "1949407", "adm_cd": "11050530", "adm_nm": "서울특별시 광진구 화양동"}}, {"type": "Feature", "geometry": {"type": "Polygon", "coordinates": [[[962837.0139000013, 1950902.7766000016], [962701.7715000001, 1950597.1624000005], [962657.197500001, 1950485.7848000028], [962662.0537000005, 1950482.4519999991], [962672.4171000009, 1950475.3394], [962582.7579000001, 1950233.8464000004], [962551.5675000008, 1950161.0612000003], [962511.2185000024, 1950075.2338000005], [962490.8709000025, 1950032.7504000007], [962380.7757000007, 1949861.672400002], [962057.6825000014, 1949937.6044000008], [961792.8341000006, 1949976.0940000033], [962223.8313000007, 1950922.3639999996], [962352.2556999997, 1951203.2682000007], [962858.9243000001, 1950952.3502000014], [962837.0139000013, 1950902.7766000016]]]}, "properties": {"x": "962245", "y": "1950493", "adm_cd": "11050540", "adm_nm": "서울특별시 광진구 군자동"}}, {"type": "Feature", "geometry": {"type": "Polygon", "coordinates": [[[962860.0883000019, 1950952.3853999986], [962859.8669000001, 1950951.8844000013], [962858.9243000001, 1950952.3502000014], [962352.2556999997, 1951203.2682000007], [962233.2449000007, 1951264.4266000018], [962331.6019000013, 1951592.2896000033], [962435.3211000015, 1951849.0878000031], [962538.594100002, 1952003.7007999993], [963204.4701000007, 1951731.1376999994], [962860.0883000019, 1950952.3853999986]]]}, "properties": {"x": "962701", "y": "1951495", "adm_cd": "11050550", "adm_nm": "서울특별시 광진구 중곡1동"}}, {"type": "Feature", "geometry": {"type": "Polygon", "coordinates": [[[963414.2675000003, 1951638.407000003], [963518.5411000015, 1951652.0825999985], [963666.8333000019, 1950522.8103999996], [963145.882100002, 1950809.9331999987], [962859.8669000001, 1950951.8844000013], [962860.0883000019, 1950952.3853999986], [963204.4701000007, 1951731.1376999994], [963414.2675000003, 1951638.407000003]]]}, "properties": {"x": "963311", "y": "1951138", "adm_cd": "11050560", "adm_nm": "서울특별시 광진구 중곡2동"}}, {"type": "Feature", "geometry": {"type": "Polygon", "coordinates": [[[962966.186900001, 1952556.5164000052], [963454.0673000023, 1952465.6230000013], [963453.9945000021, 1952463.8293000022], [963450.8301000001, 1952385.7678000014], [963447.0153000006, 1952291.6497999998], [963446.996700001, 1952291.174699999], [963446.548300002, 1952266.4492000034], [963445.6139000009, 1952214.7966000016], [963452.0621000016, 1952161.653999999], [963453.3429000014, 1952151.0990000004], [963503.6079000023, 1951764.2454999997], [963518.5411000015, 1951652.0825999985], [963414.2675000003, 1951638.407000003], [963204.4701000007, 1951731.1376999994], [962538.594100002, 1952003.7007999993], [962752.8883000005, 1952583.3739000007], [962966.186900001, 1952556.5164000052]]]}, "properties": {"x": "963074", "y": "1952140", "adm_cd": "11050570", "adm_nm": "서울특별시 광진구 중곡3동"}}, {"type": "Feature", "geometry": {"type": "Polygon", "coordinates": [[[964825.0582999997, 1952633.2498000027], [964954.377100002, 1952619.252000001], [965001.1111000025, 1952578.945999999], [965002.4783000017, 1952577.766200001], [965051.1367000013, 1952519.904999998], [965022.3417000016, 1952435.246800005], [965017.4521000006, 1952420.8714000029], [964939.0607000021, 1952144.2366000037], [964817.2449000019, 1951622.5502000025], [964779.3471000018, 1951432.917400001], [964775.5039000011, 1951403.3551999987], [964771.8035000024, 1951374.2296000014], [964772.4493000013, 1951370.9301999994], [964772.8381000017, 1951368.9442000017], [964785.2511000021, 1951309.3082000022], [964795.8699000007, 1951285.3227999986], [964808.0411000021, 1951258.0380000018], [964808.3575000017, 1951257.329200002], [964821.7009000015, 1951228.7692000007], [964831.047500001, 1951209.3840000015], [964836.1743000002, 1951201.2337999998], [964863.276700001, 1951177.187200002], [964617.3255000021, 1951082.8162000016], [964530.8393000016, 1951032.1060000022], [964256.7813000013, 1950858.3570000036], [964106.3547000018, 1950745.4668000014], [964099.1225000015, 1950736.6334000023], [964078.6071000013, 1950711.5019999994], [964078.8893000003, 1950711.1616000002], [964084.7215000014, 1950704.1283999998], [963989.8433000002, 1950598.1073999999], [963878.2030999998, 1950473.811199999], [963866.4243000012, 1950460.7590000029], [963859.3915000006, 1950458.0429999998], [963740.8898999998, 1950414.4370000032], [963666.8333000019, 1950522.8103999996], [963518.5411000015, 1951652.0825999985], [963503.6079000023, 1951764.2454999997], [963453.3429000014, 1952151.0990000004], [963452.0621000016, 1952161.653999999], [963445.6139000009, 1952214.7966000016], [963446.548300002, 1952266.4492000034], [963446.996700001, 1952291.174699999], [963447.0153000006, 1952291.6497999998], [963450.8301000001, 1952385.7678000014], [963453.9945000021, 1952463.8293000022], [963454.0673000023, 1952465.6230000013], [963633.2787000008, 1952465.9526000004], [963639.4923000003, 1952442.791400001], [963642.3565000006, 1952431.9201999982], [963652.2805000021, 1952392.1008000022], [963657.5713000018, 1952390.5418000007], [963837.2283000004, 1952337.622600002], [964126.1305000016, 1952433.402699998], [964252.681300002, 1952447.7484], [964628.6957000023, 1952671.4759000002], [964740.0793000014, 1952766.0398000025], [964757.1069000019, 1952784.7402000015], [964825.0582999997, 1952633.2498000027]]]}, "properties": {"x": "964185", "y": "1951689", "adm_cd": "11050580", "adm_nm": "서울특별시 광진구 중곡4동"}}, {"type": "Feature", "geometry": {"type": "Polygon", "coordinates": [[[963145.882100002, 1950809.9331999987], [963666.8333000019, 1950522.8103999996], [963740.8898999998, 1950414.4370000032], [963748.8597000008, 1950388.6932000031], [963758.1939000019, 1950358.5414000005], [963568.7599000009, 1950085.9542], [963405.7469000006, 1949908.1060000034], [963410.3701000012, 1949886.4077999997], [963427.193700001, 1949770.0294000008], [963424.5499000014, 1949749.725800001], [963345.8026000016, 1949611.629000003], [963035.5065000012, 1949634.5272000004], [962892.6319000018, 1949635.0184000027], [962865.8283000018, 1949638.8381999985], [962858.4161000005, 1949640.7525999986], [962699.0893000006, 1949683.1724000005], [962671.9761000017, 1949691.769200001], [962661.4093000022, 1949695.342199999], [962652.0397000018, 1949699.4304000016], [962639.0504999999, 1949705.098000003], [962380.7757000007, 1949861.672400002], [962490.8709000025, 1950032.7504000007], [962511.2185000024, 1950075.2338000005], [962551.5675000008, 1950161.0612000003], [962582.7579000001, 1950233.8464000004], [962672.4171000009, 1950475.3394], [962662.0537000005, 1950482.4519999991], [962657.197500001, 1950485.7848000028], [962701.7715000001, 1950597.1624000005], [962837.0139000013, 1950902.7766000016], [962858.9243000001, 1950952.3502000014], [962859.8669000001, 1950951.8844000013], [963145.882100002, 1950809.9331999987]]]}, "properties": {"x": "963059", "y": "1950219", "adm_cd": "11050590", "adm_nm": "서울특별시 광진구 능동"}}, {"type": "Feature", "geometry": {"type": "Polygon", "coordinates": [[[963433.8205000022, 1949604.7070000009], [963839.404500002, 1949562.6750000007], [963689.8901000018, 1948801.5066000046], [963212.3943000017, 1948658.3962000012], [963179.2315000016, 1949056.4932000039], [963159.7953000021, 1949196.4904000012], [963113.6533000015, 1949211.8177000023], [963024.5373000021, 1949272.4979999992], [963009.9529000007, 1949283.128800001], [962852.0016000022, 1949405.1931000003], [962852.0684000009, 1949405.9927000008], [962857.6135000013, 1949472.3219000008], [962913.7230000005, 1949604.6144000003], [963035.5065000012, 1949634.5272000004], [963345.8026000016, 1949611.629000003], [963433.8205000022, 1949604.7070000009]]]}, "properties": {"x": "963423", "y": "1949212", "adm_cd": "11050600", "adm_nm": "서울특별시 광진구 구의1동"}}, {"type": "Feature", "geometry": {"type": "Polygon", "coordinates": [[[965105.108500002, 1950854.9203000008], [965104.1023000015, 1950849.3628], [965093.9525000013, 1950793.3032999998], [965086.7969000011, 1950763.4780000057], [965072.2855000021, 1950704.4832000018], [964933.0829000004, 1950544.3454000019], [964869.559300001, 1950505.7591999988], [964818.4277000008, 1950518.556600003], [964813.8967000014, 1950521.2676000008], [964795.1867000007, 1950524.615500005], [964747.4183000007, 1950511.7178000018], [964703.9271, 1950498.5786000025], [964666.3697000013, 1950479.2222000035], [964552.2867000013, 1950366.9636000022], [964484.4332999999, 1950180.5197999992], [964465.2386999999, 1950074.7556000021], [964458.2011000004, 1949990.6370000038], [964460.2781000007, 1949955.1392], [964507.4767000027, 1949875.2944000007], [964478.7463, 1949817.9376000022], [964272.0991000017, 1949595.7118000006], [964059.7355000016, 1949454.106699998], [964000.5057000013, 1949498.6559000008], [963839.404500002, 1949562.6750000007], [963433.8205000022, 1949604.7070000009], [963345.8026000016, 1949611.629000003], [963424.5499000014, 1949749.725800001], [963427.193700001, 1949770.0294000008], [963410.3701000012, 1949886.4077999997], [963405.7469000006, 1949908.1060000034], [963568.7599000009, 1950085.9542], [963758.1939000019, 1950358.5414000005], [963748.8597000008, 1950388.6932000031], [963740.8898999998, 1950414.4370000032], [963859.3915000006, 1950458.0429999998], [963866.4243000012, 1950460.7590000029], [963878.2030999998, 1950473.811199999], [963989.8433000002, 1950598.1073999999], [964084.7215000014, 1950704.1283999998], [964078.8893000003, 1950711.1616000002], [964078.6071000013, 1950711.5019999994], [964099.1225000015, 1950736.6334000023], [964106.3547000018, 1950745.4668000014], [964256.7813000013, 1950858.3570000036], [964530.8393000016, 1951032.1060000022], [964617.3255000021, 1951082.8162000016], [964863.276700001, 1951177.187200002], [965105.8872000003, 1950859.2424999988], [965105.108500002, 1950854.9203000008]]]}, "properties": {"x": "964110", "y": "1950275", "adm_cd": "11050610", "adm_nm": "서울특별시 광진구 구의2동"}}, {"type": "Feature", "geometry": {"type": "Polygon", "coordinates": [[[964000.5057000013, 1949498.6559000008], [964059.7355000016, 1949454.106699998], [964250.8594000016, 1949215.4617999995], [964305.7213000007, 1949158.6363000069], [964600.8487000004, 1948873.8044000021], [964606.5367000015, 1948868.3393], [964840.4853000005, 1948644.0791000044], [964152.4350000008, 1947965.5538000003], [963888.9876000002, 1947706.8530000015], [963901.2171000007, 1947735.0711000043], [963958.980900002, 1947868.5583000027], [964001.0585000021, 1947965.7983], [964006.3885000008, 1947978.234300001], [964014.0635000004, 1948000.091299998], [963913.9599000022, 1948261.6216999996], [963873.3731000018, 1948343.0193000033], [963837.2377000023, 1948329.6230000001], [963793.9651000001, 1948313.5776000002], [963787.1423000018, 1948311.0517000007], [963749.2285000011, 1948501.3055000002], [963722.5208999999, 1948720.386299998], [963725.4297000016, 1948805.7224999997], [963689.8901000018, 1948801.5066000046], [963839.404500002, 1949562.6750000007], [964000.5057000013, 1949498.6559000008]]]}, "properties": {"x": "964152", "y": "1948709", "adm_cd": "11050620", "adm_nm": "서울특별시 광진구 구의3동"}}, {"type": "Feature", "geometry": {"type": "Polygon", "coordinates": [[[965816.3369000019, 1951119.5350000025], [966015.453200002, 1950893.0352000003], [965979.2779000008, 1950788.7130999991], [965907.6715000002, 1950586.303900001], [965866.4457000017, 1950514.8302000025], [965687.9165000023, 1950201.2275000021], [965687.6177000012, 1950186.9273000015], [965685.5818999999, 1950089.5324000008], [965683.5113000008, 1949990.4812000003], [965681.3519000009, 1949894.3450000025], [965679.3097000007, 1949803.4336000006], [965480.4930000007, 1949387.1182000013], [965480.4202000003, 1949386.9521999988], [965452.9142000015, 1949324.2368000005], [965418.9680000012, 1949246.8378000017], [965395.0547000021, 1949192.314800005], [965023.5628000018, 1948824.8778], [964840.4853000005, 1948644.0791000044], [964606.5367000015, 1948868.3393], [964600.8487000004, 1948873.8044000021], [964305.7213000007, 1949158.6363000069], [964250.8594000016, 1949215.4617999995], [964059.7355000016, 1949454.106699998], [964272.0991000017, 1949595.7118000006], [964478.7463, 1949817.9376000022], [964507.4767000027, 1949875.2944000007], [964460.2781000007, 1949955.1392], [964458.2011000004, 1949990.6370000038], [964465.2386999999, 1950074.7556000021], [964484.4332999999, 1950180.5197999992], [964552.2867000013, 1950366.9636000022], [964666.3697000013, 1950479.2222000035], [964703.9271, 1950498.5786000025], [964747.4183000007, 1950511.7178000018], [964795.1867000007, 1950524.615500005], [964813.8967000014, 1950521.2676000008], [964818.4277000008, 1950518.556600003], [964869.559300001, 1950505.7591999988], [964933.0829000004, 1950544.3454000019], [965072.2855000021, 1950704.4832000018], [965086.7969000011, 1950763.4780000057], [965093.9525000013, 1950793.3032999998], [965104.1023000015, 1950849.3628], [965105.108500002, 1950854.9203000008], [965105.8872000003, 1950859.2424999988], [965147.7689, 1950849.497200001], [965187.9397000019, 1950851.9166000024], [965204.0079000005, 1950852.8848], [965235.4722999998, 1950863.1512000007], [965301.8719000008, 1950934.3646000084], [965318.9843000004, 1950962.7952], [965335.2001000019, 1950989.7620000015], [965346.8809000019, 1951001.1016000034], [965425.9455000013, 1951060.2525999995], [965513.1117000014, 1951094.1456000002], [965757.8585000008, 1951142.6428000024], [965758.0445000012, 1951142.5842000004], [965767.0553000004, 1951139.4127999982], [965787.7583000012, 1951132.055800003], [965797.1586999996, 1951128.663000001], [965816.3369000019, 1951119.5350000025]]]}, "properties": {"x": "965082", "y": "1949906", "adm_cd": "11050630", "adm_nm": "서울특별시 광진구 광장동"}}, {"type": "Feature", "geometry": {"type": "Polygon", "coordinates": [[[963179.2315000016, 1949056.4932000039], [963212.3943000017, 1948658.3962000012], [963233.0319000019, 1948583.0845999988], [963296.8657000018, 1948375.775599999], [963297.5795000002, 1948373.5362000028], [963309.7297000005, 1948335.4324000021], [963318.0713000002, 1948309.2736000002], [963318.3963000004, 1948308.254600002], [963319.6375000017, 1948304.3632], [963322.422100001, 1948298.1566000008], [963347.0027000007, 1948243.3705000007], [963365.8801, 1948209.8005999993], [963366.3383000004, 1948208.9844000032], [963366.1425000008, 1948208.8666000022], [963301.2736999998, 1948170.0164000005], [963283.4157000005, 1948159.3220000006], [963281.4133000008, 1948158.1229999992], [963277.9355000001, 1948156.110200003], [963244.0771000019, 1948136.5239999993], [963183.3423000012, 1948110.7364000035], [963154.7857000004, 1948105.3377999994], [963150.6281000022, 1948104.5521999993], [963120.8693000015, 1948099.4874000025], [963078.1905000015, 1948097.670200002], [963043.5093000019, 1948100.805000002], [963032.8209000013, 1948101.7712000045], [963013.5449000002, 1948104.8246000013], [962986.8099000014, 1948113.5473999996], [962984.5440999998, 1948114.2870000023], [962800.4661000012, 1948183.9336], [962509.1107000019, 1948294.8098999998], [962592.0871000008, 1948619.9510000022], [962594.877500002, 1948631.5212000012], [962637.8035000013, 1948809.5167999987], [962645.0475000006, 1948848.9849999999], [962461.5293000011, 1948912.9646], [962466.514900001, 1948959.9971999996], [962471.7150999997, 1948973.2625999986], [962474.3712999998, 1948980.025800003], [962572.8735000015, 1948966.3306], [962577.5605000001, 1948965.535200003], [962611.3681000002, 1948959.795200001], [962759.2173000018, 1948934.3443999998], [962866.5395000012, 1948907.8681999994], [962966.3281000003, 1948926.4520000024], [963110.2097000014, 1949055.2418000018], [963135.5401000001, 1949126.8610000024], [963141.9587000012, 1949145.0120000008], [963159.7953000021, 1949196.4904000012], [963179.2315000016, 1949056.4932000039]]]}, "properties": {"x": "962930", "y": "1948546", "adm_cd": "11050640", "adm_nm": "서울특별시 광진구 자양1동"}}, {"type": "Feature", "geometry": {"type": "Polygon", "coordinates": [[[963725.4297000016, 1948805.7224999997], [963722.5208999999, 1948720.386299998], [963749.2285000011, 1948501.3055000002], [963787.1423000018, 1948311.0517000007], [963793.9651000001, 1948313.5776000002], [963837.2377000023, 1948329.6230000001], [963873.3731000018, 1948343.0193000033], [963913.9599000022, 1948261.6216999996], [964014.0635000004, 1948000.091299998], [964006.3885000008, 1947978.234300001], [964001.0585000021, 1947965.7983], [963958.980900002, 1947868.5583000027], [963901.2171000007, 1947735.0711000043], [963888.9876000002, 1947706.8530000015], [963756.5018000014, 1947583.7105999994], [963551.0964000016, 1947456.4164999998], [963464.0340000021, 1947402.4622000034], [963426.5664000007, 1947379.2428000015], [963386.0706000008, 1947354.1467999998], [962885.2050000016, 1947155.1541999993], [962716.788500002, 1947125.5121999988], [962618.1068000019, 1947108.1439999994], [962617.0264000006, 1947108.169600008], [962602.5903000021, 1947110.6665000007], [962478.2185000022, 1947132.1786000007], [962385.3572000021, 1947148.2406000004], [962364.2207000009, 1947154.7712999997], [962252.9767000007, 1947189.1439000035], [962216.1622000018, 1947200.5190000008], [962346.8569000004, 1947610.7300000014], [962439.4959000009, 1948009.1617000024], [962509.1107000019, 1948294.8098999998], [962800.4661000012, 1948183.9336], [962984.5440999998, 1948114.2870000023], [962986.8099000014, 1948113.5473999996], [963013.5449000002, 1948104.8246000013], [963032.8209000013, 1948101.7712000045], [963043.5093000019, 1948100.805000002], [963078.1905000015, 1948097.670200002], [963120.8693000015, 1948099.4874000025], [963150.6281000022, 1948104.5521999993], [963154.7857000004, 1948105.3377999994], [963183.3423000012, 1948110.7364000035], [963244.0771000019, 1948136.5239999993], [963277.9355000001, 1948156.110200003], [963281.4133000008, 1948158.1229999992], [963283.4157000005, 1948159.3220000006], [963301.2736999998, 1948170.0164000005], [963366.1425000008, 1948208.8666000022], [963366.3383000004, 1948208.9844000032], [963365.8801, 1948209.8005999993], [963347.0027000007, 1948243.3705000007], [963322.422100001, 1948298.1566000008], [963319.6375000017, 1948304.3632], [963318.3963000004, 1948308.254600002], [963318.0713000002, 1948309.2736000002], [963309.7297000005, 1948335.4324000021], [963297.5795000002, 1948373.5362000028], [963296.8657000018, 1948375.775599999], [963233.0319000019, 1948583.0845999988], [963212.3943000017, 1948658.3962000012], [963689.8901000018, 1948801.5066000046], [963725.4297000016, 1948805.7224999997]]]}, "properties": {"x": "963138", "y": "1947838", "adm_cd": "11050650", "adm_nm": "서울특별시 광진구 자양2동"}}, {"type": "Feature", "geometry": {"type": "Polygon", "coordinates": [[[962327.4495000013, 1948936.8132000011], [962461.5293000011, 1948912.9646], [962645.0475000006, 1948848.9849999999], [962637.8035000013, 1948809.5167999987], [962594.877500002, 1948631.5212000012], [962592.0871000008, 1948619.9510000022], [962509.1107000019, 1948294.8098999998], [962439.4959000009, 1948009.1617000024], [962346.8569000004, 1947610.7300000014], [962216.1622000018, 1947200.5190000008], [961781.8880000012, 1947341.4055000022], [961602.595, 1947394.4705000012], [961491.8127000015, 1947447.7287000013], [961707.2541, 1947999.6953999987], [961766.0939000014, 1948190.850300001], [961748.223900001, 1948197.8901], [961870.0915000029, 1948533.0654000032], [962065.638900003, 1949043.1861999999], [962327.4495000013, 1948936.8132000011]]]}, "properties": {"x": "962100", "y": "1948100", "adm_cd": "11050660", "adm_nm": "서울특별시 광진구 자양3동"}}, {"type": "Feature", "geometry": {"type": "Polygon", "coordinates": [[[961990.1507000043, 1949061.669600003], [962065.638900003, 1949043.1861999999], [961870.0915000029, 1948533.0654000032], [961748.223900001, 1948197.8901], [961766.0939000014, 1948190.850300001], [961707.2541, 1947999.6953999987], [961491.8127000015, 1947447.7287000013], [960789.1121000017, 1947761.9441000018], [960883.7070000018, 1947974.3999000033], [960902.9453999997, 1948017.5186000026], [960935.3551000013, 1948090.050400002], [960939.4895000033, 1948099.3030000026], [960999.4925000009, 1948233.4963999996], [961061.9745000028, 1948372.5818000017], [961083.5717000004, 1948416.7388000013], [961086.7947000021, 1948423.7580000008], [961093.9681000006, 1948439.454000001], [961123.2269000006, 1948503.7175999982], [961134.6591000009, 1948528.8766000008], [961257.8301000015, 1948800.1432999996], [961381.2659, 1949073.4988000002], [961484.5783000016, 1949300.6531999996], [961990.1507000043, 1949061.669600003]]]}, "properties": {"x": "961345", "y": "1948357", "adm_cd": "11050670", "adm_nm": "서울특별시 광진구 자양4동"}}, {"type": "Feature", "geometry": {"type": "Polygon", "coordinates": [[[960540.2079000014, 1955635.0674], [960671.7915000021, 1955098.3084000049], [960696.1975000007, 1955038.0997999995], [960720.1043, 1954998.4556000037], [960748.9027000022, 1954997.1760000025], [960756.6174999999, 1954998.561000002], [960764.6577000018, 1955000.0042000022], [960767.8341000002, 1954998.9815999996], [960773.1507000019, 1954997.2692000025], [960775.3047000017, 1954996.557], [960775.3791, 1954996.5324000008], [960861.4643000017, 1954843.8488000003], [960882.2925000014, 1954764.1142000025], [960560.1575000009, 1954361.8445999997], [960520.2139000004, 1954303.2844000005], [960459.9441000007, 1954440.8278000026], [960454.0687000011, 1954453.9221999987], [960453.9403000018, 1954454.2082000019], [960453.1915000015, 1954455.876000002], [960436.4377000012, 1954482.2312000007], [960362.0623000022, 1954521.3734000027], [960315.6175000009, 1954532.0550000027], [960265.0571000017, 1954532.8539999998], [960109.2333000007, 1954694.541000004], [960112.4813000008, 1954801.394200001], [960071.6115000003, 1955260.4600000018], [960047.4973, 1955281.5179999997], [960039.8277000007, 1955288.1926000027], [960048.855700001, 1955324.9470000006], [960307.9782000014, 1955783.4479999999], [960367.5835000016, 1955845.695200003], [960383.9515000023, 1955851.1832000006], [960394.1823000016, 1955839.3605000053], [960462.8607000018, 1955731.1902000008], [960540.2079000014, 1955635.0674]]]}, "properties": {"x": "960423", "y": "1955047", "adm_cd": "11060710", "adm_nm": "서울특별시 동대문구 회기동"}}, {"type": "Feature", "geometry": {"type": "Polygon", "coordinates": [[[961617.9703000004, 1955195.9884000001], [961989.7331000012, 1955189.328600001], [962087.2929000003, 1954878.7212000028], [961358.9141000004, 1954616.2495999997], [961186.6407000024, 1954555.0682000043], [960888.7281000018, 1954447.8212000001], [960858.5903000021, 1954435.6062000054], [960855.7817000009, 1954434.4678000011], [960855.1447000001, 1954434.209600002], [960842.9733000014, 1954429.2760000033], [960707.943900001, 1954362.4812000007], [960560.1575000009, 1954361.8445999997], [960882.2925000014, 1954764.1142000025], [960905.5494999998, 1954810.1962000006], [960906.7691000007, 1954812.6126000034], [960907.0182999999, 1954813.1062000052], [960913.5509000022, 1954824.0932000002], [960966.1203000001, 1954912.504000004], [960966.1541000011, 1954912.5603999998], [961131.9377000001, 1954908.3461999996], [961223.0801000011, 1954896.4140000008], [961522.099700002, 1955122.424000001], [961617.9703000004, 1955195.9884000001]]]}, "properties": {"x": "961294", "y": "1954930", "adm_cd": "11060720", "adm_nm": "서울특별시 동대문구 휘경1동"}}, {"type": "Feature", "geometry": {"type": "Polygon", "coordinates": [[[962179.9709000001, 1954375.052000003], [962228.0456000019, 1954045.8438000018], [962496.8637000017, 1953599.0156000014], [961917.7972000001, 1953742.089899999], [961562.5580000018, 1953669.5798000032], [961504.4109000012, 1953678.978900002], [961511.7388000018, 1953806.0481000007], [961525.4453999999, 1953834.1208000004], [961527.3246000006, 1953838.0473000007], [961540.5010000014, 1953875.0255999984], [961543.1815000019, 1954010.9037000006], [961541.7604000006, 1954011.730000001], [961541.5372000011, 1954011.8591999994], [961425.0363000011, 1954074.2264999999], [960940.9321000017, 1954162.593700001], [960838.6353000004, 1954194.1361000035], [960702.7238999996, 1953967.0525000002], [960705.3989000013, 1954344.5528000006], [960707.943900001, 1954362.4812000007], [960842.9733000014, 1954429.2760000033], [960855.1447000001, 1954434.209600002], [960855.7817000009, 1954434.4678000011], [960858.5903000021, 1954435.6062000054], [960888.7281000018, 1954447.8212000001], [961186.6407000024, 1954555.0682000043], [961358.9141000004, 1954616.2495999997], [962087.2929000003, 1954878.7212000028], [962087.4575000001, 1954877.9571], [962088.361, 1954694.8873999983], [962179.9709000001, 1954375.052000003]]]}, "properties": {"x": "961567", "y": "1954432", "adm_cd": "11060730", "adm_nm": "서울특별시 동대문구 휘경2동"}}, {"type": "Feature", "geometry": {"type": "Polygon", "coordinates": [[[959658.7569000022, 1955382.0289000012], [960039.8277000007, 1955288.1926000027], [960047.4973, 1955281.5179999997], [960071.6115000003, 1955260.4600000018], [960112.4813000008, 1954801.394200001], [960109.2333000007, 1954694.541000004], [960265.0571000017, 1954532.8539999998], [960315.6175000009, 1954532.0550000027], [960362.0623000022, 1954521.3734000027], [960436.4377000012, 1954482.2312000007], [960453.1915000015, 1954455.876000002], [960453.9403000018, 1954454.2082000019], [960454.0687000011, 1954453.9221999987], [960459.9441000007, 1954440.8278000026], [960520.2139000004, 1954303.2844000005], [960331.4181000007, 1954016.6026000006], [960274.0517000004, 1953938.0210000025], [960191.834900002, 1953856.7302000022], [960176.5399000006, 1953841.866200003], [959928.145900002, 1953600.4844000014], [959894.4457000003, 1953567.7358], [959860.6791000015, 1953534.923000005], [959859.0699000012, 1953533.3594000028], [959842.7073000006, 1953521.4848000007], [959838.4103000008, 1953518.3663999983], [959834.7521000018, 1953516.9384000022], [959694.5090000003, 1953462.1942999996], [959680.1791000016, 1953501.371100002], [959655.6310000014, 1953568.4837000023], [959639.046400002, 1953613.8255000007], [959636.5292000017, 1953646.9761000043], [959637.1448000018, 1953646.994500002], [959676.3000000013, 1953648.1576000038], [959679.0888, 1953648.2403], [959746.556400002, 1953650.2445999985], [959746.7607000011, 1953650.2507000035], [959746.3499999996, 1953651.9637000018], [959710.002000001, 1953803.4195000005], [959700.7626000022, 1953841.9153000023], [959599.2538000022, 1954247.6795000006], [959573.1304000015, 1954246.6623000025], [959529.4877000018, 1954244.9626999989], [959522.0818000006, 1954244.5948999994], [959513.2930000004, 1954244.158100002], [959424.766100001, 1954273.578299999], [959374.349000002, 1954420.9974000002], [959367.5879000009, 1954443.8485999992], [959382.0978000006, 1954493.9102999996], [959401.8897000018, 1954543.3268000046], [959408.9413000019, 1954557.5199000011], [959412.7921000022, 1954565.270500004], [959423.8998000005, 1954584.5045999996], [959428.6570000004, 1954591.8465000053], [959440.898200001, 1954609.564900001], [959455.3154000014, 1954673.1249000006], [959425.2148000009, 1954749.8319000034], [959341.1237000014, 1954751.0276000013], [959280.764900001, 1954752.7820000048], [959486.9904, 1955229.3581000026], [959658.7569000022, 1955382.0289000012]]]}, "properties": {"x": "959867", "y": "1954490", "adm_cd": "11060800", "adm_nm": "서울특별시 동대문구 청량리동"}}, {"type": "Feature", "geometry": {"type": "Polygon", "coordinates": [[[958473.5582000016, 1953657.6374000013], [958629.4562000012, 1953652.3747000063], [958647.8883999998, 1953641.072800002], [958722.9758000016, 1953423.5501000008], [958749.1274000013, 1953319.0829000017], [958894.0464000006, 1953299.346700007], [959207.5566000012, 1953300.4197000018], [959236.6433000006, 1953302.821100003], [959270.746600002, 1953305.6369000021], [959273.2820000001, 1953306.385100001], [959378.4357000007, 1953337.4179000007], [959402.7806000016, 1953347.1263000024], [959403.9761000017, 1953347.6031000002], [959603.4598000015, 1953427.1643000022], [959847.2519000012, 1953119.5777999992], [959605.5349000007, 1952689.8478999985], [959381.8375000006, 1952723.8938000011], [959214.539000001, 1952643.896000001], [959182.9842000005, 1952644.1008999997], [959165.7170000004, 1952644.1585000008], [959125.1720000003, 1952644.1308], [959114.7508000014, 1952644.0969000002], [959095.0630000012, 1952642.0091], [959084.0539000006, 1952640.6662000054], [959082.6643000022, 1952640.4375000005], [959055.9677999998, 1952635.4203000013], [959055.5776000011, 1952635.3401000034], [959050.5918000014, 1952634.3141], [959041.9898000008, 1952632.1907999997], [959038.5530000014, 1952631.0702999993], [959023.5487000007, 1952626.152900001], [959020.3623000012, 1952625.0926000008], [959019.6261000012, 1952624.8429000033], [959005.091000001, 1952619.6461000051], [958999.9450000006, 1952617.582400001], [958999.0531000022, 1952617.2026000028], [958996.1168000018, 1952615.9521999995], [958990.0546000004, 1952613.3438000057], [958980.823000001, 1952609.0998000014], [958979.3428000016, 1952608.3910000036], [958968.839000001, 1952603.164599999], [958964.3356000013, 1952600.8964000004], [958948.4502000002, 1952592.5078000021], [958944.6730000016, 1952590.508600003], [958908.0343000019, 1952570.9850000008], [958866.0293, 1952548.5176999983], [958686.7300000008, 1952404.840900004], [958671.6417000002, 1952397.7456000024], [958664.5789000004, 1952394.439400002], [958633.6035000018, 1952380.5140000056], [958630.4160000003, 1952379.3972000019], [958620.8856, 1952376.975800003], [958612.5765000018, 1952374.8736000024], [958606.9875000005, 1952373.5528000002], [958606.5873000006, 1952373.478000002], [958600.1031000015, 1952372.9876000031], [958583.2360000001, 1952371.7594000038], [958580.3251000021, 1952371.599000001], [958572.6097000006, 1952371.7168000024], [958551.6871000003, 1952372.0458], [958532.6631000016, 1952373.6942000012], [958521.96, 1952374.6256000018], [958520.7557000016, 1952374.8373999996], [958072.4082000013, 1952492.1104000015], [957912.8272000018, 1952610.3775000018], [957910.2107000013, 1952611.1302000028], [957893.9454000012, 1953289.079500003], [958006.5369000011, 1953418.0011000019], [958461.674, 1953803.6156999997], [958473.5582000016, 1953657.6374000013]]]}, "properties": {"x": "958721", "y": "1953011", "adm_cd": "11060810", "adm_nm": "서울특별시 동대문구 용신동"}}, {"type": "Feature", "geometry": {"type": "Polygon", "coordinates": [[[959341.1237000014, 1954751.0276000013], [959425.2148000009, 1954749.8319000034], [959455.3154000014, 1954673.1249000006], [959440.898200001, 1954609.564900001], [959428.6570000004, 1954591.8465000053], [959423.8998000005, 1954584.5045999996], [959412.7921000022, 1954565.270500004], [959408.9413000019, 1954557.5199000011], [959401.8897000018, 1954543.3268000046], [959382.0978000006, 1954493.9102999996], [959367.5879000009, 1954443.8485999992], [959374.349000002, 1954420.9974000002], [959424.766100001, 1954273.578299999], [959513.2930000004, 1954244.158100002], [959522.0818000006, 1954244.5948999994], [959529.4877000018, 1954244.9626999989], [959573.1304000015, 1954246.6623000025], [959599.2538000022, 1954247.6795000006], [959700.7626000022, 1953841.9153000023], [959710.002000001, 1953803.4195000005], [959746.3499999996, 1953651.9637000018], [959746.7607000011, 1953650.2507000035], [959746.556400002, 1953650.2445999985], [959679.0888, 1953648.2403], [959676.3000000013, 1953648.1576000038], [959637.1448000018, 1953646.994500002], [959636.5292000017, 1953646.9761000043], [959639.046400002, 1953613.8255000007], [959655.6310000014, 1953568.4837000023], [959680.1791000016, 1953501.371100002], [959694.5090000003, 1953462.1942999996], [959603.4598000015, 1953427.1643000022], [959403.9761000017, 1953347.6031000002], [959402.7806000016, 1953347.1263000024], [959378.4357000007, 1953337.4179000007], [959273.2820000001, 1953306.385100001], [959270.746600002, 1953305.6369000021], [959236.6433000006, 1953302.821100003], [959207.5566000012, 1953300.4197000018], [958894.0464000006, 1953299.346700007], [958749.1274000013, 1953319.0829000017], [958722.9758000016, 1953423.5501000008], [958647.8883999998, 1953641.072800002], [958629.4562000012, 1953652.3747000063], [958473.5582000016, 1953657.6374000013], [958461.674, 1953803.6156999997], [958596.0218000005, 1953990.6484000008], [958965.8364000022, 1954459.885100002], [958973.0098000008, 1954468.657500002], [958995.3336000012, 1954496.2089000014], [959002.753600002, 1954509.5403], [959028.5824999998, 1954557.4043000017], [959065.3117000014, 1954627.9089000025], [959062.9375000006, 1954661.3940999992], [959057.0900000014, 1954736.4401000026], [959056.4969000018, 1954742.9635000005], [959280.764900001, 1954752.7820000048], [959341.1237000014, 1954751.0276000013]]]}, "properties": {"x": "959145", "y": "1953914", "adm_cd": "11060820", "adm_nm": "서울특별시 동대문구 제기동"}}, {"type": "Feature", "geometry": {"type": "Polygon", "coordinates": [[[960705.3989000013, 1954344.5528000006], [960702.7238999996, 1953967.0525000002], [960634.750500002, 1953897.796800001], [960670.2703000014, 1953728.7608000028], [960898.8863000006, 1953327.057800002], [960901.9247000024, 1953321.430000001], [960941.4021000012, 1953248.302600002], [960950.4389000019, 1953212.720800002], [960949.2551000019, 1953185.7442000015], [960943.2158000006, 1953048.1264000009], [960943.2071000012, 1953047.9282], [960943.1737000018, 1953047.171000001], [960941.5072999999, 1953023.5036000018], [960938.9459000002, 1952987.1278000055], [960938.3379000019, 1952978.4937999994], [960938.3303, 1952978.4618000048], [960729.279700001, 1953022.0728], [960728.422100002, 1953021.5066000018], [960724.5761000004, 1953018.7870000035], [960721.4371000009, 1953016.5206000004], [960700.6297000004, 1952999.8812000032], [960668.1697000011, 1952963.1174000013], [960669.7541000005, 1952960.8114000019], [960691.4167000006, 1952929.2785999994], [960728.5417000009, 1952875.238], [960730.1893000011, 1952872.8390000027], [960728.4843000019, 1952856.7182000014], [960726.6119000018, 1952855.1885999998], [960719.974700002, 1952850.7224000013], [960714.5933000015, 1952847.2273999995], [960655.9477000015, 1952828.8965999996], [960482.5885000001, 1952785.0722000021], [960465.9445000017, 1952782.7454000036], [960454.9363000012, 1952781.940000001], [960449.5463, 1952781.553800002], [960440.6045000015, 1952788.106800002], [960370.1826999998, 1952839.7222000023], [960274.5905000005, 1952909.7852000026], [960194.1793000014, 1952959.6723999986], [960158.2195000015, 1952909.0236000002], [960138.0717000009, 1952879.9500000016], [960112.7467000003, 1952843.0542000004], [960096.2975000006, 1952819.0566000005], [960091.5097000023, 1952811.5538000027], [960088.5791000004, 1952806.9662000008], [960081.4457000021, 1952795.8000000035], [960026.397500002, 1952715.1856000004], [960016.5915000013, 1952700.8988000015], [960012.6565000012, 1952695.3598000016], [960012.422100002, 1952695.267200001], [959899.5043000001, 1952802.8570000038], [959881.3719000013, 1952820.7276000013], [959875.6267000011, 1952827.1936000024], [959868.8659000006, 1952836.4132000008], [959863.8451000013, 1952843.9999999986], [959854.9605000021, 1952859.2594000036], [959848.9707000016, 1952869.6314], [959845.7789000019, 1952877.3642000025], [959843.5741000017, 1952882.7180000055], [959839.9473000023, 1952893.9830000026], [959835.9751000009, 1952907.810800002], [959833.3055000015, 1952919.758600002], [959830.5915000008, 1952935.173400002], [959828.0033000002, 1952950.7752000014], [959826.1451000005, 1952962.6866000032], [959825.4081000015, 1952967.9074000013], [959824.4543000017, 1952976.565200001], [959823.8003000016, 1952985.7522000032], [959823.8917000017, 1952994.1446000035], [959824.7107000009, 1953001.3358000005], [959826.7931000012, 1953011.1649999996], [959829.1543, 1953020.3990000025], [959859.2915000005, 1953127.886600003], [959847.2519000012, 1953119.5777999992], [959603.4598000015, 1953427.1643000022], [959694.5090000003, 1953462.1942999996], [959834.7521000018, 1953516.9384000022], [959838.4103000008, 1953518.3663999983], [959842.7073000006, 1953521.4848000007], [959859.0699000012, 1953533.3594000028], [959860.6791000015, 1953534.923000005], [959894.4457000003, 1953567.7358], [959928.145900002, 1953600.4844000014], [960176.5399000006, 1953841.866200003], [960191.834900002, 1953856.7302000022], [960274.0517000004, 1953938.0210000025], [960331.4181000007, 1954016.6026000006], [960520.2139000004, 1954303.2844000005], [960560.1575000009, 1954361.8445999997], [960707.943900001, 1954362.4812000007], [960705.3989000013, 1954344.5528000006]]]}, "properties": {"x": "960346", "y": "1953394", "adm_cd": "11060830", "adm_nm": "서울특별시 동대문구 전농1동"}}, {"type": "Feature", "geometry": {"type": "MultiPolygon", "coordinates": [[[[961890.8077259064, 1953736.5809078217], [961893.1130008698, 1953750.42770195], [961917.7972011566, 1953742.089899063], [961890.8077259064, 1953736.5809078217]]], [[[960838.63530159, 1954194.1361026764], [960940.932100296, 1954162.5937023163], [961425.0363025665, 1954074.2264995575], [961541.5372028351, 1954011.8592014313], [961541.7604007721, 1954011.7300014496], [961543.1815013885, 1954010.9036998749], [961540.501001358, 1953875.0256023407], [961527.3246021271, 1953838.0473003387], [961525.4454021454, 1953834.1208019257], [961511.7388019562, 1953806.0481014252], [961504.4109020233, 1953678.9789028168], [961562.5580005646, 1953669.5798015594], [961890.8077259064, 1953736.5809078217], [961826.7781009674, 1953351.9828014374], [961767.2971019745, 1953113.9020023346], [961597.5761013031, 1953098.513502121], [960938.3303012848, 1952978.461801529], [960938.3379001617, 1952978.4937992096], [960938.9459018707, 1952987.1278018951], [960941.5072994232, 1953023.5035991669], [960943.1737003326, 1953047.170999527], [960943.2071018219, 1953047.9282016754], [960943.2157993317, 1953048.1264019012], [960949.2551021576, 1953185.7441997528], [960950.4389019012, 1953212.7208003998], [960941.4021015167, 1953248.302602768], [960901.9246997833, 1953321.4300022125], [960898.8863010406, 1953327.0578022003], [960670.2702999115, 1953728.7608013153], [960634.7505016327, 1953897.7968006134], [960702.7239017487, 1953967.0524997711], [960838.63530159, 1954194.1361026764]]]]}, "properties": {"x": "961238", "y": "1953580", "adm_cd": "11060840", "adm_nm": "서울특별시 동대문구 전농2동"}}, {"type": "Feature", "geometry": {"type": "Polygon", "coordinates": [[[961597.5761000017, 1953098.513499999], [961767.2971000022, 1953113.9020000054], [961703.6348000015, 1952687.0327999997], [961618.6284999996, 1952511.0459999987], [961603.9331000021, 1952483.4271999993], [961600.758300002, 1952477.4606000017], [961589.7665000015, 1952456.8032000032], [961575.805300002, 1952433.4118000017], [961514.7425000003, 1952331.1048000036], [961358.2201000003, 1952071.5534000017], [961236.5743000021, 1951880.1662000008], [960946.4841000015, 1951611.7532000006], [960696.1109000016, 1951848.239400002], [960855.610900002, 1952041.4027999998], [960857.009300001, 1952046.227400002], [960861.6817000017, 1952062.3484000012], [960863.8111000003, 1952069.6956000016], [960868.7293, 1952086.6651999992], [960874.9173000016, 1952108.017400004], [960881.3159000004, 1952130.0970000012], [960887.6469000014, 1952152.145200001], [960887.6727000012, 1952152.3782000002], [960888.0983000012, 1952156.2272], [960878.9667000002, 1952164.0834000015], [960878.2897000015, 1952164.6657999996], [960878.0603000006, 1952164.863200002], [960931.7261000002, 1952890.2126000002], [960938.3303, 1952978.4618000048], [961597.5761000017, 1953098.513499999]]]}, "properties": {"x": "961228", "y": "1952463", "adm_cd": "11060860", "adm_nm": "서울특별시 동대문구 답십리2동"}}, {"type": "Feature", "geometry": {"type": "Polygon", "coordinates": [[[962154.8103000016, 1952114.5304000033], [962155.5021000024, 1952114.5054000048], [962191.0285000005, 1952122.314600001], [962193.2221000011, 1952122.796800008], [962194.4803000016, 1952123.0734000027], [962242.1531000002, 1952133.5545999997], [962252.925300001, 1952146.2344000002], [962369.0917, 1952425.1627999982], [962415.455500002, 1952543.3028000053], [962421.4779000006, 1952616.8158000023], [962499.481300002, 1952609.421800001], [962543.9136000013, 1952605.2100000065], [962631.4805000017, 1952596.909399999], [962751.3833000001, 1952585.5436000004], [962752.8883000005, 1952583.3739000007], [962538.594100002, 1952003.7007999993], [962435.3211000015, 1951849.0878000031], [962331.6019000013, 1951592.2896000033], [962233.2449000007, 1951264.4266000018], [962199.5661000018, 1951279.9672000022], [962005.7761000016, 1951351.3346000002], [961707.6237000015, 1951406.3417999991], [961093.1277000007, 1951519.7144000032], [961087.2129, 1951520.8058000025], [961031.1719000008, 1951531.148800001], [960959.5871000006, 1951599.2818], [960946.4841000015, 1951611.7532000006], [961236.5743000021, 1951880.1662000008], [961358.2201000003, 1952071.5534000017], [961514.7425000003, 1952331.1048000036], [961575.805300002, 1952433.4118000017], [961589.7665000015, 1952456.8032000032], [961600.758300002, 1952477.4606000017], [961603.9331000021, 1952483.4271999993], [961618.6284999996, 1952511.0459999987], [961703.6348000015, 1952687.0327999997], [962112.3135000002, 1952645.5828000028], [962153.4259000012, 1952578.7128000027], [962148.0735000009, 1952568.4052000055], [962126.1752000018, 1952526.2307999986], [962105.8247, 1952487.0371999992], [962104.7821000016, 1952485.0292000019], [962091.2392999998, 1952458.9432], [961918.5173000009, 1952122.8942000028], [962110.1759000005, 1952116.1102000019], [962154.8103000016, 1952114.5304000033]]]}, "properties": {"x": "961889", "y": "1951961", "adm_cd": "11060870", "adm_nm": "서울특별시 동대문구 장안1동"}}, {"type": "Feature", "geometry": {"type": "Polygon", "coordinates": [[[962709.784300002, 1952642.4228000022], [962751.3833000001, 1952585.5436000004], [962631.4805000017, 1952596.909399999], [962543.9136000013, 1952605.2100000065], [962499.481300002, 1952609.421800001], [962421.4779000006, 1952616.8158000023], [962415.455500002, 1952543.3028000053], [962369.0917, 1952425.1627999982], [962252.925300001, 1952146.2344000002], [962242.1531000002, 1952133.5545999997], [962194.4803000016, 1952123.0734000027], [962193.2221000011, 1952122.796800008], [962191.0285000005, 1952122.314600001], [962155.5021000024, 1952114.5054000048], [962154.8103000016, 1952114.5304000033], [962110.1759000005, 1952116.1102000019], [961918.5173000009, 1952122.8942000028], [962091.2392999998, 1952458.9432], [962104.7821000016, 1952485.0292000019], [962105.8247, 1952487.0371999992], [962126.1752000018, 1952526.2307999986], [962148.0735000009, 1952568.4052000055], [962153.4259000012, 1952578.7128000027], [962112.3135000002, 1952645.5828000028], [961703.6348000015, 1952687.0327999997], [961767.2971000022, 1953113.9020000054], [961826.7781000014, 1953351.9828000027], [961893.113, 1953750.4277000013], [961917.7972000001, 1953742.089899999], [962496.8637000017, 1953599.0156000014], [962546.3964000011, 1953591.7412000056], [962551.8969000003, 1953580.9762999993], [962554.6573000001, 1953575.5735000046], [962559.1468000023, 1953566.3430000008], [962564.8290000015, 1953553.9381000027], [962570.1402000008, 1953541.3746000016], [962572.8733000017, 1953534.3709], [962575.1008000022, 1953528.6627999982], [962578.7654, 1953518.4041000048], [962579.690800001, 1953515.8131000032], [962583.9203000017, 1953502.8359000068], [962587.7693000019, 1953489.7402999988], [962591.2380000014, 1953476.546800002], [962594.3363000003, 1953463.2555000023], [962597.0543000007, 1953449.8860000018], [962599.3821000003, 1953436.4387999994], [962601.3197999999, 1953422.9334000032], [962602.6431000002, 1953412.3905000044], [962637.8164000001, 1953061.8179000006], [962709.784300002, 1952642.4228000022]]]}, "properties": {"x": "962207", "y": "1953006", "adm_cd": "11060880", "adm_nm": "서울특별시 동대문구 장안2동"}}, {"type": "Feature", "geometry": {"type": "Polygon", "coordinates": [[[961234.4275000023, 1956103.3947999997], [961252.6167000011, 1956085.6933000023], [961263.8321000005, 1956074.7783000018], [961316.2113000008, 1956023.7335000006], [961341.5847000004, 1955999.0064000026], [961341.6759000006, 1955998.9175000007], [961341.8149000003, 1955998.7816999992], [961342.1327000004, 1955992.2277000027], [961343.8583000014, 1955956.6089000015], [961341.6119000006, 1955898.5773000014], [961338.7085000012, 1955823.6083000023], [961337.9965000007, 1955805.2304999996], [961335.4461000008, 1955739.362099999], [961601.6763000007, 1955618.982100001], [961950.5779000015, 1955553.6446000026], [962102.6289000008, 1955545.133499999], [961989.7331000012, 1955189.328600001], [961617.9703000004, 1955195.9884000001], [961522.099700002, 1955122.424000001], [961223.0801000011, 1954896.4140000008], [961131.9377000001, 1954908.3461999996], [960966.1541000011, 1954912.5603999998], [960966.1203000001, 1954912.504000004], [960913.5509000022, 1954824.0932000002], [960907.0182999999, 1954813.1062000052], [960906.7691000007, 1954812.6126000034], [960905.5494999998, 1954810.1962000006], [960882.2925000014, 1954764.1142000025], [960861.4643000017, 1954843.8488000003], [960775.3791, 1954996.5324000008], [960775.3047000017, 1954996.557], [960773.1507000019, 1954997.2692000025], [960767.8341000002, 1954998.9815999996], [960764.6577000018, 1955000.0042000022], [960756.6174999999, 1954998.561000002], [960748.9027000022, 1954997.1760000025], [960720.1043, 1954998.4556000037], [960696.1975000007, 1955038.0997999995], [960671.7915000021, 1955098.3084000049], [960540.2079000014, 1955635.0674], [960462.8607000018, 1955731.1902000008], [960676.1000000001, 1955810.1750000017], [960914.7079000016, 1955878.3863999988], [961166.8813000005, 1955943.2319000047], [961234.4275000023, 1956103.3947999997]]]}, "properties": {"x": "961194", "y": "1955526", "adm_cd": "11060890", "adm_nm": "서울특별시 동대문구 이문1동"}}, {"type": "Feature", "geometry": {"type": "Polygon", "coordinates": [[[961991.8494000013, 1956626.223000003], [962140.2307000011, 1956552.4919000014], [962141.5293000014, 1956524.1435000007], [962141.8075000008, 1956519.4510000031], [962144.4944000023, 1956491.4092999995], [962144.9754000017, 1956486.5483000036], [962149.6564999998, 1956448.9016999998], [962167.7992000005, 1956305.2997999997], [962180.6300000018, 1956222.0180000013], [962191.3840000003, 1956190.7567000072], [962193.7858999997, 1956183.7754000071], [962203.8147000005, 1956155.2649000003], [962208.9585000011, 1956140.7142000012], [962213.6120000016, 1956127.5505000018], [962215.4345000014, 1956123.4741000002], [962259.0366000016, 1956015.8873000005], [962296.8823000018, 1955854.1343000028], [962297.0147000006, 1955846.3055000016], [962296.9096000008, 1955825.7258999995], [962294.2940000002, 1955814.1661000014], [962291.8869000005, 1955805.1073000028], [962290.3967000021, 1955799.4995], [962285.3006, 1955787.2616999997], [962277.3735000016, 1955768.226199998], [962264.3483000014, 1955737.887900008], [962262.1661000003, 1955733.1813000022], [962218.9943000022, 1955665.3931000014], [962218.9459000011, 1955665.3183000034], [962217.366700002, 1955662.9087000012], [962208.6083000004, 1955651.2546999995], [962200.0459000004, 1955639.8615000008], [962175.078900002, 1955606.9723000035], [962150.6253000014, 1955581.7829000023], [962144.2377000025, 1955575.2030999996], [962102.6289000008, 1955545.133499999], [961950.5779000015, 1955553.6446000026], [961601.6763000007, 1955618.982100001], [961335.4461000008, 1955739.362099999], [961337.9965000007, 1955805.2304999996], [961338.7085000012, 1955823.6083000023], [961341.6119000006, 1955898.5773000014], [961343.8583000014, 1955956.6089000015], [961342.1327000004, 1955992.2277000027], [961341.8149000003, 1955998.7816999992], [961341.6759000006, 1955998.9175000007], [961341.5847000004, 1955999.0064000026], [961316.2113000008, 1956023.7335000006], [961263.8321000005, 1956074.7783000018], [961252.6167000011, 1956085.6933000023], [961234.4275000023, 1956103.3947999997], [961316.4863000019, 1956230.6231000016], [961356.8393000021, 1956280.1840000022], [961366.2235000024, 1956283.5128000064], [961366.3550000014, 1956283.5423000026], [961370.5516999997, 1956284.4777000006], [961378.8837000022, 1956286.3347000014], [961528.6456000004, 1956318.9521000003], [961638.529100001, 1956321.1833999986], [961857.4164000022, 1956578.751999999], [961945.8353000018, 1956707.6757000033], [961990.7520000006, 1956708.4121999994], [961991.8494000013, 1956708.430100001], [961991.8494000013, 1956626.223000003]]]}, "properties": {"x": "961826", "y": "1956034", "adm_cd": "11060900", "adm_nm": "서울특별시 동대문구 이문2동"}}, {"type": "Feature", "geometry": {"type": "Polygon", "coordinates": [[[959859.2915000005, 1953127.886600003], [959829.1543, 1953020.3990000025], [959826.7931000012, 1953011.1649999996], [959824.7107000009, 1953001.3358000005], [959823.8917000017, 1952994.1446000035], [959823.8003000016, 1952985.7522000032], [959824.4543000017, 1952976.565200001], [959825.4081000015, 1952967.9074000013], [959826.1451000005, 1952962.6866000032], [959828.0033000002, 1952950.7752000014], [959830.5915000008, 1952935.173400002], [959833.3055000015, 1952919.758600002], [959835.9751000009, 1952907.810800002], [959839.9473000023, 1952893.9830000026], [959843.5741000017, 1952882.7180000055], [959845.7789000019, 1952877.3642000025], [959848.9707000016, 1952869.6314], [959854.9605000021, 1952859.2594000036], [959863.8451000013, 1952843.9999999986], [959868.8659000006, 1952836.4132000008], [959875.6267000011, 1952827.1936000024], [959881.3719000013, 1952820.7276000013], [959899.5043000001, 1952802.8570000038], [960012.422100002, 1952695.267200001], [960012.6565000012, 1952695.3598000016], [960016.5915000013, 1952700.8988000015], [960026.397500002, 1952715.1856000004], [960081.4457000021, 1952795.8000000035], [960088.5791000004, 1952806.9662000008], [960091.5097000023, 1952811.5538000027], [960096.2975000006, 1952819.0566000005], [960112.7467000003, 1952843.0542000004], [960138.0717000009, 1952879.9500000016], [960158.2195000015, 1952909.0236000002], [960194.1793000014, 1952959.6723999986], [960274.5905000005, 1952909.7852000026], [960370.1826999998, 1952839.7222000023], [960440.6045000015, 1952788.106800002], [960449.5463, 1952781.553800002], [960454.9363000012, 1952781.940000001], [960465.9445000017, 1952782.7454000036], [960482.5885000001, 1952785.0722000021], [960655.9477000015, 1952828.8965999996], [960714.5933000015, 1952847.2273999995], [960719.974700002, 1952850.7224000013], [960726.6119000018, 1952855.1885999998], [960728.4843000019, 1952856.7182000014], [960730.1893000011, 1952872.8390000027], [960728.5417000009, 1952875.238], [960691.4167000006, 1952929.2785999994], [960669.7541000005, 1952960.8114000019], [960668.1697000011, 1952963.1174000013], [960700.6297000004, 1952999.8812000032], [960721.4371000009, 1953016.5206000004], [960724.5761000004, 1953018.7870000035], [960728.422100002, 1953021.5066000018], [960729.279700001, 1953022.0728], [960938.3303, 1952978.4618000048], [960931.7261000002, 1952890.2126000002], [960878.0603000006, 1952164.863200002], [960878.2897000015, 1952164.6657999996], [960878.9667000002, 1952164.0834000015], [960888.0983000012, 1952156.2272], [960887.6727000012, 1952152.3782000002], [960887.6469000014, 1952152.145200001], [960881.3159000004, 1952130.0970000012], [960874.9173000016, 1952108.017400004], [960868.7293, 1952086.6651999992], [960863.8111000003, 1952069.6956000016], [960861.6817000017, 1952062.3484000012], [960857.009300001, 1952046.227400002], [960855.610900002, 1952041.4027999998], [960696.1109000016, 1951848.239400002], [960463.9265000009, 1952068.412000003], [960139.4457000007, 1952375.8334000013], [960133.883700002, 1952381.094], [960127.8283000012, 1952386.8090000036], [960120.1635000005, 1952394.0125999989], [960099.5717000021, 1952413.3620000018], [960080.7513000001, 1952431.0021999995], [959813.2279000022, 1952577.8329999996], [959675.177700001, 1952652.6422], [959605.5349000007, 1952689.8478999985], [959847.2519000012, 1953119.5777999992], [959859.2915000005, 1953127.886600003]]]}, "properties": {"x": "960440", "y": "1952513", "adm_cd": "11060910", "adm_nm": "서울특별시 동대문구 답십리1동"}}, {"type": "Feature", "geometry": {"type": "Polygon", "coordinates": [[[962842.3188000005, 1954819.8797999988], [962931.2251000005, 1954741.695400002], [963519.7348000017, 1954898.6854], [963280.2631000021, 1954327.6678], [963279.5907000001, 1954327.4475999987], [963250.2757000017, 1954317.8511000045], [963136.1172000014, 1954285.4083999987], [962981.6683000001, 1954242.167000005], [962681.3849000011, 1954158.4778000023], [962677.2486000004, 1954157.3289999997], [962676.9127000013, 1954157.2359000053], [962625.5041000004, 1954143.083200002], [962608.8730000008, 1954138.5366000016], [962567.0713000017, 1954127.1096000015], [962501.5243000013, 1954111.3970000013], [962228.0456000019, 1954045.8438000018], [962179.9709000001, 1954375.052000003], [962088.361, 1954694.8873999983], [962803.3014000023, 1954923.6144000024], [962842.3188000005, 1954819.8797999988]]]}, "properties": {"x": "962740", "y": "1954513", "adm_cd": "11070520", "adm_nm": "서울특별시 중랑구 면목2동"}}, {"type": "Feature", "geometry": {"type": "Polygon", "coordinates": [[[962882.1423000016, 1953160.6574000022], [962972.2863000015, 1953096.9958000018], [963116.8393000015, 1953095.5671999995], [963376.6775000013, 1953119.881200001], [963674.9549000005, 1953148.0760000022], [964012.2260000012, 1952892.5626000017], [964091.3523000022, 1952796.515000003], [964126.1305000016, 1952433.402699998], [963837.2283000004, 1952337.622600002], [963657.5713000018, 1952390.5418000007], [963652.2805000021, 1952392.1008000022], [963642.3565000006, 1952431.9201999982], [963639.4923000003, 1952442.791400001], [963633.2787000008, 1952465.9526000004], [963454.0673000023, 1952465.6230000013], [962966.186900001, 1952556.5164000052], [962752.8883000005, 1952583.3739000007], [962751.3833000001, 1952585.5436000004], [962709.784300002, 1952642.4228000022], [962637.8164000001, 1953061.8179000006], [962880.0105000015, 1953194.6306999996], [962882.1423000016, 1953160.6574000022]]]}, "properties": {"x": "963395", "y": "1952775", "adm_cd": "11070540", "adm_nm": "서울특별시 중랑구 면목4동"}}, {"type": "Feature", "geometry": {"type": "Polygon", "coordinates": [[[963202.728100002, 1954137.2160000012], [963193.7421000018, 1954000.5704000024], [963206.3401000017, 1953611.4106000015], [962880.0105000015, 1953194.6306999996], [962637.8164000001, 1953061.8179000006], [962602.6431000002, 1953412.3905000044], [962601.3197999999, 1953422.9334000032], [962599.3821000003, 1953436.4387999994], [962597.0543000007, 1953449.8860000018], [962594.3363000003, 1953463.2555000023], [962591.2380000014, 1953476.546800002], [962587.7693000019, 1953489.7402999988], [962583.9203000017, 1953502.8359000068], [962579.690800001, 1953515.8131000032], [962578.7654, 1953518.4041000048], [962575.1008000022, 1953528.6627999982], [962572.8733000017, 1953534.3709], [962570.1402000008, 1953541.3746000016], [962564.8290000015, 1953553.9381000027], [962559.1468000023, 1953566.3430000008], [962554.6573000001, 1953575.5735000046], [962551.8969000003, 1953580.9762999993], [962546.3964000011, 1953591.7412000056], [962496.8637000017, 1953599.0156000014], [962228.0456000019, 1954045.8438000018], [962501.5243000013, 1954111.3970000013], [962567.0713000017, 1954127.1096000015], [962608.8730000008, 1954138.5366000016], [962625.5041000004, 1954143.083200002], [962676.9127000013, 1954157.2359000053], [962677.2486000004, 1954157.3289999997], [962681.3849000011, 1954158.4778000023], [962981.6683000001, 1954242.167000005], [963136.1172000014, 1954285.4083999987], [963250.2757000017, 1954317.8511000045], [963279.5907000001, 1954327.4475999987], [963280.2631000021, 1954327.6678], [963202.728100002, 1954137.2160000012]]]}, "properties": {"x": "962811", "y": "1953769", "adm_cd": "11070550", "adm_nm": "서울특별시 중랑구 면목5동"}}, {"type": "Feature", "geometry": {"type": "Polygon", "coordinates": [[[963803.1619000018, 1953533.3486000025], [963970.0213000011, 1953568.8438000032], [964045.3490000006, 1953582.6134000001], [964429.5803, 1953529.6973999995], [964759.3493000008, 1953444.5676000002], [964948.2607000022, 1953354.5806000025], [964885.4193000018, 1953259.003400005], [964853.3463000006, 1953204.6944000013], [964780.7681000021, 1953040.642000003], [964760.0531000004, 1952833.6116], [964757.1069000019, 1952784.7402000015], [964740.0793000014, 1952766.0398000025], [964628.6957000023, 1952671.4759000002], [964252.681300002, 1952447.7484], [964126.1305000016, 1952433.402699998], [964091.3523000022, 1952796.515000003], [964012.2260000012, 1952892.5626000017], [963674.9549000005, 1953148.0760000022], [963376.6775000013, 1953119.881200001], [963116.8393000015, 1953095.5671999995], [962972.2863000015, 1953096.9958000018], [962882.1423000016, 1953160.6574000022], [962880.0105000015, 1953194.6306999996], [963206.3401000017, 1953611.4106000015], [963803.1619000018, 1953533.3486000025]]]}, "properties": {"x": "964045", "y": "1953359", "adm_cd": "11070570", "adm_nm": "서울특별시 중랑구 면목7동"}}, {"type": "Feature", "geometry": {"type": "Polygon", "coordinates": [[[963757.0481000025, 1956674.4509999994], [963884.6787000005, 1956511.198], [964143.7259000003, 1956258.4160000016], [964238.9613000003, 1955962.159799999], [964258.7943000016, 1955897.155400001], [964262.3209000006, 1955884.6330000025], [964274.8204000015, 1955816.5524000018], [964287.4278000011, 1955635.5577000026], [964052.1595000017, 1955513.227900001], [963936.591900001, 1955480.310599999], [963887.9945000005, 1955466.3562000003], [963684.6449, 1955407.8126000008], [963656.7599000022, 1955399.606799998], [963655.4111000006, 1955399.1902000005], [963641.543100001, 1955394.6133999988], [963626.6937, 1955389.7052000049], [963525.192300002, 1955355.0833999997], [963431.2540999996, 1955322.9492000039], [963291.4415, 1955275.1938000014], [963277.7627000015, 1955270.5229999986], [963274.6397000004, 1955269.524000005], [963220.6645000016, 1955252.4330000016], [963205.8545000013, 1955247.7532000032], [963203.3599000002, 1955246.9680000006], [963142.3585000015, 1955227.9272000021], [963108.8869000017, 1955217.489800003], [963031.1917000009, 1955193.4026000032], [962948.888500001, 1955167.9103999992], [962952.5767000013, 1955265.4196000022], [963018.0285000019, 1955273.0624000009], [963034.9931000012, 1955275.9110000003], [963058.0899000012, 1955280.696600001], [963147.2205000006, 1955305.4318000015], [963172.4295000002, 1955312.4954000004], [963202.668700001, 1955321.6506000014], [963461.1861000007, 1955708.3726000031], [963502.3917000017, 1955774.2292000004], [963510.1265000016, 1955803.9954000032], [963539.3250000007, 1955918.1927999994], [963585.2201000005, 1956416.6725999988], [963581.7561000008, 1956449.3505999995], [963563.5913000014, 1956623.3760000018], [963586.5163000015, 1956666.0642000015], [963757.0481000025, 1956674.4509999994]]]}, "properties": {"x": "963880", "y": "1955899", "adm_cd": "11070590", "adm_nm": "서울특별시 중랑구 상봉1동"}}, {"type": "Feature", "geometry": {"type": "Polygon", "coordinates": [[[963618.6699000002, 1954924.9944000016], [963519.7348000017, 1954898.6854], [962931.2251000005, 1954741.695400002], [962842.3188000005, 1954819.8797999988], [962803.3014000023, 1954923.6144000024], [962088.361, 1954694.8873999983], [962087.4575000001, 1954877.9571], [962552.8550000025, 1955023.9446000005], [962608.1404000008, 1955041.4036000008], [962947.2908000011, 1955148.5075000026], [962948.0210000018, 1955148.7380999997], [962948.0616000013, 1955149.6351999985], [962948.888500001, 1955167.9103999992], [963031.1917000009, 1955193.4026000032], [963108.8869000017, 1955217.489800003], [963142.3585000015, 1955227.9272000021], [963203.3599000002, 1955246.9680000006], [963205.8545000013, 1955247.7532000032], [963220.6645000016, 1955252.4330000016], [963274.6397000004, 1955269.524000005], [963277.7627000015, 1955270.5229999986], [963291.4415, 1955275.1938000014], [963431.2540999996, 1955322.9492000039], [963525.192300002, 1955355.0833999997], [963626.6937, 1955389.7052000049], [963641.543100001, 1955394.6133999988], [963655.4111000006, 1955399.1902000005], [963656.7599000022, 1955399.606799998], [963684.6449, 1955407.8126000008], [963887.9945000005, 1955466.3562000003], [963936.591900001, 1955480.310599999], [964052.1595000017, 1955513.227900001], [964087.949000001, 1955049.0446000015], [963618.6699000002, 1954924.9944000016]]]}, "properties": {"x": "963276", "y": "1955172", "adm_cd": "11070600", "adm_nm": "서울특별시 중랑구 상봉2동"}}, {"type": "Feature", "geometry": {"type": "Polygon", "coordinates": [[[963581.7561000008, 1956449.3505999995], [963585.2201000005, 1956416.6725999988], [963539.3250000007, 1955918.1927999994], [963510.1265000016, 1955803.9954000032], [963502.3917000017, 1955774.2292000004], [963461.1861000007, 1955708.3726000031], [963202.668700001, 1955321.6506000014], [963172.4295000002, 1955312.4954000004], [963147.2205000006, 1955305.4318000015], [963058.0899000012, 1955280.696600001], [963034.9931000012, 1955275.9110000003], [963018.0285000019, 1955273.0624000009], [962952.5767000013, 1955265.4196000022], [962953.1460999998, 1955330.2721999984], [962953.5653000008, 1955378.0648000021], [962953.5915000001, 1955381.0772000002], [962953.5977000014, 1955381.8058000007], [962951.8300000017, 1955394.461599999], [962947.200500001, 1955427.6050000004], [962938.6426999997, 1955488.8680999996], [962882.2060000007, 1955884.6092000026], [962858.3797000025, 1956046.8139000004], [962852.1200000003, 1956089.426700003], [962851.1398000016, 1956095.2591999983], [962839.5407999998, 1956164.2558000025], [962816.703400002, 1956300.1027000006], [962859.3745000013, 1956306.2952], [962877.6897, 1956308.9562000008], [962886.8673000006, 1956310.2898000008], [962933.6209000017, 1956317.231000002], [962971.3263000004, 1956322.8904], [963223.2127000019, 1956438.9936000002], [963229.2425000004, 1956442.9560000026], [963355.5171000012, 1956565.0463999999], [963563.5913000014, 1956623.3760000018], [963581.7561000008, 1956449.3505999995]]]}, "properties": {"x": "963212", "y": "1956168", "adm_cd": "11070610", "adm_nm": "서울특별시 중랑구 중화1동"}}, {"type": "Feature", "geometry": {"type": "Polygon", "coordinates": [[[962315.644700001, 1956532.5886], [962377.4503000013, 1956234.9005999994], [962378.4743000001, 1956235.0350000004], [962816.703400002, 1956300.1027000006], [962839.5407999998, 1956164.2558000025], [962851.1398000016, 1956095.2591999983], [962852.1200000003, 1956089.426700003], [962858.3797000025, 1956046.8139000004], [962882.2060000007, 1955884.6092000026], [962938.6426999997, 1955488.8680999996], [962947.200500001, 1955427.6050000004], [962951.8300000017, 1955394.461599999], [962953.5977000014, 1955381.8058000007], [962953.5915000001, 1955381.0772000002], [962953.5653000008, 1955378.0648000021], [962953.1460999998, 1955330.2721999984], [962952.5767000013, 1955265.4196000022], [962948.888500001, 1955167.9103999992], [962948.0616000013, 1955149.6351999985], [962948.0210000018, 1955148.7380999997], [962947.2908000011, 1955148.5075000026], [962608.1404000008, 1955041.4036000008], [962552.8550000025, 1955023.9446000005], [962087.4575000001, 1954877.9571], [962087.2929000003, 1954878.7212000028], [961989.7331000012, 1955189.328600001], [962102.6289000008, 1955545.133499999], [962144.2377000025, 1955575.2030999996], [962150.6253000014, 1955581.7829000023], [962175.078900002, 1955606.9723000035], [962200.0459000004, 1955639.8615000008], [962208.6083000004, 1955651.2546999995], [962217.366700002, 1955662.9087000012], [962218.9459000011, 1955665.3183000034], [962218.9943000022, 1955665.3931000014], [962262.1661000003, 1955733.1813000022], [962264.3483000014, 1955737.887900008], [962277.3735000016, 1955768.226199998], [962285.3006, 1955787.2616999997], [962290.3967000021, 1955799.4995], [962291.8869000005, 1955805.1073000028], [962294.2940000002, 1955814.1661000014], [962296.9096000008, 1955825.7258999995], [962297.0147000006, 1955846.3055000016], [962296.8823000018, 1955854.1343000028], [962259.0366000016, 1956015.8873000005], [962215.4345000014, 1956123.4741000002], [962213.6120000016, 1956127.5505000018], [962208.9585000011, 1956140.7142000012], [962203.8147000005, 1956155.2649000003], [962193.7858999997, 1956183.7754000071], [962191.3840000003, 1956190.7567000072], [962180.6300000018, 1956222.0180000013], [962167.7992000005, 1956305.2997999997], [962149.6564999998, 1956448.9016999998], [962144.9754000017, 1956486.5483000036], [962144.4944000023, 1956491.4092999995], [962141.8075000008, 1956519.4510000031], [962141.5293000014, 1956524.1435000007], [962140.2307000011, 1956552.4919000014], [962315.644700001, 1956532.5886]]]}, "properties": {"x": "962492", "y": "1955617", "adm_cd": "11070620", "adm_nm": "서울특별시 중랑구 중화2동"}}, {"type": "Feature", "geometry": {"type": "Polygon", "coordinates": [[[963471.6149000016, 1957952.5694000004], [963793.2000000009, 1957865.433900002], [963861.5528000015, 1957643.0059000023], [963707.5533000003, 1957368.9742], [963491.3999000012, 1957330.7706000009], [963354.8305000009, 1956998.4357999987], [963387.2569000011, 1956861.7631999995], [963399.8607000007, 1956822.6454000056], [963405.784900001, 1956804.6854000015], [963407.7655000007, 1956799.679999999], [963412.305900002, 1956788.2070000018], [963563.7108000016, 1956667.769400003], [963586.5163000015, 1956666.0642000015], [963563.5913000014, 1956623.3760000018], [963355.5171000012, 1956565.0463999999], [963229.2425000004, 1956442.9560000026], [963223.2127000019, 1956438.9936000002], [962971.3263000004, 1956322.8904], [962933.6209000017, 1956317.231000002], [962886.8673000006, 1956310.2898000008], [962877.6897, 1956308.9562000008], [962859.3745000013, 1956306.2952], [962816.703400002, 1956300.1027000006], [962714.2605000015, 1957001.2750000027], [962654.6261000001, 1957256.6417999994], [962562.9415000009, 1957619.2294000012], [963082.189900001, 1957829.9588000025], [963471.6149000016, 1957952.5694000004]]]}, "properties": {"x": "963056", "y": "1957323", "adm_cd": "11070640", "adm_nm": "서울특별시 중랑구 묵1동"}}, {"type": "Feature", "geometry": {"type": "Polygon", "coordinates": [[[962562.9415000009, 1957619.2294000012], [962654.6261000001, 1957256.6417999994], [962714.2605000015, 1957001.2750000027], [962816.703400002, 1956300.1027000006], [962378.4743000001, 1956235.0350000004], [962377.4503000013, 1956234.9005999994], [962315.644700001, 1956532.5886], [962140.2307000011, 1956552.4919000014], [962200.6601000021, 1957206.2332000022], [962056.005700001, 1957419.5212999987], [962067.7291000005, 1957421.1704000006], [962155.3095000011, 1957516.6792000015], [962157.647900001, 1957517.9828000022], [962173.5255000005, 1957526.8336000005], [962195.0515000002, 1957533.6426], [962214.1391000015, 1957539.6370000015], [962224.0973000014, 1957541.6993999996], [962333.8673000012, 1957554.758199999], [962562.9415000009, 1957619.2294000012]]]}, "properties": {"x": "962460", "y": "1956899", "adm_cd": "11070650", "adm_nm": "서울특별시 중랑구 묵2동"}}, {"type": "Feature", "geometry": {"type": "Polygon", "coordinates": [[[964765.4230000004, 1955108.9591000034], [965130.0611000002, 1955148.5828000032], [965150.4250000012, 1955149.111800002], [965158.2627000017, 1955149.315400003], [965402.0709000007, 1955087.981000003], [965782.985900002, 1954787.7910000014], [965581.6789000011, 1954297.5692000014], [965561.8521000012, 1954346.8964000032], [965440.2851000004, 1954390.5962000033], [965420.0217000005, 1954397.2950000013], [964886.4751000019, 1954507.9587999983], [964880.4079, 1954509.0363999987], [964841.6350999997, 1954486.7937999996], [964472.0091000019, 1954648.821200001], [964459.5701000019, 1954650.221400002], [964456.021300001, 1954650.6195999999], [964378.1403000017, 1954629.8738000025], [964345.0197000016, 1954621.0507999994], [964322.4325000016, 1954615.0334000012], [964304.1527000021, 1954610.037200001], [964123.5015000018, 1954560.6504000006], [964087.4769000008, 1954888.2100000025], [964087.949000001, 1955049.0446000015], [964696.850100002, 1955212.1392000047], [964703.8648000014, 1955210.5510000056], [964765.4230000004, 1955108.9591000034]]]}, "properties": {"x": "964938", "y": "1954802", "adm_cd": "11070680", "adm_nm": "서울특별시 중랑구 망우3동"}}, {"type": "Feature", "geometry": {"type": "Polygon", "coordinates": [[[965698.5309000018, 1957987.3553999993], [965772.2904000022, 1957944.3549999995], [966025.9514000006, 1957857.9471999991], [966129.1217000005, 1957792.0847000014], [966221.5888000001, 1957546.9670000006], [966198.6390000014, 1957515.3154000002], [966188.4100000019, 1957500.844200001], [966170.0310000008, 1957466.5801], [966172.6832000013, 1957433.6724999985], [966180.5425000021, 1957348.8498999986], [966199.1734000002, 1957266.429000001], [966230.2685000009, 1957048.0445000012], [966222.1443000011, 1956929.9458000006], [966185.2661000006, 1956747.0555999994], [966169.0895000005, 1956671.5159], [966163.5492000009, 1956673.9338000065], [966025.187500002, 1956734.3912000002], [965891.651300001, 1956793.8490000009], [965842.6703000003, 1956827.9958000015], [965464.3783000018, 1957007.7224000022], [965017.805200001, 1957159.0270000028], [964898.7279000017, 1957195.2002000008], [964871.1739000013, 1957206.3873000003], [964844.7337000016, 1957217.0897000018], [964840.0995000033, 1957214.9556000032], [964833.0406000044, 1957211.7048000018], [964803.4944000007, 1957163.8070000014], [964788.6507000001, 1956909.9771999996], [964786.5268000003, 1956873.4886000007], [964786.4596, 1956872.3322000075], [964784.3208000016, 1956835.2927], [964784.3432000009, 1956834.6338000027], [964784.3468000011, 1956834.5369000016], [964806.0462000009, 1956726.034900004], [964828.6846000009, 1956710.6125000017], [964850.559200001, 1956701.3739], [964876.2272, 1956690.7775999994], [964940.9380685207, 1956725.2666722569], [964964.0878187788, 1956756.8608660423], [964982.7583000007, 1956773.8791000028], [964987.6209000013, 1956771.5171000003], [964997.6457000023, 1956762.7742999997], [965005.3035185667, 1956755.445556419], [965010.2119000055, 1956750.7481], [965019.7726999999, 1956741.5977000017], [965033.5297000011, 1956660.4894999992], [965018.2629000031, 1956443.4880999986], [964986.856700002, 1956360.6056000022], [964882.4247000001, 1956165.758800001], [964770.2345000021, 1955995.6071999995], [964737.2395000001, 1955891.1651000022], [964732.5656000045, 1955793.321000001], [964730.8078000005, 1955757.4050000012], [964730.7436000032, 1955756.0948000038], [964680.1097999997, 1955741.9629999986], [964642.2713000019, 1955731.4491000047], [964287.4278000011, 1955635.5577000026], [964274.8204000015, 1955816.5524000018], [964307.9071000018, 1955822.2117000031], [964368.6243000017, 1955832.598300002], [964369.6355000006, 1955834.8230000015], [964371.759700001, 1955839.4990000024], [964359.4145000003, 1955971.7335000033], [964344.5738000006, 1956026.6422000013], [964332.2707000009, 1956071.151800001], [964325.8999000016, 1956094.2538000012], [964313.1745000011, 1956144.436499999], [964307.6021000016, 1956172.029400002], [964266.6181000001, 1956400.3545999993], [964256.3639000024, 1956472.2817], [964252.1938000006, 1956509.5796000022], [964251.2760000015, 1956519.3308000006], [964250.7182, 1956529.1202000012], [964250.530100001, 1956538.9173999992], [964250.6922000005, 1956548.7129000006], [964251.2240000025, 1956558.4962000009], [964251.4257000005, 1956560.7044000016], [964252.0094000006, 1956567.0918000028], [964252.1153000016, 1956568.2479999987], [964253.3666000006, 1956577.9676000022], [964254.9772000015, 1956587.6352000022], [964255.4534, 1956589.9557999994], [964256.6006, 1956595.5436], [964256.9476000002, 1956597.2312999992], [964259.267100002, 1956606.7452000007], [964261.9360999998, 1956616.1774000006], [964275.7812000017, 1956661.3968000035], [964277.6404000001, 1956665.7293000033], [964285.1015000008, 1956683.113700001], [964291.9956000003, 1956699.1764000007], [964298.4063999997, 1956707.8690000023], [964301.1380000014, 1956711.5730000036], [964305.1369000005, 1956720.8972000014], [964308.3750000005, 1956728.4482000005], [964310.7336000003, 1956734.0236000028], [964311.4438000007, 1956735.893100001], [964317.4450000008, 1956751.6912000026], [964318.0036000013, 1956753.357700001], [964320.4112000016, 1956760.6021999987], [964323.6166000024, 1956771.2510000006], [964326.4826000006, 1956782.011900003], [964328.9992000016, 1956792.8641999988], [964331.1665000019, 1956803.7986000003], [964331.4994000002, 1956805.8234000015], [964332.9742000018, 1956814.794900003], [964333.8702000007, 1956820.490900003], [964336.1090000018, 1956834.7306000027], [964365.6950000017, 1957035.6773000006], [964366.9873000018, 1957045.6066000012], [964367.9400000018, 1957055.577800001], [964368.5328000009, 1957065.570900004], [964368.7658000018, 1957075.5759000024], [964368.6592000003, 1957085.5926000013], [964368.1924000015, 1957095.591200001], [964367.3758000014, 1957105.5719000036], [964367.117800002, 1957107.8223000015], [964366.2189999998, 1957115.524000003], [964364.2582000005, 1957128.409700003], [964361.075400001, 1957144.5904000015], [964350.6962000021, 1957194.8165000041], [964338.250800001, 1957255.0398000015], [964329.9765000006, 1957295.0784000042], [964300.211300001, 1957369.1684000017], [963861.5528000015, 1957643.0059000023], [963793.2000000009, 1957865.433900002], [963939.7408000028, 1957802.5891000014], [964210.1058000019, 1957806.6413000033], [964211.7541000003, 1957807.1812999998], [964596.3304000022, 1957958.9445999989], [964777.1182000008, 1957848.3672000011], [964848.1114000028, 1957855.5472000074], [965134.4572000004, 1957916.0688999994], [965137.1246000023, 1957917.8271000008], [965191.0412000014, 1957953.8475000025], [965698.5309000018, 1957987.3553999993]]]}, "properties": {"x": "965060", "y": "1957546", "adm_cd": "11070690", "adm_nm": "서울특별시 중랑구 신내1동"}}, {"type": "Feature", "geometry": {"type": "Polygon", "coordinates": [[[964300.211300001, 1957369.1684000017], [964329.9765000006, 1957295.0784000042], [964338.250800001, 1957255.0398000015], [964350.6962000021, 1957194.8165000041], [964361.075400001, 1957144.5904000015], [964364.2582000005, 1957128.409700003], [964366.2189999998, 1957115.524000003], [964367.117800002, 1957107.8223000015], [964367.3758000014, 1957105.5719000036], [964368.1924000015, 1957095.591200001], [964368.6592000003, 1957085.5926000013], [964368.7658000018, 1957075.5759000024], [964368.5328000009, 1957065.570900004], [964367.9400000018, 1957055.577800001], [964366.9873000018, 1957045.6066000012], [964365.6950000017, 1957035.6773000006], [964336.1090000018, 1956834.7306000027], [964333.8702000007, 1956820.490900003], [964332.9742000018, 1956814.794900003], [964331.4994000002, 1956805.8234000015], [964331.1665000019, 1956803.7986000003], [964328.9992000016, 1956792.8641999988], [964326.4826000006, 1956782.011900003], [964323.6166000024, 1956771.2510000006], [964320.4112000016, 1956760.6021999987], [964318.0036000013, 1956753.357700001], [964317.4450000008, 1956751.6912000026], [964311.4438000007, 1956735.893100001], [964310.7336000003, 1956734.0236000028], [964308.3750000005, 1956728.4482000005], [964305.1369000005, 1956720.8972000014], [964301.1380000014, 1956711.5730000036], [964298.4063999997, 1956707.8690000023], [964291.9956000003, 1956699.1764000007], [964285.1015000008, 1956683.113700001], [964277.6404000001, 1956665.7293000033], [964275.7812000017, 1956661.3968000035], [964261.9360999998, 1956616.1774000006], [964259.267100002, 1956606.7452000007], [964256.9476000002, 1956597.2312999992], [964256.6006, 1956595.5436], [964255.4534, 1956589.9557999994], [964254.9772000015, 1956587.6352000022], [964253.3666000006, 1956577.9676000022], [964252.1153000016, 1956568.2479999987], [964252.0094000006, 1956567.0918000028], [964251.4257000005, 1956560.7044000016], [964251.2240000025, 1956558.4962000009], [964250.6922000005, 1956548.7129000006], [964250.530100001, 1956538.9173999992], [964250.7182, 1956529.1202000012], [964251.2760000015, 1956519.3308000006], [964252.1938000006, 1956509.5796000022], [964256.3639000024, 1956472.2817], [964266.6181000001, 1956400.3545999993], [964307.6021000016, 1956172.029400002], [964313.1745000011, 1956144.436499999], [964325.8999000016, 1956094.2538000012], [964332.2707000009, 1956071.151800001], [964344.5738000006, 1956026.6422000013], [964359.4145000003, 1955971.7335000033], [964371.759700001, 1955839.4990000024], [964369.6355000006, 1955834.8230000015], [964368.6243000017, 1955832.598300002], [964307.9071000018, 1955822.2117000031], [964274.8204000015, 1955816.5524000018], [964262.3209000006, 1955884.6330000025], [964258.7943000016, 1955897.155400001], [964238.9613000003, 1955962.159799999], [964143.7259000003, 1956258.4160000016], [963884.6787000005, 1956511.198], [963757.0481000025, 1956674.4509999994], [963586.5163000015, 1956666.0642000015], [963563.7108000016, 1956667.769400003], [963412.305900002, 1956788.2070000018], [963407.7655000007, 1956799.679999999], [963405.784900001, 1956804.6854000015], [963399.8607000007, 1956822.6454000056], [963387.2569000011, 1956861.7631999995], [963354.8305000009, 1956998.4357999987], [963491.3999000012, 1957330.7706000009], [963707.5533000003, 1957368.9742], [963861.5528000015, 1957643.0059000023], [964300.211300001, 1957369.1684000017]]]}, "properties": {"x": "963944", "y": "1956921", "adm_cd": "11070700", "adm_nm": "서울특별시 중랑구 신내2동"}}, {"type": "Feature", "geometry": {"type": "Polygon", "coordinates": [[[964087.4769000008, 1954888.2100000025], [964123.5015000018, 1954560.6504000006], [964149.0559000012, 1954461.065200001], [964232.4997000003, 1954134.4061999992], [964208.3385000017, 1954077.8356000017], [964126.9979000019, 1953888.9448], [963614.3849000015, 1953946.1385999992], [963323.615100001, 1953979.633999999], [963193.7421000018, 1954000.5704000024], [963202.728100002, 1954137.2160000012], [963280.2631000021, 1954327.6678], [963519.7348000017, 1954898.6854], [963618.6699000002, 1954924.9944000016], [964087.949000001, 1955049.0446000015], [964087.4769000008, 1954888.2100000025]]]}, "properties": {"x": "963753", "y": "1954401", "adm_cd": "11070710", "adm_nm": "서울특별시 중랑구 면목본동"}}, {"type": "Feature", "geometry": {"type": "Polygon", "coordinates": [[[964841.6350999997, 1954486.7937999996], [964880.4079, 1954509.0363999987], [964886.4751000019, 1954507.9587999983], [965420.0217000005, 1954397.2950000013], [965440.2851000004, 1954390.5962000033], [965561.8521000012, 1954346.8964000032], [965581.6789000011, 1954297.5692000014], [965562.4327000016, 1954134.2338], [965543.442300002, 1954055.1768], [965511.4477000011, 1953927.5202000004], [965474.9333000003, 1953848.556000001], [965337.3741000018, 1953751.0114000011], [965146.4357000017, 1953648.7198], [964985.7099000014, 1953541.7386000012], [964958.6687000017, 1953499.618200002], [964937.1669000015, 1953465.5562000023], [964938.3775000022, 1953452.1800000025], [964948.2607000022, 1953354.5806000025], [964759.3493000008, 1953444.5676000002], [964429.5803, 1953529.6973999995], [964045.3490000006, 1953582.6134000001], [963970.0213000011, 1953568.8438000032], [963803.1619000018, 1953533.3486000025], [963206.3401000017, 1953611.4106000015], [963193.7421000018, 1954000.5704000024], [963323.615100001, 1953979.633999999], [963614.3849000015, 1953946.1385999992], [964126.9979000019, 1953888.9448], [964208.3385000017, 1954077.8356000017], [964232.4997000003, 1954134.4061999992], [964149.0559000012, 1954461.065200001], [964123.5015000018, 1954560.6504000006], [964304.1527000021, 1954610.037200001], [964322.4325000016, 1954615.0334000012], [964345.0197000016, 1954621.0507999994], [964378.1403000017, 1954629.8738000025], [964456.021300001, 1954650.6195999999], [964459.5701000019, 1954650.221400002], [964472.0091000019, 1954648.821200001], [964841.6350999997, 1954486.7937999996]]]}, "properties": {"x": "964540", "y": "1953979", "adm_cd": "11070720", "adm_nm": "서울특별시 중랑구 면목3·8동"}}, {"type": "Feature", "geometry": {"type": "Polygon", "coordinates": [[[964898.7279000017, 1957195.2002000008], [965017.805200001, 1957159.0270000028], [965464.3783000018, 1957007.7224000022], [965842.6703000003, 1956827.9958000015], [965891.651300001, 1956793.8490000009], [966025.187500002, 1956734.3912000002], [966163.5492000009, 1956673.9338000065], [966169.0895000005, 1956671.5159], [966290.8742000019, 1956296.3712000006], [966290.8999000007, 1956293.1988000018], [966288.4471000021, 1956237.1392000075], [966286.2339000009, 1956199.8520999989], [966064.6128000007, 1955875.0192000014], [965935.8023000013, 1955704.9339000005], [965968.0315000012, 1955585.6522000013], [966057.3105000001, 1955429.924600001], [966078.1181000003, 1955392.1404000004], [966140.8537000006, 1955267.3869000059], [966178.8817000001, 1955190.0894000002], [966159.4083000014, 1955025.9116000012], [966118.3149000017, 1955005.3846000042], [966073.2115000022, 1954982.8546000011], [966058.7729000011, 1954975.684000006], [966055.1117000014, 1954974.4218000034], [966050.9647000015, 1954973.1658], [966048.7289000012, 1954972.4887000006], [966014.7185000011, 1954968.1078000017], [965843.7263000002, 1954898.542200001], [965782.985900002, 1954787.7910000014], [965402.0709000007, 1955087.981000003], [965158.2627000017, 1955149.315400003], [965150.4250000012, 1955149.111800002], [965130.0611000002, 1955148.5828000032], [964765.4230000004, 1955108.9591000034], [964703.8648000014, 1955210.5510000056], [964696.850100002, 1955212.1392000047], [964087.949000001, 1955049.0446000015], [964052.1595000017, 1955513.227900001], [964287.4278000011, 1955635.5577000026], [964642.2713000019, 1955731.4491000047], [964680.1097999997, 1955741.9629999986], [964730.7436000032, 1955756.0948000038], [964730.8078000005, 1955757.4050000012], [964732.5656000045, 1955793.321000001], [964737.2395000001, 1955891.1651000022], [964770.2345000021, 1955995.6071999995], [964882.4247000001, 1956165.758800001], [964986.856700002, 1956360.6056000022], [965018.2629000031, 1956443.4880999986], [965033.5297000011, 1956660.4894999992], [965019.7726999999, 1956741.5977000017], [965010.2119000055, 1956750.7481], [965005.3035185667, 1956755.445556419], [964997.6457000023, 1956762.7742999997], [964987.6209000013, 1956771.5171000003], [964982.7583000007, 1956773.8791000028], [964964.0878187788, 1956756.8608660423], [964940.9380685207, 1956725.2666722569], [964876.2272, 1956690.7775999994], [964850.559200001, 1956701.3739], [964828.6846000009, 1956710.6125000017], [964806.0462000009, 1956726.034900004], [964784.3468000011, 1956834.5369000016], [964784.3432000009, 1956834.6338000027], [964784.3208000016, 1956835.2927], [964786.4596, 1956872.3322000075], [964786.5268000003, 1956873.4886000007], [964788.6507000001, 1956909.9771999996], [964803.4944000007, 1957163.8070000014], [964833.0406000044, 1957211.7048000018], [964840.0995000033, 1957214.9556000032], [964844.7337000016, 1957217.0897000018], [964871.1739000013, 1957206.3873000003], [964898.7279000017, 1957195.2002000008]]]}, "properties": {"x": "965338", "y": "1955917", "adm_cd": "11070730", "adm_nm": "서울특별시 중랑구 망우본동"}}, {"type": "Feature", "geometry": {"type": "Polygon", "coordinates": [[[958520.8764000025, 1956100.2700000051], [958512.1294000004, 1956097.7863999996], [958501.8234000013, 1956093.669600003], [958247.7418000014, 1955806.2402000013], [958246.6584000015, 1955803.656800004], [958226.0004000014, 1955754.3700000066], [958176.4930000012, 1955621.2476000022], [958171.752400001, 1955601.2412000005], [958133.588800002, 1955372.6280000024], [958125.1038000011, 1955318.5973999999], [958063.8345000006, 1955075.9279999998], [957593.1665000017, 1955417.297199999], [957519.5820000017, 1955567.4750000013], [957804.5603000014, 1955956.7796000037], [958134.1851000022, 1956114.2658000048], [958552.9851000013, 1956180.8213000018], [958520.8764000025, 1956100.2700000051]]]}, "properties": {"x": "957989", "y": "1955685", "adm_cd": "11080580", "adm_nm": "서울특별시 성북구 돈암1동"}}, {"type": "Feature", "geometry": {"type": "Polygon", "coordinates": [[[956983.8325000016, 1955930.0407000019], [957107.2861000007, 1955821.8485000029], [957216.0992000012, 1955753.2114000004], [957478.2140000005, 1955622.768999998], [957519.5820000017, 1955567.4750000013], [957593.1665000017, 1955417.297199999], [957190.5016000009, 1955515.1408000041], [957178.153000002, 1955548.8300000038], [957176.2850000011, 1955553.6081000038], [957016.6213000009, 1955536.2914000005], [956985.5851000008, 1955472.6997000026], [956978.6970000009, 1955365.1964000044], [957005.4028000019, 1955309.9739999985], [957016.4506000008, 1955287.5446000043], [957023.642800001, 1955273.0010000023], [957047.5814000014, 1955147.4735000026], [956878.929000001, 1955054.8025000077], [956705.1552000016, 1954854.7443999997], [956471.6889000012, 1954744.3588], [956500.217200002, 1954840.051400004], [956544.3354000023, 1954904.9366000004], [956556.0066000007, 1954911.8210000014], [956570.4888000019, 1954922.8670000029], [956574.5944000011, 1954927.203600001], [956586.0082000016, 1954941.3787999977], [956599.2649000012, 1954970.0897999997], [956601.661100002, 1954976.3208000045], [956602.1846000019, 1954988.1195], [956594.5149000016, 1955087.8622000052], [956561.7470000023, 1955255.0561999995], [956553.7318000011, 1955282.3416000023], [956552.5698000013, 1955286.2144000025], [956552.2507000016, 1955286.9288], [956547.0684000022, 1955295.3542000023], [956496.558000002, 1955351.078800002], [956352.4384000015, 1955412.8460000004], [956327.0595000009, 1955438.1764000012], [956320.5873000005, 1955444.7024000003], [956345.9335000021, 1955467.7454000013], [956479.6553000018, 1955587.2548000051], [956868.0475000009, 1955854.887000004], [956983.8325000016, 1955930.0407000019]]]}, "properties": {"x": "956868", "y": "1955420", "adm_cd": "11080590", "adm_nm": "서울특별시 성북구 돈암2동"}}, {"type": "Feature", "geometry": {"type": "Polygon", "coordinates": [[[958128.6862000013, 1955317.3676000023], [958152.760600001, 1955313.8531999998], [958154.8439000013, 1955313.241], [958156.0899999999, 1955312.8748000031], [958175.3156000023, 1955307.165800001], [958210.5757999998, 1955287.287000002], [958222.1796000025, 1955278.628600001], [958430.3887000019, 1955102.497800002], [958490.161000001, 1955025.9729999998], [958505.7618000016, 1954927.7458000013], [958529.1256000013, 1954862.8819999988], [958539.1385000024, 1954841.3128000004], [958659.9205000004, 1954720.8346], [958664.8885000015, 1954721.3440000003], [958673.4883000006, 1954722.6408000027], [958683.1675000021, 1954724.545800001], [958689.951500001, 1954726.5370000012], [958780.6924000004, 1954756.8478000015], [958836.4576000018, 1954776.5764000008], [959056.4969000018, 1954742.9635000005], [959057.0900000014, 1954736.4401000026], [959062.9375000006, 1954661.3940999992], [959065.3117000014, 1954627.9089000025], [959028.5824999998, 1954557.4043000017], [959002.753600002, 1954509.5403], [958995.3336000012, 1954496.2089000014], [958973.0098000008, 1954468.657500002], [958965.8364000022, 1954459.885100002], [958596.0218000005, 1953990.6484000008], [958461.674, 1953803.6156999997], [958006.5369000011, 1953418.0011000019], [957965.4285000019, 1953444.2074000007], [957952.6710000015, 1953459.9903999995], [957937.042800001, 1953492.982000001], [957899.9814000011, 1953577.6921999997], [957813.6816000006, 1953780.971599999], [957809.7480000011, 1953790.5778000006], [957794.0358000004, 1953830.8982000025], [957784.5880000019, 1953856.821800002], [957772.601000001, 1953898.5398000018], [957761.5054000022, 1953937.9729999986], [957734.4151999999, 1954035.6883999996], [957721.0586000006, 1954084.5562000023], [957684.0468000004, 1954220.9804000016], [957515.9838000007, 1954475.9672000026], [957676.3380000021, 1954540.3348000022], [957814.8098000016, 1954525.1774000023], [957963.4026000007, 1954686.0586], [958014.1874000004, 1954986.569000003], [958063.8345000006, 1955075.9279999998], [958125.1038000011, 1955318.5973999999], [958128.6862000013, 1955317.3676000023]]]}, "properties": {"x": "958258", "y": "1954363", "adm_cd": "11080600", "adm_nm": "서울특별시 성북구 안암동"}}, {"type": "Feature", "geometry": {"type": "Polygon", "coordinates": [[[957684.0468000004, 1954220.9804000016], [957721.0586000006, 1954084.5562000023], [957734.4151999999, 1954035.6883999996], [957761.5054000022, 1953937.9729999986], [957772.601000001, 1953898.5398000018], [957784.5880000019, 1953856.821800002], [957794.0358000004, 1953830.8982000025], [957809.7480000011, 1953790.5778000006], [957813.6816000006, 1953780.971599999], [957899.9814000011, 1953577.6921999997], [957937.042800001, 1953492.982000001], [957952.6710000015, 1953459.9903999995], [957965.4285000019, 1953444.2074000007], [958006.5369000011, 1953418.0011000019], [957893.9454000012, 1953289.079500003], [957778.0109000013, 1953383.2534999987], [957508.5498000016, 1953235.1660000016], [957420.7411000018, 1953468.1538000004], [957338.2807000021, 1953646.350199998], [957286.4389000016, 1953723.276500002], [957170.429, 1953761.4314000015], [957163.0799000007, 1953771.0719000022], [957290.0946000025, 1954217.096800001], [957515.9838000007, 1954475.9672000026], [957684.0468000004, 1954220.9804000016]]]}, "properties": {"x": "957543", "y": "1953825", "adm_cd": "11080610", "adm_nm": "서울특별시 성북구 보문동"}}, {"type": "Feature", "geometry": {"type": "Polygon", "coordinates": [[[957155.1511000011, 1957057.8438], [957243.0779000003, 1956849.1867000014], [957318.2167000019, 1956584.039300002], [957460.5903000017, 1956135.0770000052], [957533.1351000009, 1956037.3905000035], [957643.5989000011, 1955982.5307999994], [957750.2519000014, 1955963.2225999997], [957804.5603000014, 1955956.7796000037], [957519.5820000017, 1955567.4750000013], [957478.2140000005, 1955622.768999998], [957216.0992000012, 1955753.2114000004], [957107.2861000007, 1955821.8485000029], [957055.3105000006, 1956033.9712000017], [957040.8187, 1956104.4178000018], [957172.883500002, 1956351.9015999988], [957261.3835000017, 1956543.3962999987], [957263.3047000003, 1956557.6789999995], [957266.2647000019, 1956579.6864000002], [957266.6581000012, 1956582.6128000005], [957231.2235000024, 1956780.3767000013], [957229.0575000017, 1956783.4593999991], [957192.3305000018, 1956835.7288000018], [957186.1335000021, 1956844.5083000031], [957175.525900001, 1956859.5364000015], [957136.0005000008, 1956915.5324000022], [957054.7507000016, 1957020.5347000004], [957146.9640000011, 1957237.8682000006], [957155.1511000011, 1957057.8438]]]}, "properties": {"x": "957340", "y": "1956113", "adm_cd": "11080620", "adm_nm": "서울특별시 성북구 정릉1동"}}, {"type": "Feature", "geometry": {"type": "Polygon", "coordinates": [[[957136.0005000008, 1956915.5324000022], [957175.525900001, 1956859.5364000015], [957186.1335000021, 1956844.5083000031], [957192.3305000018, 1956835.7288000018], [957229.0575000017, 1956783.4593999991], [957231.2235000024, 1956780.3767000013], [957266.6581000012, 1956582.6128000005], [957266.2647000019, 1956579.6864000002], [957263.3047000003, 1956557.6789999995], [957261.3835000017, 1956543.3962999987], [957172.883500002, 1956351.9015999988], [957040.8187, 1956104.4178000018], [957055.3105000006, 1956033.9712000017], [957107.2861000007, 1955821.8485000029], [956983.8325000016, 1955930.0407000019], [956868.0475000009, 1955854.887000004], [956479.6553000018, 1955587.2548000051], [956345.9335000021, 1955467.7454000013], [956320.5873000005, 1955444.7024000003], [956327.0595000009, 1955438.1764000012], [956352.4384000015, 1955412.8460000004], [956343.2887000015, 1955412.6008999995], [956275.2341000004, 1955424.0703000012], [956170.7507000009, 1955519.266400001], [956006.182700001, 1955791.893600002], [955888.5104000017, 1955910.390599999], [955871.0647000019, 1955990.014400005], [955872.5719000018, 1955999.957800003], [955895.9345000008, 1956093.3771999986], [955954.5015000007, 1956202.1698000007], [956245.0061000015, 1956478.386600006], [956395.3807, 1956534.8032000018], [956514.5469000011, 1956411.665200003], [956529.6407000006, 1956399.4998000013], [956534.4537000015, 1956395.6206000024], [956547.8139000009, 1956384.8528999994], [956602.9159000024, 1956372.7394999987], [956660.8569000015, 1956370.4182000016], [956675.2230000007, 1956369.8429], [956692.8497000003, 1956417.0524000032], [956693.198900002, 1956424.9274000018], [956694.5025000009, 1956454.418800001], [956695.2803000014, 1956472.0159999998], [956694.7755000021, 1956490.6521999992], [956693.8071000001, 1956526.3900000001], [956693.7905000004, 1956527.0020000024], [956683.3251000018, 1956592.8516000058], [956679.6477000017, 1956615.9694000003], [956662.9556000008, 1956694.953500001], [956759.4305000008, 1956622.897799999], [956764.5442000015, 1956619.434000006], [956766.2079000011, 1956618.3073000018], [956801.9183000021, 1956618.2404], [956818.3907000024, 1956624.4894999997], [956890.7377000023, 1956665.7842999985], [956890.9677000002, 1956666.3358], [956894.6095000014, 1956768.087700001], [956894.578700001, 1956768.1514000022], [956955.2897000017, 1956903.405200003], [957034.3371000022, 1957018.2049999998], [957036.6997000016, 1957018.4752000067], [957052.5487000002, 1957020.2848999999], [957054.7507000016, 1957020.5347000004], [957136.0005000008, 1956915.5324000022]]]}, "properties": {"x": "956602", "y": "1956155", "adm_cd": "11080630", "adm_nm": "서울특별시 성북구 정릉2동"}}, {"type": "Feature", "geometry": {"type": "Polygon", "coordinates": [[[954607.6791000019, 1958366.1894000028], [954685.6754000019, 1958304.4953000015], [954821.5548000016, 1958188.0604000012], [954992.1072000018, 1957990.8754000042], [955229.1878000023, 1957835.3750999996], [955800.0635000006, 1957562.166400003], [955864.268700002, 1957602.1973999995], [955912.9508000007, 1957613.7216000033], [955952.5690000014, 1957613.3314000024], [956090.3312000019, 1957570.4494000007], [956187.6897000005, 1957536.8643], [956391.9492000019, 1957437.3474000026], [956577.071800001, 1957089.353600002], [956662.9556000008, 1956694.953500001], [956679.6477000017, 1956615.9694000003], [956683.3251000018, 1956592.8516000058], [956693.7905000004, 1956527.0020000024], [956693.8071000001, 1956526.3900000001], [956694.7755000021, 1956490.6521999992], [956695.2803000014, 1956472.0159999998], [956694.5025000009, 1956454.418800001], [956693.198900002, 1956424.9274000018], [956692.8497000003, 1956417.0524000032], [956675.2230000007, 1956369.8429], [956660.8569000015, 1956370.4182000016], [956602.9159000024, 1956372.7394999987], [956547.8139000009, 1956384.8528999994], [956534.4537000015, 1956395.6206000024], [956529.6407000006, 1956399.4998000013], [956514.5469000011, 1956411.665200003], [956395.3807, 1956534.8032000018], [956245.0061000015, 1956478.386600006], [955954.5015000007, 1956202.1698000007], [955895.9345000008, 1956093.3771999986], [955872.5719000018, 1955999.957800003], [955871.0647000019, 1955990.014400005], [955888.5104000017, 1955910.390599999], [955776.936300002, 1955891.8657999998], [955439.3815000008, 1956027.4671999998], [955246.4014999998, 1956137.3454000014], [955058.4563999998, 1956191.3226], [954902.4190000008, 1956175.6782000056], [954689.5100000019, 1956190.959200002], [954698.8192000001, 1956253.3498000018], [954698.4267999998, 1956419.8234000015], [954653.735600001, 1956603.1042000009], [954621.8589000021, 1956795.5724], [954615.2523000007, 1956955.0466000007], [954612.5547000022, 1957045.0514999998], [954650.9615000009, 1957189.3025000026], [954687.5529000014, 1957294.7162000025], [954619.6421999997, 1957380.1650000005], [954508.5431000022, 1957518.546700002], [954437.0755000017, 1957716.202400003], [954389.2375000018, 1957880.2511000023], [954391.3987000018, 1957985.426800001], [954425.3120000011, 1958071.8267999995], [954433.5565, 1958092.6023999988], [954386.3775000009, 1958198.6758000017], [954276.360100002, 1958444.4797999999], [954262.3775000018, 1958464.7484], [954193.5969000016, 1958564.4484000024], [954084.743900002, 1958668.7310000018], [954119.7549000004, 1958885.3516000058], [954126.9761000008, 1958892.5994000027], [954127.7247000013, 1958893.3504000027], [954221.9122000015, 1958892.3640000024], [954292.7951999999, 1958810.102200001], [954306.1232000007, 1958794.6346000005], [954607.6791000019, 1958366.1894000028]]]}, "properties": {"x": "955400", "y": "1957084", "adm_cd": "11080640", "adm_nm": "서울특별시 성북구 정릉3동"}}, {"type": "Feature", "geometry": {"type": "Polygon", "coordinates": [[[954470.1012000006, 1959788.5021000013], [954491.464900001, 1959777.539299999], [954594.9592000025, 1959735.8875000007], [954641.5306000008, 1959716.4233], [954953.7726000019, 1959515.119100002], [955289.076600001, 1959251.478800002], [955361.9316000006, 1959193.7067000028], [955475.2328000005, 1959096.4247000013], [955573.0517999999, 1958966.7940000016], [955596.2377000016, 1958919.3271000003], [955815.1501000023, 1958645.5633000024], [955897.0493000003, 1958603.137900005], [956336.0173000022, 1958399.450900002], [956574.1221000012, 1958400.2175999992], [956574.2654000013, 1958396.1567000023], [956574.3337000016, 1958393.6819000016], [956574.9688000013, 1958370.4491000026], [956564.8500000011, 1958280.0263000017], [956549.8965999996, 1958207.1997000007], [956527.6712000018, 1958108.418500003], [956509.7029000001, 1958048.7910999996], [956510.6249000008, 1958010.1025000014], [956558.6649000015, 1957912.9412999996], [956632.0016000008, 1957795.2768000038], [957153.0312000008, 1957364.5875000039], [957146.9640000011, 1957237.8682000006], [957054.7507000016, 1957020.5347000004], [957052.5487000002, 1957020.2848999999], [957036.6997000016, 1957018.4752000067], [957034.3371000022, 1957018.2049999998], [956955.2897000017, 1956903.405200003], [956894.578700001, 1956768.1514000022], [956894.6095000014, 1956768.087700001], [956890.9677000002, 1956666.3358], [956890.7377000023, 1956665.7842999985], [956818.3907000024, 1956624.4894999997], [956801.9183000021, 1956618.2404], [956766.2079000011, 1956618.3073000018], [956764.5442000015, 1956619.434000006], [956759.4305000008, 1956622.897799999], [956662.9556000008, 1956694.953500001], [956577.071800001, 1957089.353600002], [956391.9492000019, 1957437.3474000026], [956187.6897000005, 1957536.8643], [956090.3312000019, 1957570.4494000007], [955952.5690000014, 1957613.3314000024], [955912.9508000007, 1957613.7216000033], [955864.268700002, 1957602.1973999995], [955800.0635000006, 1957562.166400003], [955229.1878000023, 1957835.3750999996], [954992.1072000018, 1957990.8754000042], [954821.5548000016, 1958188.0604000012], [954685.6754000019, 1958304.4953000015], [954607.6791000019, 1958366.1894000028], [954306.1232000007, 1958794.6346000005], [954292.7951999999, 1958810.102200001], [954221.9122000015, 1958892.3640000024], [954127.7247000013, 1958893.3504000027], [954126.9761000008, 1958892.5994000027], [954119.7549000004, 1958885.3516000058], [954113.4221000015, 1958904.8204000012], [954109.9589000009, 1958915.4666], [954074.4655000004, 1958953.564999998], [953976.8264000011, 1958998.165400003], [953780.2279000005, 1958976.7079999999], [953671.9659000019, 1958970.546800001], [953651.3249000013, 1959043.1407999983], [953647.3333000012, 1959057.1796000032], [953665.2828000014, 1959132.2787999997], [953683.8283000011, 1959209.871400003], [953709.2338000005, 1959266.8320000013], [953854.4565000003, 1959407.0087000038], [954342.3456000012, 1959716.863700002], [954470.1012000006, 1959788.5021000013]]]}, "properties": {"x": "955410", "y": "1958418", "adm_cd": "11080650", "adm_nm": "서울특별시 성북구 정릉4동"}}, {"type": "Feature", "geometry": {"type": "Polygon", "coordinates": [[[957375.6877000015, 1957365.7322000037], [957380.3223000017, 1957369.3884000028], [957383.0219000023, 1957369.484], [957420.1835000024, 1957351.6831999999], [957594.0562000005, 1957208.1530000004], [957671.531500001, 1957126.2590000024], [957673.9103000007, 1957125.271000002], [957674.8428999996, 1957124.883800002], [957683.3108000001, 1957121.575600002], [957695.5273000009, 1957116.8030000029], [957802.6608, 1957096.3819000004], [957832.670400002, 1956991.2864999985], [957839.5971000019, 1956946.8186000003], [957907.4676000015, 1956693.2035000008], [957964.8497000015, 1956483.9036000017], [957979.9913000007, 1956430.5459000017], [957991.7217000005, 1956389.2100000028], [958003.1187000013, 1956349.0497999988], [958004.5845000005, 1956343.8848000038], [958023.1469000007, 1956308.4470000025], [958037.370500001, 1956281.2928999988], [958037.4746000022, 1956281.0971000039], [958037.8213000016, 1956280.4455000008], [958064.9247000013, 1956229.553100001], [958075.3445000018, 1956210.8922000015], [958082.4672999997, 1956198.1362999994], [958083.1003000007, 1956197.0662], [958103.6992000005, 1956162.2606000006], [958115.9747000005, 1956141.5280000002], [958134.1851000022, 1956114.2658000048], [957804.5603000014, 1955956.7796000037], [957750.2519000014, 1955963.2225999997], [957643.5989000011, 1955982.5307999994], [957533.1351000009, 1956037.3905000035], [957460.5903000017, 1956135.0770000052], [957318.2167000019, 1956584.039300002], [957243.0779000003, 1956849.1867000014], [957155.1511000011, 1957057.8438], [957146.9640000011, 1957237.8682000006], [957153.0312000008, 1957364.5875000039], [957375.6877000015, 1957365.7322000037]]]}, "properties": {"x": "957605", "y": "1956647", "adm_cd": "11080660", "adm_nm": "서울특별시 성북구 길음1동"}}, {"type": "Feature", "geometry": {"type": "Polygon", "coordinates": [[[958228.771200002, 1957135.0083999997], [958534.5018000016, 1957095.3883999987], [958554.7026000022, 1956730.8781000036], [958710.0206000006, 1956092.8839999987], [958681.6339999997, 1956106.2623000015], [958552.9851000013, 1956180.8213000018], [958134.1851000022, 1956114.2658000048], [958115.9747000005, 1956141.5280000002], [958103.6992000005, 1956162.2606000006], [958083.1003000007, 1956197.0662], [958082.4672999997, 1956198.1362999994], [958075.3445000018, 1956210.8922000015], [958064.9247000013, 1956229.553100001], [958037.8213000016, 1956280.4455000008], [958037.4746000022, 1956281.0971000039], [958037.370500001, 1956281.2928999988], [958023.1469000007, 1956308.4470000025], [958004.5845000005, 1956343.8848000038], [958003.1187000013, 1956349.0497999988], [957991.7217000005, 1956389.2100000028], [957979.9913000007, 1956430.5459000017], [957964.8497000015, 1956483.9036000017], [957907.4676000015, 1956693.2035000008], [957839.5971000019, 1956946.8186000003], [957832.670400002, 1956991.2864999985], [958228.771200002, 1957135.0083999997]]]}, "properties": {"x": "958270", "y": "1956628", "adm_cd": "11080680", "adm_nm": "서울특별시 성북구 길음2동"}}, {"type": "Feature", "geometry": {"type": "Polygon", "coordinates": [[[959346.0770000017, 1957022.4062000006], [959712.0286000002, 1956931.9906000043], [959703.788000002, 1956852.976800003], [959702.5170000014, 1956844.398800002], [959700.2880000018, 1956829.3652000003], [959624.0204, 1956620.9345000018], [959449.265400003, 1956422.3249999986], [959272.6950000008, 1956318.7866000007], [959251.9084000017, 1956335.826400002], [959146.5954000026, 1956386.3270000028], [959124.0931000005, 1956378.7068000012], [959150.7377000004, 1956127.0805000002], [959171.089200001, 1956104.205800002], [959273.454000002, 1955989.1500000008], [958710.0206000006, 1956092.8839999987], [958554.7026000022, 1956730.8781000036], [959152.9338000013, 1957131.4447000022], [959346.0770000017, 1957022.4062000006]]]}, "properties": {"x": "959094", "y": "1956600", "adm_cd": "11080710", "adm_nm": "서울특별시 성북구 월곡1동"}}, {"type": "Feature", "geometry": {"type": "Polygon", "coordinates": [[[959967.5134, 1956991.922], [959896.2488000013, 1956910.9077999988], [959880.2194000022, 1956794.5146000022], [959888.5517999998, 1956778.1241000013], [959889.0914000011, 1956777.0630000043], [959960.9847000006, 1956671.5118000016], [959985.1719000009, 1956647.4422000004], [960043.2116000033, 1956592.7206000006], [960045.7939999998, 1956590.9104000004], [960053.5878000015, 1956586.3508000001], [960054.9576000018, 1956585.6398000005], [960102.4894000008, 1956587.2722000014], [960152.3154000001, 1956591.1715999981], [960223.0168000016, 1956653.6869999997], [960406.1418000016, 1956590.6912000026], [960397.4296000015, 1956584.7475000005], [960386.9898000008, 1956575.0542000015], [960367.1481000001, 1956552.9978000005], [960361.4108000002, 1956542.933200001], [960353.0039999997, 1956527.6896000016], [960337.4997000007, 1956480.6016000006], [960334.5258000016, 1956467.5882000015], [960336.5914000022, 1956460.7038000026], [960359.228000002, 1956407.6424000033], [960393.0894000011, 1956355.4057000019], [960394.2991000018, 1956353.6589000023], [960399.8256000003, 1956345.6811000023], [960427.8798000012, 1956314.177300002], [960442.5114000008, 1956305.2334000005], [960450.6401000007, 1956300.0304000028], [960471.2485000009, 1956269.9091999987], [960479.4139000017, 1956250.820000006], [960483.0862000001, 1956242.2348000002], [960494.1752000023, 1956203.6744000036], [960523.3143000002, 1955993.3863999988], [960426.9847, 1955868.3800000018], [960401.4984000011, 1955842.4140000008], [960394.1823000016, 1955839.3605000053], [960383.9515000023, 1955851.1832000006], [960367.5835000016, 1955845.695200003], [960307.9782000014, 1955783.4479999999], [960048.855700001, 1955324.9470000006], [960039.8277000007, 1955288.1926000027], [959658.7569000022, 1955382.0289000012], [959486.9904, 1955229.3581000026], [959485.0388000007, 1955348.702799999], [959472.1724000005, 1955730.9160000032], [959469.2982000012, 1955772.8595999996], [959432.6343000012, 1955849.5925999999], [959324.6553000007, 1955960.9934000003], [959294.9392000025, 1955987.2984], [959285.5654000004, 1955988.1063000006], [959273.454000002, 1955989.1500000008], [959171.089200001, 1956104.205800002], [959150.7377000004, 1956127.0805000002], [959124.0931000005, 1956378.7068000012], [959146.5954000026, 1956386.3270000028], [959251.9084000017, 1956335.826400002], [959272.6950000008, 1956318.7866000007], [959449.265400003, 1956422.3249999986], [959624.0204, 1956620.9345000018], [959700.2880000018, 1956829.3652000003], [959702.5170000014, 1956844.398800002], [959703.788000002, 1956852.976800003], [959712.0286000002, 1956931.9906000043], [959964.3314000018, 1957005.873000003], [959967.5134, 1956991.922]]]}, "properties": {"x": "959868", "y": "1956085", "adm_cd": "11080720", "adm_nm": "서울특별시 성북구 월곡2동"}}, {"type": "Feature", "geometry": {"type": "Polygon", "coordinates": [[[960371.1597000002, 1957802.9974000035], [960317.4618000009, 1957651.2780000009], [960315.1194000035, 1957649.444700001], [960305.6602999999, 1957642.0402000002], [960277.279500003, 1957619.3221999994], [960266.0525000042, 1957610.3351000017], [960247.9451000015, 1957595.840199999], [960238.2737000016, 1957586.2785000002], [960218.5826000022, 1957566.4672000026], [960206.4853999997, 1957553.1404000004], [960164.873400002, 1957504.0416000006], [960157.9045000002, 1957493.4044000022], [960157.4523000014, 1957492.714000002], [960157.2520000017, 1957492.4073999994], [960150.3196000012, 1957481.112800003], [960144.7452000042, 1957466.7220000017], [960140.8143000003, 1957438.2431999994], [960140.9747000007, 1957417.3780000028], [960141.0177000018, 1957411.8030999987], [960142.5895000009, 1957388.2649000022], [960143.564200003, 1957373.6754000015], [960147.2636000008, 1957358.5482000024], [960148.2839000007, 1957355.8375999997], [960154.435700002, 1957339.5003000007], [960167.590000004, 1957304.5666000005], [960170.5836000005, 1957297.0250000008], [960170.6984000008, 1957296.7358000015], [960176.6216000046, 1957281.8161999988], [960185.1348000022, 1957260.372599999], [960198.2748000006, 1957223.5002000027], [960201.7137000008, 1957213.6459000017], [960186.5822000015, 1957114.8686000025], [960183.6454000006, 1957099.9730000063], [960182.2066000019, 1957093.1870000032], [960083.930500004, 1956973.2447999995], [959964.3314000018, 1957005.873000003], [959712.0286000002, 1956931.9906000043], [959346.0770000017, 1957022.4062000006], [959152.9338000013, 1957131.4447000022], [959389.3362, 1957450.1390000025], [959610.6594000015, 1957661.0411000014], [959750.0854000003, 1957784.0017000004], [959759.9901000019, 1957795.947300003], [959818.219100002, 1957875.1382999998], [959823.1809000019, 1957886.6903000008], [959958.9635000015, 1957784.572000001], [959998.6745000004, 1957754.9340000004], [959999.1335000021, 1957755.9456000007], [960004.6283000002, 1957768.124799999], [960016.5395000002, 1957795.9796000002], [960026.9515000014, 1957818.4541000049], [960036.3318999996, 1957831.1383000023], [960041.5051000002, 1957837.4702000055], [960046.6917000022, 1957843.818399999], [960065.8895000007, 1957859.388599999], [960229.4323000009, 1957986.1140000005], [960230.3209, 1957985.014200003], [960244.5273000012, 1957967.4223999996], [960364.4049000014, 1957812.0496000012], [960371.1597000002, 1957802.9974000035]]]}, "properties": {"x": "959810", "y": "1957388", "adm_cd": "11080760", "adm_nm": "서울특별시 성북구 장위1동"}}, {"type": "Feature", "geometry": {"type": "Polygon", "coordinates": [[[960223.0168000016, 1956653.6869999997], [960152.3154000001, 1956591.1715999981], [960102.4894000008, 1956587.2722000014], [960054.9576000018, 1956585.6398000005], [960053.5878000015, 1956586.3508000001], [960045.7939999998, 1956590.9104000004], [960043.2116000033, 1956592.7206000006], [959985.1719000009, 1956647.4422000004], [959960.9847000006, 1956671.5118000016], [959889.0914000011, 1956777.0630000043], [959888.5517999998, 1956778.1241000013], [959880.2194000022, 1956794.5146000022], [959896.2488000013, 1956910.9077999988], [959967.5134, 1956991.922], [959964.3314000018, 1957005.873000003], [960083.930500004, 1956973.2447999995], [960182.2066000019, 1957093.1870000032], [960183.6454000006, 1957099.9730000063], [960186.5822000015, 1957114.8686000025], [960201.7137000008, 1957213.6459000017], [960198.2748000006, 1957223.5002000027], [960185.1348000022, 1957260.372599999], [960176.6216000046, 1957281.8161999988], [960170.6984000008, 1957296.7358000015], [960170.5836000005, 1957297.0250000008], [960167.590000004, 1957304.5666000005], [960154.435700002, 1957339.5003000007], [960148.2839000007, 1957355.8375999997], [960147.2636000008, 1957358.5482000024], [960143.564200003, 1957373.6754000015], [960142.5895000009, 1957388.2649000022], [960141.0177000018, 1957411.8030999987], [960140.9747000007, 1957417.3780000028], [960140.8143000003, 1957438.2431999994], [960144.7452000042, 1957466.7220000017], [960150.3196000012, 1957481.112800003], [960157.2520000017, 1957492.4073999994], [960157.4523000014, 1957492.714000002], [960157.9045000002, 1957493.4044000022], [960164.873400002, 1957504.0416000006], [960206.4853999997, 1957553.1404000004], [960218.5826000022, 1957566.4672000026], [960238.2737000016, 1957586.2785000002], [960247.9451000015, 1957595.840199999], [960266.0525000042, 1957610.3351000017], [960277.279500003, 1957619.3221999994], [960305.6602999999, 1957642.0402000002], [960315.1194000035, 1957649.444700001], [960317.4618000009, 1957651.2780000009], [960383.2888000006, 1957644.0768000009], [960391.5664000027, 1957643.0952000013], [960404.4272000007, 1957640.9276000005], [960430.1177000024, 1957633.5668000053], [960461.8829000001, 1957623.1574000008], [960488.1113000019, 1957612.8336000014], [960489.2742000017, 1957612.0139000015], [960490.8470000019, 1957610.9049999984], [960501.5400000014, 1957603.365400001], [960503.7662000023, 1957601.7953999995], [960532.6094000011, 1957580.2994999997], [960729.9017000021, 1957400.0255999994], [961207.9060000026, 1957161.5168000008], [961226.137400001, 1957130.8846000005], [960406.1418000016, 1956590.6912000026], [960223.0168000016, 1956653.6869999997]]]}, "properties": {"x": "960468", "y": "1957075", "adm_cd": "11080770", "adm_nm": "서울특별시 성북구 장위2동"}}, {"type": "Feature", "geometry": {"type": "Polygon", "coordinates": [[[960615.7032000015, 1957986.9565000013], [960621.6636000001, 1957978.6229000029], [960631.075700001, 1957965.7468000022], [960644.2096000012, 1957947.8417000058], [960648.2007000009, 1957942.521500002], [960665.1960000017, 1957923.2375000017], [960675.3514000018, 1957911.7697000024], [960678.474200001, 1957908.391500003], [960941.643400002, 1957652.221500001], [961270.0813000011, 1957356.0041000005], [961296.1631000012, 1957334.8495000023], [961300.2831000006, 1957332.3436999994], [961322.5392000022, 1957318.8405000027], [961340.8850000014, 1957310.1393000004], [961346.5092000023, 1957307.534299998], [961352.6220000021, 1957304.7369000008], [961371.4106000005, 1957299.0513000016], [961454.1566000017, 1957293.4168999998], [961226.137400001, 1957130.8846000005], [961207.9060000026, 1957161.5168000008], [960729.9017000021, 1957400.0255999994], [960532.6094000011, 1957580.2994999997], [960503.7662000023, 1957601.7953999995], [960501.5400000014, 1957603.365400001], [960490.8470000019, 1957610.9049999984], [960489.2742000017, 1957612.0139000015], [960488.1113000019, 1957612.8336000014], [960461.8829000001, 1957623.1574000008], [960430.1177000024, 1957633.5668000053], [960404.4272000007, 1957640.9276000005], [960391.5664000027, 1957643.0952000013], [960383.2888000006, 1957644.0768000009], [960317.4618000009, 1957651.2780000009], [960371.1597000002, 1957802.9974000035], [960364.4049000014, 1957812.0496000012], [960244.5273000012, 1957967.4223999996], [960230.3209, 1957985.014200003], [960229.4323000009, 1957986.1140000005], [960065.8895000007, 1957859.388599999], [960046.6917000022, 1957843.818399999], [960041.5051000002, 1957837.4702000055], [960036.3318999996, 1957831.1383000023], [960026.9515000014, 1957818.4541000049], [960016.5395000002, 1957795.9796000002], [960004.6283000002, 1957768.124799999], [959999.1335000021, 1957755.9456000007], [959998.6745000004, 1957754.9340000004], [959958.9635000015, 1957784.572000001], [959823.1809000019, 1957886.6903000008], [959865.7627000021, 1957986.4639000027], [959866.7445000011, 1957988.7479000022], [959909.6124999998, 1958087.383100002], [959911.3785000006, 1958090.5327000017], [959942.167800002, 1958142.7032000015], [959944.6419000004, 1958146.2260999996], [959983.0026000007, 1958194.007300004], [959985.8988, 1958197.288699999], [959994.0180000013, 1958205.4575], [959995.1328000008, 1958206.5791000002], [960013.1422000005, 1958224.6957000005], [960081.5814000005, 1958276.049699999], [960088.5284000011, 1958281.240900002], [960099.9468000003, 1958289.4391000005], [960267.4215000011, 1958409.076600005], [960615.7032000015, 1957986.9565000013]]]}, "properties": {"x": "960561", "y": "1957758", "adm_cd": "11080780", "adm_nm": "서울특별시 성북구 장위3동"}}, {"type": "Feature", "geometry": {"type": "Polygon", "coordinates": [[[954902.4190000008, 1956175.6782000056], [955058.4563999998, 1956191.3226], [955246.4014999998, 1956137.3454000014], [955439.3815000008, 1956027.4671999998], [955776.936300002, 1955891.8657999998], [955888.5104000017, 1955910.390599999], [956006.182700001, 1955791.893600002], [956170.7507000009, 1955519.266400001], [956275.2341000004, 1955424.0703000012], [956343.2887000015, 1955412.6008999995], [956352.4384000015, 1955412.8460000004], [956496.558000002, 1955351.078800002], [956547.0684000022, 1955295.3542000023], [956552.2507000016, 1955286.9288], [956552.5698000013, 1955286.2144000025], [956553.7318000011, 1955282.3416000023], [956561.7470000023, 1955255.0561999995], [956594.5149000016, 1955087.8622000052], [956602.1846000019, 1954988.1195], [956601.661100002, 1954976.3208000045], [956599.2649000012, 1954970.0897999997], [956586.0082000016, 1954941.3787999977], [956574.5944000011, 1954927.203600001], [956570.4888000019, 1954922.8670000029], [956556.0066000007, 1954911.8210000014], [956544.3354000023, 1954904.9366000004], [956500.217200002, 1954840.051400004], [956471.6889000012, 1954744.3588], [956705.1552000016, 1954854.7443999997], [956878.929000001, 1955054.8025000077], [957019.8140000006, 1954820.4064999993], [956961.3566000008, 1954781.9381000022], [956927.7831000015, 1954760.119400004], [956790.7724000013, 1954673.9664000003], [956734.4694000008, 1954638.5627999995], [956730.8186000017, 1954636.2672000008], [956726.7707000023, 1954634.0302], [956707.6022000005, 1954623.4372000054], [956702.3278000008, 1954620.5312000047], [956676.3592000008, 1954606.2638000022], [956549.9016000025, 1954537.1355000038], [956514.9924000002, 1954518.0867999983], [956484.5148000006, 1954501.5160000045], [956483.0088000013, 1954500.6972000003], [956457.4074000013, 1954486.9483000059], [956451.8816000009, 1954484.017399999], [956426.4316000012, 1954470.5188000035], [956416.642600002, 1954465.4986000014], [956361.8854000012, 1954438.2754000006], [956216.8461000004, 1954375.3695999987], [956064.3225000006, 1954521.5221999995], [956053.1067000015, 1954535.8445999995], [955987.6263000001, 1954644.5928000023], [955987.3993000007, 1954689.2045999998], [955994.3269000005, 1954705.440800003], [955995.420900001, 1954707.7620000017], [956001.5287000001, 1954720.2270000014], [956002.2207000005, 1954721.6177999983], [956003.129200001, 1954723.4432000045], [955795.6795000001, 1954885.8836000059], [955722.8886000013, 1954903.631599999], [955562.8823000004, 1954869.0794000002], [955293.3669000011, 1954819.9356], [954949.0908000014, 1954791.3601000032], [954895.0798000017, 1954790.2462000013], [954894.2591000011, 1954791.5620000032], [954892.2691000018, 1954794.285100005], [954876.0393000019, 1954816.4936000002], [954845.3203000004, 1954849.5814000024], [954604.9969000001, 1955107.5752000012], [954574.2647000013, 1955129.323400002], [954549.4773000022, 1955135.2658000002], [954525.6530000016, 1955131.4878000002], [954517.8665000009, 1955129.9046000014], [954513.7801000007, 1955128.0200000007], [954511.3565, 1955126.8670000033], [954506.702700001, 1955124.6528999999], [954504.716000001, 1955123.7234999994], [954504.3481000008, 1955123.5631000032], [954502.3827000003, 1955123.0205000034], [954495.9767000016, 1955122.0180000016], [954492.5341000004, 1955121.4793000026], [954476.5583000004, 1955121.939000002], [954434.2971000012, 1955128.536000002], [954352.9831000003, 1955166.7666000016], [954226.878100002, 1955229.569000003], [954017.662900001, 1955348.1672000014], [953985.0835000002, 1955375.0494000013], [953844.0815000008, 1955492.1773999995], [953807.5706000013, 1955516.480399999], [953850.192200002, 1955599.1995999995], [953876.6652000018, 1955710.0782000017], [953893.8897000018, 1955775.5376], [953949.4315000016, 1955840.7358000001], [953959.1859000005, 1955849.9846000029], [953968.4813000022, 1955858.608200002], [954058.103700001, 1955883.1640000006], [954328.894600001, 1955995.3256], [954621.185700001, 1956147.8340000005], [954689.5100000019, 1956190.959200002], [954902.4190000008, 1956175.6782000056]]]}, "properties": {"x": "955339", "y": "1955374", "adm_cd": "11080810", "adm_nm": "서울특별시 성북구 성북동"}}, {"type": "Feature", "geometry": {"type": "Polygon", "coordinates": [[[957290.0946000025, 1954217.096800001], [957163.0799000007, 1953771.0719000022], [957155.3212000019, 1953768.268800002], [956780.2724000005, 1953542.9304000027], [956614.9812000003, 1953566.2781999996], [956434.4730000016, 1954130.2504000033], [956216.8461000004, 1954375.3695999987], [956361.8854000012, 1954438.2754000006], [956416.642600002, 1954465.4986000014], [956426.4316000012, 1954470.5188000035], [956451.8816000009, 1954484.017399999], [956457.4074000013, 1954486.9483000059], [956483.0088000013, 1954500.6972000003], [956484.5148000006, 1954501.5160000045], [956514.9924000002, 1954518.0867999983], [956549.9016000025, 1954537.1355000038], [956676.3592000008, 1954606.2638000022], [956702.3278000008, 1954620.5312000047], [956707.6022000005, 1954623.4372000054], [956726.7707000023, 1954634.0302], [956730.8186000017, 1954636.2672000008], [956734.4694000008, 1954638.5627999995], [956790.7724000013, 1954673.9664000003], [956927.7831000015, 1954760.119400004], [956961.3566000008, 1954781.9381000022], [957019.8140000006, 1954820.4064999993], [957041.5889000008, 1954834.5196000016], [957067.7722000009, 1954849.4060000025], [957077.389500001, 1954854.2663000003], [957083.8682000013, 1954857.3106000004], [957094.2780000009, 1954862.1615999998], [957100.6905000015, 1954864.7436000053], [957103.2574000002, 1954865.7139999983], [957109.1321000019, 1954867.9346000017], [957121.5624000002, 1954872.612800002], [957132.9673000015, 1954876.0549999992], [957151.7256000001, 1954881.1574000015], [957314.5015000011, 1954917.4177000057], [957314.6883000005, 1954917.3977000033], [957354.0302000007, 1954672.8337999983], [957515.9838000007, 1954475.9672000026], [957290.0946000025, 1954217.096800001]]]}, "properties": {"x": "956894", "y": "1954249", "adm_cd": "11080820", "adm_nm": "서울특별시 성북구 삼선동"}}, {"type": "Feature", "geometry": {"type": "Polygon", "coordinates": [[[957190.5016000009, 1955515.1408000041], [957593.1665000017, 1955417.297199999], [958063.8345000006, 1955075.9279999998], [958014.1874000004, 1954986.569000003], [957963.4026000007, 1954686.0586], [957814.8098000016, 1954525.1774000023], [957676.3380000021, 1954540.3348000022], [957515.9838000007, 1954475.9672000026], [957354.0302000007, 1954672.8337999983], [957314.6883000005, 1954917.3977000033], [957314.5015000011, 1954917.4177000057], [957151.7256000001, 1954881.1574000015], [957132.9673000015, 1954876.0549999992], [957121.5624000002, 1954872.612800002], [957109.1321000019, 1954867.9346000017], [957103.2574000002, 1954865.7139999983], [957100.6905000015, 1954864.7436000053], [957094.2780000009, 1954862.1615999998], [957083.8682000013, 1954857.3106000004], [957077.389500001, 1954854.2663000003], [957067.7722000009, 1954849.4060000025], [957041.5889000008, 1954834.5196000016], [957019.8140000006, 1954820.4064999993], [956878.929000001, 1955054.8025000077], [957047.5814000014, 1955147.4735000026], [957023.642800001, 1955273.0010000023], [957016.4506000008, 1955287.5446000043], [957005.4028000019, 1955309.9739999985], [956978.6970000009, 1955365.1964000044], [956985.5851000008, 1955472.6997000026], [957016.6213000009, 1955536.2914000005], [957176.2850000011, 1955553.6081000038], [957178.153000002, 1955548.8300000038], [957190.5016000009, 1955515.1408000041]]]}, "properties": {"x": "957484", "y": "1955039", "adm_cd": "11080830", "adm_nm": "서울특별시 성북구 동선동"}}, {"type": "Feature", "geometry": {"type": "Polygon", "coordinates": [[[958681.6339999997, 1956106.2623000015], [958710.0206000006, 1956092.8839999987], [959273.454000002, 1955989.1500000008], [959285.5654000004, 1955988.1063000006], [959294.9392000025, 1955987.2984], [959324.6553000007, 1955960.9934000003], [959432.6343000012, 1955849.5925999999], [959469.2982000012, 1955772.8595999996], [959472.1724000005, 1955730.9160000032], [959485.0388000007, 1955348.702799999], [959486.9904, 1955229.3581000026], [959280.764900001, 1954752.7820000048], [959056.4969000018, 1954742.9635000005], [958836.4576000018, 1954776.5764000008], [958780.6924000004, 1954756.8478000015], [958689.951500001, 1954726.5370000012], [958683.1675000021, 1954724.545800001], [958673.4883000006, 1954722.6408000027], [958664.8885000015, 1954721.3440000003], [958659.9205000004, 1954720.8346], [958539.1385000024, 1954841.3128000004], [958529.1256000013, 1954862.8819999988], [958505.7618000016, 1954927.7458000013], [958490.161000001, 1955025.9729999998], [958430.3887000019, 1955102.497800002], [958222.1796000025, 1955278.628600001], [958210.5757999998, 1955287.287000002], [958175.3156000023, 1955307.165800001], [958156.0899999999, 1955312.8748000031], [958154.8439000013, 1955313.241], [958152.760600001, 1955313.8531999998], [958128.6862000013, 1955317.3676000023], [958125.1038000011, 1955318.5973999999], [958133.588800002, 1955372.6280000024], [958171.752400001, 1955601.2412000005], [958176.4930000012, 1955621.2476000022], [958226.0004000014, 1955754.3700000066], [958246.6584000015, 1955803.656800004], [958247.7418000014, 1955806.2402000013], [958501.8234000013, 1956093.669600003], [958512.1294000004, 1956097.7863999996], [958520.8764000025, 1956100.2700000051], [958552.9851000013, 1956180.8213000018], [958681.6339999997, 1956106.2623000015]]]}, "properties": {"x": "958859", "y": "1955435", "adm_cd": "11080840", "adm_nm": "서울특별시 성북구 종암동"}}, {"type": "Feature", "geometry": {"type": "Polygon", "coordinates": [[[962200.6601000021, 1957206.2332000022], [962140.2307000011, 1956552.4919000014], [961991.8494000013, 1956626.223000003], [961991.8494000013, 1956708.430100001], [961990.7520000006, 1956708.4121999994], [961945.8353000018, 1956707.6757000033], [961857.4164000022, 1956578.751999999], [961638.529100001, 1956321.1833999986], [961528.6456000004, 1956318.9521000003], [961378.8837000022, 1956286.3347000014], [961370.5516999997, 1956284.4777000006], [961366.3550000014, 1956283.5423000026], [961366.2235000024, 1956283.5128000064], [961356.8393000021, 1956280.1840000022], [961316.4863000019, 1956230.6231000016], [961234.4275000023, 1956103.3947999997], [961166.8813000005, 1955943.2319000047], [960914.7079000016, 1955878.3863999988], [960676.1000000001, 1955810.1750000017], [960462.8607000018, 1955731.1902000008], [960394.1823000016, 1955839.3605000053], [960401.4984000011, 1955842.4140000008], [960426.9847, 1955868.3800000018], [960523.3143000002, 1955993.3863999988], [960494.1752000023, 1956203.6744000036], [960483.0862000001, 1956242.2348000002], [960479.4139000017, 1956250.820000006], [960471.2485000009, 1956269.9091999987], [960450.6401000007, 1956300.0304000028], [960442.5114000008, 1956305.2334000005], [960427.8798000012, 1956314.177300002], [960399.8256000003, 1956345.6811000023], [960394.2991000018, 1956353.6589000023], [960393.0894000011, 1956355.4057000019], [960359.228000002, 1956407.6424000033], [960336.5914000022, 1956460.7038000026], [960334.5258000016, 1956467.5882000015], [960337.4997000007, 1956480.6016000006], [960353.0039999997, 1956527.6896000016], [960361.4108000002, 1956542.933200001], [960367.1481000001, 1956552.9978000005], [960386.9898000008, 1956575.0542000015], [960397.4296000015, 1956584.7475000005], [960406.1418000016, 1956590.6912000026], [961226.137400001, 1957130.8846000005], [961454.1566000017, 1957293.4168999998], [961680.6020000014, 1957370.4920000006], [962056.005700001, 1957419.5212999987], [962200.6601000021, 1957206.2332000022]]]}, "properties": {"x": "961276", "y": "1956629", "adm_cd": "11080850", "adm_nm": "서울특별시 성북구 석관동"}}, {"type": "Feature", "geometry": {"type": "Polygon", "coordinates": [[[959201.0596000021, 1959743.3854000014], [959287.8198000004, 1959457.4323999994], [958887.7145000016, 1959622.9289999986], [958301.0536000005, 1959603.6120000007], [957937.2434000014, 1959580.4962000013], [957939.203, 1959710.3773000007], [958611.2158000004, 1960480.252699999], [958611.6173000019, 1960479.928400001], [958637.7119000021, 1960458.8456000024], [958681.1777000003, 1960423.7273999988], [958690.3567000015, 1960416.226600003], [958707.0957000019, 1960402.5476000002], [958746.3147000016, 1960366.7876000018], [958754.8021000018, 1960356.6305000004], [958784.7437000023, 1960317.3266000007], [958785.356700001, 1960316.1038000057], [958805.014700002, 1960274.9088000008], [958816.4089000018, 1960250.932999999], [958828.2361000015, 1960223.0206000013], [958829.9321000008, 1960219.0148000007], [958835.8280999998, 1960205.0869999984], [958874.9353000021, 1960090.6718000025], [958898.0355000002, 1960022.724400002], [958899.3384999997, 1960018.9885999998], [958921.2973000018, 1959956.0353999997], [958927.6234999998, 1959937.898999999], [958935.8555000017, 1959914.3640000033], [958954.1857000022, 1959890.1988000004], [958954.2795000015, 1959890.075200002], [958982.4701000008, 1959862.0758000012], [958986.9349000009, 1959857.6536000003], [958994.693500001, 1959854.1637999988], [959004.3685000008, 1959849.815], [959010.2902000009, 1959847.153400002], [959048.2163000011, 1959830.2382000023], [959060.5027000001, 1959824.7750000013], [959067.7147000006, 1959821.897799999], [959098.7054000016, 1959811.5541000003], [959201.0596000021, 1959743.3854000014]]]}, "properties": {"x": "958536", "y": "1959995", "adm_cd": "11090600", "adm_nm": "서울특별시 강북구 번1동"}}, {"type": "Feature", "geometry": {"type": "Polygon", "coordinates": [[[958887.7145000016, 1959622.9289999986], [959287.8198000004, 1959457.4323999994], [959566.2251000025, 1959136.4137999988], [959524.484700001, 1959104.5601999995], [959135.3531000013, 1958680.8756], [959132.4385000023, 1958676.4286000025], [959128.2769000002, 1958670.0778000013], [959121.3844999997, 1958653.7542000022], [959120.8791000012, 1958638.671800002], [959125.0457000018, 1958622.2887999997], [959158.9567000004, 1958511.173400001], [959167.9207000008, 1958482.1012000006], [959175.6703000007, 1958456.9681999995], [959178.0097000017, 1958449.3814000017], [959184.9639000002, 1958426.8286000001], [959214.4543000007, 1958259.5132], [959211.6525, 1958234.8744000022], [959196.5237000007, 1958117.549599999], [959192.0845000008, 1958095.4433999984], [959192.0367000011, 1958095.205800003], [959124.5776000011, 1957934.4598999992], [959005.0987000016, 1958034.8176000006], [958903.4403000013, 1958129.557600001], [958755.4198000005, 1958553.7028000026], [958774.834200002, 1958615.3431999995], [958705.561900001, 1958824.1952000002], [958514.5805000021, 1959270.434599999], [958403.1574999997, 1959463.4036000047], [958266.5229000011, 1959526.2362000002], [958301.0536000005, 1959603.6120000007], [958887.7145000016, 1959622.9289999986]]]}, "properties": {"x": "958947", "y": "1959004", "adm_cd": "11090610", "adm_nm": "서울특별시 강북구 번2동"}}, {"type": "Feature", "geometry": {"type": "Polygon", "coordinates": [[[959627.4209000024, 1959099.7755999996], [959638.1446000012, 1959110.8815000025], [959749.8983000001, 1958979.0438000006], [959755.5850000016, 1958973.2167000035], [959791.7860000014, 1958936.2323999996], [959799.250800001, 1958928.8233000024], [959840.2649000004, 1958898.5988000005], [959845.5911000015, 1958894.7815000005], [959861.5369000002, 1958883.3534000008], [959875.2404000009, 1958874.8388000005], [959877.7827000006, 1958873.2824000004], [959902.5504000003, 1958858.1210000007], [959948.2789000006, 1958830.9241999993], [959967.1310000008, 1958820.1724000003], [959971.871400001, 1958817.4687000015], [960013.9509, 1958788.6860000056], [960038.0626000001, 1958772.1202000012], [960041.5824000007, 1958768.304300004], [960080.4924000007, 1958726.1209000014], [960138.3900000015, 1958635.0984], [960204.7885000005, 1958527.936600003], [960267.4215000011, 1958409.076600005], [960099.9468000003, 1958289.4391000005], [960088.5284000011, 1958281.240900002], [960081.5814000005, 1958276.049699999], [960013.1422000005, 1958224.6957000005], [959995.1328000008, 1958206.5791000002], [959994.0180000013, 1958205.4575], [959985.8988, 1958197.288699999], [959983.0026000007, 1958194.007300004], [959944.6419000004, 1958146.2260999996], [959942.167800002, 1958142.7032000015], [959911.3785000006, 1958090.5327000017], [959909.6124999998, 1958087.383100002], [959866.7445000011, 1957988.7479000022], [959865.7627000021, 1957986.4639000027], [959823.1809000019, 1957886.6903000008], [959818.219100002, 1957875.1382999998], [959759.9901000019, 1957795.947300003], [959750.0854000003, 1957784.0017000004], [959610.6594000015, 1957661.0411000014], [959389.3362, 1957450.1390000025], [959382.1936000017, 1957452.4119999998], [959365.3553999998, 1957457.9684000008], [959343.5506000015, 1957465.6904000032], [959300.375200001, 1957499.2802000036], [959273.6644000016, 1957573.0974000017], [959275.0072000015, 1957588.593400001], [959282.6220000009, 1957614.6640000013], [959285.2312000004, 1957623.5969999996], [959246.9158000015, 1957755.4103999985], [959220.2244000006, 1957841.917800002], [959124.5776000011, 1957934.4598999992], [959192.0367000011, 1958095.205800003], [959192.0845000008, 1958095.4433999984], [959196.5237000007, 1958117.549599999], [959211.6525, 1958234.8744000022], [959214.4543000007, 1958259.5132], [959184.9639000002, 1958426.8286000001], [959178.0097000017, 1958449.3814000017], [959175.6703000007, 1958456.9681999995], [959167.9207000008, 1958482.1012000006], [959158.9567000004, 1958511.173400001], [959125.0457000018, 1958622.2887999997], [959120.8791000012, 1958638.671800002], [959121.3844999997, 1958653.7542000022], [959128.2769000002, 1958670.0778000013], [959132.4385000023, 1958676.4286000025], [959135.3531000013, 1958680.8756], [959524.484700001, 1959104.5601999995], [959566.2251000025, 1959136.4137999988], [959627.4209000024, 1959099.7755999996]]]}, "properties": {"x": "959599", "y": "1958345", "adm_cd": "11090620", "adm_nm": "서울특별시 강북구 번3동"}}, {"type": "Feature", "geometry": {"type": "Polygon", "coordinates": [[[957938.8821000003, 1959561.528400001], [957952.0850000011, 1959406.8559000029], [957967.1572000023, 1959357.5100999996], [958006.8520000011, 1959227.7575000003], [958018.2176000001, 1959191.8005000018], [958029.1948000006, 1959156.134600001], [958029.253000001, 1959155.9453000012], [957883.2510000013, 1959097.6796000027], [957597.6096000003, 1959021.5691999984], [957471.2300000027, 1958982.6952000014], [957454.6305000002, 1958923.6185999992], [957274.7355000023, 1958795.1162000014], [956951.9760000005, 1958643.3636000035], [956660.8330000006, 1958510.880799999], [956659.1144000022, 1958509.3048000005], [956627.6788000013, 1958480.4772000005], [956574.1221000012, 1958400.2175999992], [956336.0173000022, 1958399.450900002], [955897.0493000003, 1958603.137900005], [955815.1501000023, 1958645.5633000024], [955596.2377000016, 1958919.3271000003], [955573.0517999999, 1958966.7940000016], [955575.668800001, 1958968.8181999994], [955672.0680000009, 1959043.3774000015], [956185.1744000012, 1959375.9583999997], [956478.4910000014, 1959480.6248000008], [956531.6317999996, 1959478.8619999983], [956583.3148, 1959448.4208000014], [956597.0621999996, 1959426.2858000002], [956853.8900000013, 1959447.5830000003], [957178.6918000022, 1959490.342600002], [957465.3032000011, 1959521.2484000032], [957593.1344000018, 1959533.7864000006], [957899.4328000018, 1959558.9252000032], [957938.8821000003, 1959561.528400001]]]}, "properties": {"x": "956748", "y": "1959039", "adm_cd": "11090630", "adm_nm": "서울특별시 강북구 수유1동"}}, {"type": "Feature", "geometry": {"type": "Polygon", "coordinates": [[[957263.3894000007, 1961182.4616000003], [957266.0930000008, 1961181.4146000028], [957345.2106000002, 1961150.7784000027], [957389.8595000005, 1961137.1701999982], [957393.333800002, 1961136.111300003], [957419.7821000018, 1961128.0504000008], [957461.4000000024, 1961124.9702000031], [957476.2520000004, 1961125.1437000022], [957496.3302000012, 1961125.3784000021], [957530.5595000006, 1961132.2968000043], [957547.0727000025, 1961136.1322000031], [957551.5504000012, 1961137.172299999], [957555.3262000015, 1961138.1428999985], [957572.413200001, 1961142.7113000036], [957589.6790000006, 1961148.0355000002], [957622.8631000002, 1961158.3068000006], [957623.3479000016, 1961158.4569000036], [957631.6034000006, 1961161.0219999999], [957675.2626000013, 1961174.6318000024], [957712.4832000008, 1961173.5982000064], [957712.7496000011, 1961173.5438000015], [957734.6788000015, 1961169.0603999996], [957737.4166000022, 1961168.5006000027], [957759.147, 1961164.056800006], [957784.6527000021, 1961150.9041], [958069.4793000008, 1960979.2918000054], [958110.9128000012, 1960897.8808000046], [958126.2244000003, 1960873.249800002], [958102.5091000026, 1960889.2072000022], [957976.7775999999, 1960677.3772000019], [957874.5584000018, 1960486.205399999], [957855.7459000025, 1960456.022400001], [957732.3996000006, 1960331.1313999994], [957725.4638000019, 1960324.1089999992], [957700.6975000005, 1960305.7664000029], [957671.0488000005, 1960293.0539999998], [957670.9345000006, 1960293.0050000083], [957670.797200002, 1960292.9778000014], [957640.247600001, 1960286.9469999997], [957479.2166000009, 1960268.1834000018], [957465.3622000003, 1960266.8308000006], [957380.2200000006, 1960258.5186000029], [957367.3792000004, 1960257.2650000034], [957275.7056999998, 1960717.3074999996], [957236.4425000006, 1960831.2556000026], [957112.7984999998, 1961190.8650000026], [957224.484600001, 1961199.0323], [957263.3894000007, 1961182.4616000003]]]}, "properties": {"x": "957601", "y": "1960768", "adm_cd": "11090640", "adm_nm": "서울특별시 강북구 수유2동"}}, {"type": "Feature", "geometry": {"type": "Polygon", "coordinates": [[[958102.5091000026, 1960889.2072000022], [958126.2244000003, 1960873.249800002], [958611.0445999997, 1960480.3903000006], [958611.2158000004, 1960480.252699999], [957939.203, 1959710.3773000007], [957906.3745000011, 1959740.3505999995], [957873.5438000006, 1959743.5540000005], [957847.7258000018, 1959745.880200002], [957837.2628000003, 1959746.4956000024], [957830.1267000019, 1959746.6936000036], [957827.2768000008, 1959746.518800001], [957812.1588000018, 1959743.9800000002], [957794.1959000002, 1959740.256899999], [957785.7350000022, 1959737.6228], [957734.9579999996, 1959721.4588000001], [957692.5992000015, 1959703.6604000016], [957670.7962000009, 1959694.060000002], [957642.8150000025, 1959678.714400002], [957619.6079000022, 1959664.433000003], [957592.436400002, 1959664.5304], [957391.3458000025, 1959863.8829999985], [957367.066400001, 1960142.490800004], [957365.2642000021, 1960194.0468000057], [957367.3792000004, 1960257.2650000034], [957380.2200000006, 1960258.5186000029], [957465.3622000003, 1960266.8308000006], [957479.2166000009, 1960268.1834000018], [957640.247600001, 1960286.9469999997], [957670.797200002, 1960292.9778000014], [957670.9345000006, 1960293.0050000083], [957671.0488000005, 1960293.0539999998], [957700.6975000005, 1960305.7664000029], [957725.4638000019, 1960324.1089999992], [957732.3996000006, 1960331.1313999994], [957855.7459000025, 1960456.022400001], [957874.5584000018, 1960486.205399999], [957976.7775999999, 1960677.3772000019], [958102.5091000026, 1960889.2072000022]]]}, "properties": {"x": "957804", "y": "1960222", "adm_cd": "11090650", "adm_nm": "서울특별시 강북구 수유3동"}}, {"type": "Feature", "geometry": {"type": "Polygon", "coordinates": [[[957752.8954000002, 1958986.4126000016], [957739.2442000014, 1958978.157800003], [957681.0927000016, 1958935.7874000033], [957680.0788000005, 1958925.5765999996], [957712.4238000019, 1958835.3386000027], [957744.3789999997, 1958829.9032000033], [957757.9374000003, 1958833.905200004], [957761.110000001, 1958829.8717999994], [957763.6716000007, 1958826.0806000046], [957765.463400001, 1958820.047800003], [957781.2888000017, 1958765.1886000016], [957808.7640000025, 1958660.1659000018], [957820.4842000012, 1958521.7094000024], [957622.6742000022, 1958486.6534000032], [957633.9028000012, 1958227.713799999], [957642.7731999999, 1958215.7882000012], [957647.3742000009, 1958209.1371999984], [957648.5222, 1958207.450000002], [957649.6050000007, 1958205.8586000022], [957655.521, 1958196.8804000013], [957659.3310000009, 1958190.9786000005], [957661.2271, 1958188.0414], [957663.3168000013, 1958184.0058000023], [957670.9832000001, 1958169.1965999987], [957671.6212000018, 1958167.930600001], [957674.5542000008, 1958162.110200001], [957682.4172000005, 1958140.6464000014], [957684.6962000015, 1958134.4088000022], [957695.9970000016, 1958092.5028], [957704.5864000022, 1958058.3004], [957737.6940000004, 1957923.7135999992], [957723.9496000017, 1957927.5351999993], [957234.9558000013, 1957975.4242000016], [957221.0764000001, 1957976.8123999997], [957220.7986000024, 1957976.8400000017], [957199.0122000017, 1957978.983999998], [957174.3262000015, 1957981.413200003], [957169.794300002, 1957981.8590000009], [957147.9722000014, 1957983.912200001], [957144.5662000023, 1957984.2322000028], [956990.3626000015, 1957982.2662000032], [956961.2044000014, 1957975.7006000031], [956951.0136000023, 1957972.4516000021], [956932.4052000002, 1957966.5188000011], [956870.8514000002, 1957937.045400002], [956852.5371000015, 1957927.6954000024], [956827.4220000021, 1957914.8732000017], [956793.4772000001, 1957896.0982000022], [956788.141200002, 1957893.1463999995], [956784.2318000019, 1957890.9536000004], [956695.6180000006, 1957841.2458000018], [956685.9200000019, 1957834.3933000006], [956669.4832000005, 1957822.7792000005], [956632.0016000008, 1957795.2768000038], [956558.6649000015, 1957912.9412999996], [956510.6249000008, 1958010.1025000014], [956509.7029000001, 1958048.7910999996], [956527.6712000018, 1958108.418500003], [956549.8965999996, 1958207.1997000007], [956564.8500000011, 1958280.0263000017], [956574.9688000013, 1958370.4491000026], [956574.3337000016, 1958393.6819000016], [956574.2654000013, 1958396.1567000023], [956574.1221000012, 1958400.2175999992], [956627.6788000013, 1958480.4772000005], [956659.1144000022, 1958509.3048000005], [956660.8330000006, 1958510.880799999], [956951.9760000005, 1958643.3636000035], [957274.7355000023, 1958795.1162000014], [957454.6305000002, 1958923.6185999992], [957471.2300000027, 1958982.6952000014], [957597.6096000003, 1959021.5691999984], [957883.2510000013, 1959097.6796000027], [957752.8954000002, 1958986.4126000016]]]}, "properties": {"x": "957202", "y": "1958384", "adm_cd": "11090690", "adm_nm": "서울특별시 강북구 삼양동"}}, {"type": "Feature", "geometry": {"type": "Polygon", "coordinates": [[[958301.0536000005, 1959603.6120000007], [958266.5229000011, 1959526.2362000002], [958403.1574999997, 1959463.4036000047], [958514.5805000021, 1959270.434599999], [958705.561900001, 1958824.1952000002], [958774.834200002, 1958615.3431999995], [958755.4198000005, 1958553.7028000026], [958735.0742000004, 1958567.7490000008], [958251.563800001, 1958439.209500003], [958159.4096000019, 1958352.4906], [957895.3942000011, 1958274.0309000013], [957864.1838000019, 1958372.1712999986], [957850.393600001, 1958415.5353000008], [957849.9254000016, 1958417.1963000004], [957826.1306000017, 1958501.6651000015], [957820.4842000012, 1958521.7094000024], [957808.7640000025, 1958660.1659000018], [957781.2888000017, 1958765.1886000016], [957765.463400001, 1958820.047800003], [957763.6716000007, 1958826.0806000046], [957761.110000001, 1958829.8717999994], [957757.9374000003, 1958833.905200004], [957744.3789999997, 1958829.9032000033], [957712.4238000019, 1958835.3386000027], [957680.0788000005, 1958925.5765999996], [957681.0927000016, 1958935.7874000033], [957739.2442000014, 1958978.157800003], [957752.8954000002, 1958986.4126000016], [957883.2510000013, 1959097.6796000027], [958029.253000001, 1959155.9453000012], [958029.1948000006, 1959156.134600001], [958018.2176000001, 1959191.8005000018], [958006.8520000011, 1959227.7575000003], [957967.1572000023, 1959357.5100999996], [957952.0850000011, 1959406.8559000029], [957938.8821000003, 1959561.528400001], [957937.2434000014, 1959580.4962000013], [958301.0536000005, 1959603.6120000007]]]}, "properties": {"x": "958206", "y": "1958905", "adm_cd": "11090700", "adm_nm": "서울특별시 강북구 미아동"}}, {"type": "Feature", "geometry": {"type": "Polygon", "coordinates": [[[958735.0742000004, 1958567.7490000008], [958755.4198000005, 1958553.7028000026], [958903.4403000013, 1958129.557600001], [959005.0987000016, 1958034.8176000006], [959124.5776000011, 1957934.4598999992], [959220.2244000006, 1957841.917800002], [959246.9158000015, 1957755.4103999985], [959285.2312000004, 1957623.5969999996], [959282.6220000009, 1957614.6640000013], [959275.0072000015, 1957588.593400001], [959273.6644000016, 1957573.0974000017], [959300.375200001, 1957499.2802000036], [959343.5506000015, 1957465.6904000032], [959365.3553999998, 1957457.9684000008], [959382.1936000017, 1957452.4119999998], [959389.3362, 1957450.1390000025], [959152.9338000013, 1957131.4447000022], [958554.7026000022, 1956730.8781000036], [958534.5018000016, 1957095.3883999987], [958521.7142000012, 1957234.2197999987], [958508.3083000006, 1957551.4568000038], [958399.8174000017, 1957959.4910000009], [958251.563800001, 1958439.209500003], [958735.0742000004, 1958567.7490000008]]]}, "properties": {"x": "958885", "y": "1957686", "adm_cd": "11090710", "adm_nm": "서울특별시 강북구 송중동"}}, {"type": "Feature", "geometry": {"type": "Polygon", "coordinates": [[[957826.1306000017, 1958501.6651000015], [957849.9254000016, 1958417.1963000004], [957850.393600001, 1958415.5353000008], [957864.1838000019, 1958372.1712999986], [957895.3942000011, 1958274.0309000013], [958159.4096000019, 1958352.4906], [958251.563800001, 1958439.209500003], [958399.8174000017, 1957959.4910000009], [958508.3083000006, 1957551.4568000038], [958521.7142000012, 1957234.2197999987], [958534.5018000016, 1957095.3883999987], [958228.771200002, 1957135.0083999997], [957832.670400002, 1956991.2864999985], [957802.6608, 1957096.3819000004], [957816.2246000005, 1957241.4974000037], [957820.3782000013, 1957295.1633999986], [957821.260800001, 1957307.0282000015], [957821.4374000018, 1957309.4024000003], [957822.0914000018, 1957319.4082], [957822.6704000019, 1957333.2170000025], [957822.7738000005, 1957335.9384000013], [957823.5038000015, 1957357.9924000008], [957823.6712000001, 1957363.535399998], [957823.9404000016, 1957384.858000001], [957823.7630000017, 1957402.2994000004], [957823.6830000014, 1957409.453199998], [957823.1404000013, 1957429.825599999], [957823.0830000001, 1957431.626200002], [957823.064000001, 1957432.1570000006], [957821.5214000018, 1957445.4964000033], [957820.1267000018, 1957457.314300002], [957813.7954000022, 1957501.4235999987], [957738.8204000014, 1957866.6287999987], [957723.9496000017, 1957927.5351999993], [957737.6940000004, 1957923.7135999992], [957704.5864000022, 1958058.3004], [957695.9970000016, 1958092.5028], [957684.6962000015, 1958134.4088000022], [957682.4172000005, 1958140.6464000014], [957674.5542000008, 1958162.110200001], [957671.6212000018, 1958167.930600001], [957670.9832000001, 1958169.1965999987], [957663.3168000013, 1958184.0058000023], [957661.2271, 1958188.0414], [957659.3310000009, 1958190.9786000005], [957655.521, 1958196.8804000013], [957649.6050000007, 1958205.8586000022], [957648.5222, 1958207.450000002], [957647.3742000009, 1958209.1371999984], [957642.7731999999, 1958215.7882000012], [957633.9028000012, 1958227.713799999], [957622.6742000022, 1958486.6534000032], [957820.4842000012, 1958521.7094000024], [957826.1306000017, 1958501.6651000015]]]}, "properties": {"x": "958085", "y": "1957732", "adm_cd": "11090720", "adm_nm": "서울특별시 강북구 송천동"}}, {"type": "Feature", "geometry": {"type": "Polygon", "coordinates": [[[957234.9558000013, 1957975.4242000016], [957723.9496000017, 1957927.5351999993], [957738.8204000014, 1957866.6287999987], [957813.7954000022, 1957501.4235999987], [957820.1267000018, 1957457.314300002], [957821.5214000018, 1957445.4964000033], [957823.064000001, 1957432.1570000006], [957823.0830000001, 1957431.626200002], [957823.1404000013, 1957429.825599999], [957823.6830000014, 1957409.453199998], [957823.7630000017, 1957402.2994000004], [957823.9404000016, 1957384.858000001], [957823.6712000001, 1957363.535399998], [957823.5038000015, 1957357.9924000008], [957822.7738000005, 1957335.9384000013], [957822.6704000019, 1957333.2170000025], [957822.0914000018, 1957319.4082], [957821.4374000018, 1957309.4024000003], [957821.260800001, 1957307.0282000015], [957820.3782000013, 1957295.1633999986], [957816.2246000005, 1957241.4974000037], [957802.6608, 1957096.3819000004], [957695.5273000009, 1957116.8030000029], [957683.3108000001, 1957121.575600002], [957674.8428999996, 1957124.883800002], [957673.9103000007, 1957125.271000002], [957671.531500001, 1957126.2590000024], [957594.0562000005, 1957208.1530000004], [957420.1835000024, 1957351.6831999999], [957383.0219000023, 1957369.484], [957380.3223000017, 1957369.3884000028], [957375.6877000015, 1957365.7322000037], [957153.0312000008, 1957364.5875000039], [956632.0016000008, 1957795.2768000038], [956669.4832000005, 1957822.7792000005], [956685.9200000019, 1957834.3933000006], [956695.6180000006, 1957841.2458000018], [956784.2318000019, 1957890.9536000004], [956788.141200002, 1957893.1463999995], [956793.4772000001, 1957896.0982000022], [956827.4220000021, 1957914.8732000017], [956852.5371000015, 1957927.6954000024], [956870.8514000002, 1957937.045400002], [956932.4052000002, 1957966.5188000011], [956951.0136000023, 1957972.4516000021], [956961.2044000014, 1957975.7006000031], [956990.3626000015, 1957982.2662000032], [957144.5662000023, 1957984.2322000028], [957147.9722000014, 1957983.912200001], [957169.794300002, 1957981.8590000009], [957174.3262000015, 1957981.413200003], [957199.0122000017, 1957978.983999998], [957220.7986000024, 1957976.8400000017], [957221.0764000001, 1957976.8123999997], [957234.9558000013, 1957975.4242000016]]]}, "properties": {"x": "957327", "y": "1957734", "adm_cd": "11090730", "adm_nm": "서울특별시 강북구 삼각산동"}}, {"type": "Feature", "geometry": {"type": "Polygon", "coordinates": [[[956318.9484000019, 1965174.7274000011], [956677.6609000007, 1965103.5138000005], [956655.2829000019, 1964968.8890000014], [956693.3221000012, 1964676.325200001], [956736.6436000005, 1964563.047000002], [956763.5385000015, 1964556.2418000023], [956798.3475000013, 1964547.4342000028], [956917.3335000016, 1964517.3524000016], [957139.8717000006, 1964145.3467999985], [957337.8444000006, 1963932.2230000007], [957405.9847000008, 1963784.7753999997], [957486.5437000025, 1963579.6432000007], [957513.5541000019, 1963568.4536000034], [957550.8068000013, 1963589.0552000008], [957554.4994000006, 1963591.0973], [957557.5618000021, 1963546.6378000006], [957538.8676000021, 1963437.3978000027], [957527.0049000023, 1963372.145200002], [957453.0101000003, 1963301.1744000015], [957414.0012000017, 1963280.8002000053], [957368.5560000001, 1963261.609000001], [957329.0733000021, 1963213.1769999992], [957293.3033000004, 1963163.7056000042], [957267.0322000005, 1963062.0031999997], [957261.6118000008, 1963035.2219999991], [957261.5988999997, 1963035.1508000013], [957256.0474000005, 1963003.9431999987], [957252.8132000014, 1962835.5430000047], [957252.695700001, 1962790.9201999984], [957306.9418000001, 1962694.3078], [957326.0589000001, 1962668.087999999], [957327.6630000011, 1962665.8879999996], [957367.2310000007, 1962628.7914000025], [957389.9991000018, 1962628.1605000044], [957355.7886000017, 1962573.0129999993], [957329.6420000005, 1962545.4924000073], [957313.6824000007, 1962538.7997999995], [957300.8345000015, 1962534.5495999984], [957271.4527000022, 1962535.8954000035], [957246.3565000009, 1962540.4971999992], [957243.7802000004, 1962541.0306000058], [957215.270000001, 1962564.393600002], [957213.4536000015, 1962565.882600002], [957205.3365000009, 1962539.1378000062], [957163.1196000001, 1962392.3648000043], [957132.7427000015, 1962281.6139999998], [957013.7208000014, 1961659.9614], [957003.6458000013, 1961600.0172], [956992.9507000011, 1961519.314000005], [956998.2459000021, 1961484.8888000003], [957031.6022000012, 1961362.4168000007], [957033.9665000018, 1961359.020800005], [957052.7330000016, 1961332.0658000025], [957224.484600001, 1961199.0323], [957112.7984999998, 1961190.8650000026], [957236.4425000006, 1960831.2556000026], [957275.7056999998, 1960717.3074999996], [956852.0421000014, 1960721.5598000013], [956798.5401000003, 1960730.6207999995], [956538.2224000006, 1960725.8564000018], [956441.2901000013, 1960703.7897999994], [956293.4178000002, 1960657.7360000005], [955848.4483000019, 1960341.7503999998], [955861.9650999998, 1960314.7994000015], [955888.7763000015, 1960262.346400002], [955782.9062999999, 1960167.2542000036], [955730.9771000012, 1960128.7386000038], [955618.3309000024, 1960063.4414000018], [955604.8349000015, 1960057.0378000024], [955598.5269000013, 1960054.0448000054], [955578.7506999999, 1960049.7644000011], [955433.077900002, 1960034.4585000006], [955136.4277000013, 1960038.1828000003], [954939.6945000014, 1960119.974000003], [954865.2657000006, 1960156.9162000054], [954805.5305000017, 1960205.4748], [954782.9183000011, 1960218.0209999983], [954736.2277000011, 1960243.120800002], [954715.7887000013, 1960252.0006000027], [954696.055500001, 1960255.7600000007], [954681.774100002, 1960254.4094000014], [954639.911800001, 1960250.4502000017], [954499.5351000021, 1960366.0398000025], [954462.2532000004, 1960422.1554], [954411.7093000021, 1960592.7042000024], [954431.7441000002, 1960621.1491], [954469.8425000007, 1960656.9644000013], [954495.7495000002, 1960694.3139999993], [954535.8545000022, 1960775.5388000002], [954561.5243000013, 1960856.3106000007], [954543.184700001, 1960987.890599999], [954533.7131000004, 1961027.957100002], [954476.1793000015, 1961249.9000000022], [954332.6282000017, 1961433.0958000005], [954223.2201000005, 1961595.5245000017], [954169.5153000017, 1961715.0460000006], [954147.7462999999, 1961773.7722000023], [954127.1545000016, 1961829.3230000022], [954102.6831000003, 1961965.2160000075], [954238.3764000008, 1962014.2875000013], [954385.0547000009, 1962009.2606000062], [954665.6321000019, 1962284.3855000031], [954709.0825000012, 1962339.5711000026], [954712.136300002, 1962344.241100002], [954777.4401000005, 1962467.5982000064], [954773.0249000001, 1962495.0796000017], [954778.4011000025, 1962530.8508999986], [954785.8655000004, 1962580.5119000007], [954825.5783000017, 1962799.4697999984], [954846.1943000017, 1962843.2190000052], [954867.188100002, 1962887.7158000006], [954915.7455000023, 1962896.0166000011], [954971.7879000021, 1962902.5599999991], [954978.4819000016, 1962902.088200002], [955019.7423000003, 1962898.9023999996], [955216.622900001, 1962979.0737999994], [955263.0641000022, 1963012.2204000012], [955375.6631000006, 1963150.3516000016], [955385.6798000017, 1963177.6952000025], [955406.8744000022, 1963486.1243999994], [955377.362700002, 1964051.6972000005], [955314.278900001, 1964357.5447000014], [955289.0157000006, 1964474.8664000025], [955286.5062999998, 1964486.5198000027], [955222.9023000004, 1964576.2029], [955339.2614000016, 1964623.2824000036], [955388.9304000009, 1964652.6634000037], [955624.8674000013, 1964880.5108000024], [955645.5895, 1964908.859000001], [956243.4814000018, 1965134.1891999994], [956318.9484000019, 1965174.7274000011]]]}, "properties": {"x": "955940", "y": "1962428", "adm_cd": "11090740", "adm_nm": "서울특별시 강북구 우이동"}}, {"type": "Feature", "geometry": {"type": "Polygon", "coordinates": [[[956852.0421000014, 1960721.5598000013], [957275.7056999998, 1960717.3074999996], [957367.3792000004, 1960257.2650000034], [957365.2642000021, 1960194.0468000057], [957367.066400001, 1960142.490800004], [957391.3458000025, 1959863.8829999985], [957592.436400002, 1959664.5304], [957619.6079000022, 1959664.433000003], [957642.8150000025, 1959678.714400002], [957670.7962000009, 1959694.060000002], [957692.5992000015, 1959703.6604000016], [957734.9579999996, 1959721.4588000001], [957785.7350000022, 1959737.6228], [957794.1959000002, 1959740.256899999], [957812.1588000018, 1959743.9800000002], [957827.2768000008, 1959746.518800001], [957830.1267000019, 1959746.6936000036], [957837.2628000003, 1959746.4956000024], [957847.7258000018, 1959745.880200002], [957873.5438000006, 1959743.5540000005], [957906.3745000011, 1959740.3505999995], [957939.203, 1959710.3773000007], [957937.2434000014, 1959580.4962000013], [957938.8821000003, 1959561.528400001], [957899.4328000018, 1959558.9252000032], [957593.1344000018, 1959533.7864000006], [957465.3032000011, 1959521.2484000032], [957178.6918000022, 1959490.342600002], [956853.8900000013, 1959447.5830000003], [956597.0621999996, 1959426.2858000002], [956583.3148, 1959448.4208000014], [956531.6317999996, 1959478.8619999983], [956478.4910000014, 1959480.6248000008], [956185.1744000012, 1959375.9583999997], [955672.0680000009, 1959043.3774000015], [955575.668800001, 1958968.8181999994], [955573.0517999999, 1958966.7940000016], [955475.2328000005, 1959096.4247000013], [955361.9316000006, 1959193.7067000028], [955289.076600001, 1959251.478800002], [954953.7726000019, 1959515.119100002], [954641.5306000008, 1959716.4233], [954594.9592000025, 1959735.8875000007], [954491.464900001, 1959777.539299999], [954639.911800001, 1960250.4502000017], [954681.774100002, 1960254.4094000014], [954696.055500001, 1960255.7600000007], [954715.7887000013, 1960252.0006000027], [954736.2277000011, 1960243.120800002], [954782.9183000011, 1960218.0209999983], [954805.5305000017, 1960205.4748], [954865.2657000006, 1960156.9162000054], [954939.6945000014, 1960119.974000003], [955136.4277000013, 1960038.1828000003], [955433.077900002, 1960034.4585000006], [955578.7506999999, 1960049.7644000011], [955598.5269000013, 1960054.0448000054], [955604.8349000015, 1960057.0378000024], [955618.3309000024, 1960063.4414000018], [955730.9771000012, 1960128.7386000038], [955782.9062999999, 1960167.2542000036], [955888.7763000015, 1960262.346400002], [955861.9650999998, 1960314.7994000015], [955848.4483000019, 1960341.7503999998], [956293.4178000002, 1960657.7360000005], [956441.2901000013, 1960703.7897999994], [956538.2224000006, 1960725.8564000018], [956798.5401000003, 1960730.6207999995], [956852.0421000014, 1960721.5598000013]]]}, "properties": {"x": "956203", "y": "1959897", "adm_cd": "11090750", "adm_nm": "서울특별시 강북구 인수동"}}, {"type": "Feature", "geometry": {"type": "Polygon", "coordinates": [[[957404.303900001, 1962622.0094000057], [957400.7422000014, 1962509.1176000012], [957405.4402000022, 1962377.4316000007], [957454.8055000007, 1962227.6948000041], [957540.869900001, 1962070.9353000023], [957575.5199000008, 1962016.9212999996], [957700.7887000007, 1961824.2370000023], [957733.928500002, 1961785.1354000042], [957824.0796999999, 1961745.5690000025], [957825.8081000019, 1961745.4998000022], [957843.7635000004, 1961744.7816000027], [958087.396900001, 1961743.7914000005], [958110.9187000019, 1961745.7656999999], [958122.982200002, 1961747.2608000003], [958123.1254000011, 1961751.4578000037], [958231.3108000017, 1961686.7280000048], [958373.8821000023, 1961550.706599998], [958423.1100000013, 1961351.3674000013], [958110.9128000012, 1960897.8808000046], [958069.4793000008, 1960979.2918000054], [957784.6527000021, 1961150.9041], [957759.147, 1961164.056800006], [957737.4166000022, 1961168.5006000027], [957734.6788000015, 1961169.0603999996], [957712.7496000011, 1961173.5438000015], [957712.4832000008, 1961173.5982000064], [957675.2626000013, 1961174.6318000024], [957631.6034000006, 1961161.0219999999], [957623.3479000016, 1961158.4569000036], [957622.8631000002, 1961158.3068000006], [957589.6790000006, 1961148.0355000002], [957572.413200001, 1961142.7113000036], [957555.3262000015, 1961138.1428999985], [957551.5504000012, 1961137.172299999], [957547.0727000025, 1961136.1322000031], [957530.5595000006, 1961132.2968000043], [957496.3302000012, 1961125.3784000021], [957476.2520000004, 1961125.1437000022], [957461.4000000024, 1961124.9702000031], [957419.7821000018, 1961128.0504000008], [957393.333800002, 1961136.111300003], [957389.8595000005, 1961137.1701999982], [957345.2106000002, 1961150.7784000027], [957266.0930000008, 1961181.4146000028], [957263.3894000007, 1961182.4616000003], [957224.484600001, 1961199.0323], [957052.7330000016, 1961332.0658000025], [957033.9665000018, 1961359.020800005], [957031.6022000012, 1961362.4168000007], [956998.2459000021, 1961484.8888000003], [956992.9507000011, 1961519.314000005], [957003.6458000013, 1961600.0172], [957013.7208000014, 1961659.9614], [957132.7427000015, 1962281.6139999998], [957163.1196000001, 1962392.3648000043], [957205.3365000009, 1962539.1378000062], [957213.4536000015, 1962565.882600002], [957215.270000001, 1962564.393600002], [957243.7802000004, 1962541.0306000058], [957246.3565000009, 1962540.4971999992], [957271.4527000022, 1962535.8954000035], [957300.8345000015, 1962534.5495999984], [957313.6824000007, 1962538.7997999995], [957329.6420000005, 1962545.4924000073], [957355.7886000017, 1962573.0129999993], [957389.9991000018, 1962628.1605000044], [957404.303900001, 1962622.0094000057]]]}, "properties": {"x": "957608", "y": "1961612", "adm_cd": "11100510", "adm_nm": "서울특별시 도봉구 쌍문1동"}}, {"type": "Feature", "geometry": {"type": "Polygon", "coordinates": [[[959626.9432000001, 1962569.083599999], [959626.4101000009, 1962565.8696000022], [959626.0890000014, 1962564.1621000026], [959623.5812000008, 1962550.8272000025], [959620.2839000018, 1962535.8814000026], [959616.5353000017, 1962521.0330000026], [959612.317700001, 1962506.309800001], [959607.6637000022, 1962491.714999999], [959606.9482000025, 1962489.6919999998], [959602.5580000007, 1962477.279600003], [959602.5369999995, 1962477.2255999998], [959597.0154000006, 1962463.0324000025], [959591.0516000018, 1962448.9444000018], [959588.4607000012, 1962443.3194000018], [959584.6360000015, 1962435.0158000004], [959461.8039000008, 1962178.3152000038], [959290.0697000003, 1961819.9681999995], [959098.8525000016, 1961421.3628000016], [958827.8479000004, 1961397.1151000028], [958815.3041000012, 1961634.7386000017], [958908.7599000016, 1962016.3923999998], [958820.1623000004, 1962172.3553000016], [958956.2394000008, 1962399.4768000022], [958967.7395000018, 1962422.8318000035], [958977.8255000018, 1962428.5243000025], [959234.2300000017, 1962572.4539000029], [959296.0483999999, 1962571.3469999994], [959368.3730000001, 1962570.052200001], [959372.0948000018, 1962569.986099998], [959539.3399000019, 1962567.0192000037], [959553.4129000009, 1962567.1013999993], [959567.4587000019, 1962567.8384000028], [959571.0841000008, 1962568.1940000015], [959581.4448999999, 1962569.2324000006], [959595.3575000006, 1962571.282800002], [959628.202100001, 1962576.9180000047], [959626.9432000001, 1962569.083599999]]]}, "properties": {"x": "959080", "y": "1962145", "adm_cd": "11100520", "adm_nm": "서울특별시 도봉구 쌍문2동"}}, {"type": "Feature", "geometry": {"type": "Polygon", "coordinates": [[[958630.6075000018, 1960502.8964], [958611.0445999997, 1960480.3903000006], [958126.2244000003, 1960873.249800002], [958110.9128000012, 1960897.8808000046], [958423.1100000013, 1961351.3674000013], [958827.8479000004, 1961397.1151000028], [959098.8525000016, 1961421.3628000016], [958841.0747, 1960883.6851999993], [958630.6075000018, 1960502.8964]]]}, "properties": {"x": "958493", "y": "1961016", "adm_cd": "11100530", "adm_nm": "서울특별시 도봉구 쌍문3동"}}, {"type": "Feature", "geometry": {"type": "Polygon", "coordinates": [[[958956.2394000008, 1962399.4768000022], [958820.1623000004, 1962172.3553000016], [958908.7599000016, 1962016.3923999998], [958815.3041000012, 1961634.7386000017], [958827.8479000004, 1961397.1151000028], [958423.1100000013, 1961351.3674000013], [958373.8821000023, 1961550.706599998], [958231.3108000017, 1961686.7280000048], [958123.1254000011, 1961751.4578000037], [958136.6199000005, 1961853.1090000016], [958301.4598000019, 1962208.8606000035], [958357.1281000022, 1962256.1100000013], [958382.7959000014, 1962277.8084000023], [958487.409900002, 1962347.8792000022], [958510.8110000018, 1962360.9798000017], [958526.0630000001, 1962360.5488000037], [958565.6387000004, 1962349.0596000017], [958594.6750999998, 1962340.471400002], [958610.3471000004, 1962335.7338000005], [958679.0887000014, 1962330.1513999999], [958747.1039000016, 1962350.621999999], [958967.7395000018, 1962422.8318000035], [958956.2394000008, 1962399.4768000022]]]}, "properties": {"x": "958550", "y": "1961857", "adm_cd": "11100540", "adm_nm": "서울특별시 도봉구 쌍문4동"}}, {"type": "Feature", "geometry": {"type": "Polygon", "coordinates": [[[959629.0436000007, 1963478.609400001], [959753.3745000005, 1963461.265000001], [960183.0882000006, 1963391.2898999995], [960207.7982000005, 1963267.7517999997], [960222.6329000008, 1963205.4800000023], [960414.2278000012, 1962813.618600003], [960423.0615999999, 1962813.567400001], [960451.8973000024, 1962813.4002999985], [960455.7280000015, 1962813.3780000024], [960455.8236000008, 1962809.5699000002], [960457.4579000005, 1962744.4690000005], [960457.7194000015, 1962734.0522000007], [960459.5124000026, 1962583.371900002], [960467.262400002, 1962438.7738000024], [959844.8398000009, 1962613.3596000029], [959628.202100001, 1962576.9180000047], [959595.3575000006, 1962571.282800002], [959581.4448999999, 1962569.2324000006], [959571.0841000008, 1962568.1940000015], [959567.4587000019, 1962567.8384000028], [959553.4129000009, 1962567.1013999993], [959539.3399000019, 1962567.0192000037], [959372.0948000018, 1962569.986099998], [959368.3730000001, 1962570.052200001], [959296.0483999999, 1962571.3469999994], [959234.2300000017, 1962572.4539000029], [958977.8255000018, 1962428.5243000025], [958962.7981000014, 1962673.8280000011], [958961.9136000008, 1962688.2688000016], [958961.0201000021, 1962703.7636000023], [958960.3090000015, 1962716.0971999993], [958960.0132000013, 1962721.2282000002], [958960.0104000003, 1962721.277000003], [958960.0205000002, 1962721.8894000002], [958960.4855000012, 1962748.6634000007], [958961.0137000009, 1962752.349800001], [958963.2959000004, 1962768.2580000008], [958963.5895000009, 1962770.2998000016], [958971.2704000012, 1962797.338400002], [958974.8410000021, 1962805.1128000054], [958982.6977000018, 1962822.2182000023], [958982.8943000004, 1962822.5101999983], [959001.6816000015, 1962850.4074000013], [959003.6799000008, 1962852.3702000002], [959013.6343000008, 1962862.1474000025], [959023.6569000003, 1962871.9915000047], [959080.6971000019, 1962922.027400001], [959081.1536999997, 1962922.4269999992], [959129.1235000014, 1962963.196799999], [959222.5501000016, 1963042.5852000024], [959222.6518000013, 1963042.6715999995], [959235.5215000007, 1963053.2554000053], [959360.3943000002, 1963240.9826000025], [959395.8174000005, 1963481.1904000011], [959629.0436000007, 1963478.609400001]]]}, "properties": {"x": "959744", "y": "1963034", "adm_cd": "11100550", "adm_nm": "서울특별시 도봉구 방학1동"}}, {"type": "Feature", "geometry": {"type": "Polygon", "coordinates": [[[958691.3573000021, 1964061.8774000015], [958734.3717000005, 1963985.4262000031], [958783.2259000019, 1963911.4439999992], [958826.7937000005, 1963891.907599999], [958856.9767000007, 1963940.084600002], [958863.3868000023, 1963950.3159999987], [959012.4814000021, 1963960.6641999998], [959043.5769000002, 1963954.501200001], [959070.5239000011, 1963946.4376999997], [959417.8948000006, 1963685.3095999989], [959410.7145000005, 1963583.2290000012], [959408.7981000005, 1963570.1020000046], [959395.8174000005, 1963481.1904000011], [959360.3943000002, 1963240.9826000025], [959235.5215000007, 1963053.2554000053], [959222.6518000013, 1963042.6715999995], [959222.5501000016, 1963042.5852000024], [959129.1235000014, 1962963.196799999], [959081.1536999997, 1962922.4269999992], [959080.6971000019, 1962922.027400001], [959023.6569000003, 1962871.9915000047], [959013.6343000008, 1962862.1474000025], [959003.6799000008, 1962852.3702000002], [959001.6816000015, 1962850.4074000013], [958982.8943000004, 1962822.5101999983], [958982.6977000018, 1962822.2182000023], [958974.8410000021, 1962805.1128000054], [958971.2704000012, 1962797.338400002], [958963.5895000009, 1962770.2998000016], [958963.2959000004, 1962768.2580000008], [958961.0137000009, 1962752.349800001], [958960.4855000012, 1962748.6634000007], [958960.0205000002, 1962721.8894000002], [958960.0104000003, 1962721.277000003], [958960.0132000013, 1962721.2282000002], [958960.3090000015, 1962716.0971999993], [958961.0201000021, 1962703.7636000023], [958961.9136000008, 1962688.2688000016], [958962.7981000014, 1962673.8280000011], [958818.434600001, 1962652.1745999986], [958813.9753000021, 1962651.505799999], [958813.7655000017, 1962651.4760000017], [958666.1693000013, 1962630.9584], [958618.2221000011, 1962676.7725000028], [958615.6219000018, 1962679.2572000036], [958595.2893000015, 1962701.3035000004], [958586.0155000002, 1962760.0675000027], [958595.3321000006, 1962784.3823000034], [958613.572900001, 1962869.1642000028], [958605.1647, 1962959.4021000005], [958601.8047000004, 1962973.1439000026], [958598.2884999999, 1962982.555300001], [958594.3923000016, 1962992.9700000002], [958364.2517000013, 1963282.6476000026], [958304.1449000011, 1963336.9024000012], [958299.5229000013, 1963341.0739999977], [958288.8991000021, 1963347.021400001], [958278.3703000008, 1963352.915000001], [958238.7234000004, 1963351.1720000033], [958126.2633000007, 1963669.5067999996], [958108.6643000019, 1963741.7201999999], [958103.7279000022, 1963761.9812000003], [958123.863600001, 1963805.8976000017], [958184.5328000013, 1963856.6180000019], [958255.600300001, 1963900.8176000009], [958295.6673000002, 1963866.2421999993], [958432.3528000026, 1963865.3906999985], [958584.7721000016, 1963913.8767999997], [958603.601000001, 1963934.8284000026], [958691.3573000021, 1964061.8774000015]]]}, "properties": {"x": "958804", "y": "1963411", "adm_cd": "11100560", "adm_nm": "서울특별시 도봉구 방학2동"}}, {"type": "Feature", "geometry": {"type": "Polygon", "coordinates": [[[958108.6643000019, 1963741.7201999999], [958126.2633000007, 1963669.5067999996], [958238.7234000004, 1963351.1720000033], [958278.3703000008, 1963352.915000001], [958288.8991000021, 1963347.021400001], [958299.5229000013, 1963341.0739999977], [958304.1449000011, 1963336.9024000012], [958364.2517000013, 1963282.6476000026], [958594.3923000016, 1962992.9700000002], [958598.2884999999, 1962982.555300001], [958601.8047000004, 1962973.1439000026], [958605.1647, 1962959.4021000005], [958613.572900001, 1962869.1642000028], [958595.3321000006, 1962784.3823000034], [958586.0155000002, 1962760.0675000027], [958595.2893000015, 1962701.3035000004], [958615.6219000018, 1962679.2572000036], [958618.2221000011, 1962676.7725000028], [958666.1693000013, 1962630.9584], [958813.7655000017, 1962651.4760000017], [958813.9753000021, 1962651.505799999], [958818.434600001, 1962652.1745999986], [958962.7981000014, 1962673.8280000011], [958977.8255000018, 1962428.5243000025], [958967.7395000018, 1962422.8318000035], [958747.1039000016, 1962350.621999999], [958679.0887000014, 1962330.1513999999], [958610.3471000004, 1962335.7338000005], [958594.6750999998, 1962340.471400002], [958565.6387000004, 1962349.0596000017], [958526.0630000001, 1962360.5488000037], [958510.8110000018, 1962360.9798000017], [958487.409900002, 1962347.8792000022], [958382.7959000014, 1962277.8084000023], [958357.1281000022, 1962256.1100000013], [958301.4598000019, 1962208.8606000035], [958136.6199000005, 1961853.1090000016], [958123.1254000011, 1961751.4578000037], [958122.982200002, 1961747.2608000003], [958110.9187000019, 1961745.7656999999], [958087.396900001, 1961743.7914000005], [957843.7635000004, 1961744.7816000027], [957825.8081000019, 1961745.4998000022], [957824.0796999999, 1961745.5690000025], [957733.928500002, 1961785.1354000042], [957700.7887000007, 1961824.2370000023], [957575.5199000008, 1962016.9212999996], [957540.869900001, 1962070.9353000023], [957454.8055000007, 1962227.6948000041], [957405.4402000022, 1962377.4316000007], [957400.7422000014, 1962509.1176000012], [957404.303900001, 1962622.0094000057], [957389.9991000018, 1962628.1605000044], [957367.2310000007, 1962628.7914000025], [957327.6630000011, 1962665.8879999996], [957326.0589000001, 1962668.087999999], [957306.9418000001, 1962694.3078], [957252.695700001, 1962790.9201999984], [957252.8132000014, 1962835.5430000047], [957256.0474000005, 1963003.9431999987], [957261.5988999997, 1963035.1508000013], [957261.6118000008, 1963035.2219999991], [957267.0322000005, 1963062.0031999997], [957293.3033000004, 1963163.7056000042], [957329.0733000021, 1963213.1769999992], [957368.5560000001, 1963261.609000001], [957414.0012000017, 1963280.8002000053], [957453.0101000003, 1963301.1744000015], [957527.0049000023, 1963372.145200002], [957538.8676000021, 1963437.3978000027], [957557.5618000021, 1963546.6378000006], [957554.4994000006, 1963591.0973], [957564.3475000022, 1963607.869599999], [957571.3860000016, 1963619.8567999997], [957737.8766000005, 1963719.9740000013], [958103.7279000022, 1963761.9812000003], [958108.6643000019, 1963741.7201999999]]]}, "properties": {"x": "957978", "y": "1962737", "adm_cd": "11100570", "adm_nm": "서울특별시 도봉구 방학3동"}}, {"type": "Feature", "geometry": {"type": "Polygon", "coordinates": [[[959758.6115000012, 1961416.0300000042], [960154.831100001, 1961448.0396000026], [960420.9103000002, 1960687.4028000042], [960399.5565000044, 1960697.9594000075], [960343.7967000009, 1960688.803200001], [960102.9905000034, 1960311.3588], [960014.8145000007, 1960122.0226000044], [959985.6908000018, 1960055.1687000017], [959874.4999000006, 1960105.9356000018], [959859.1507000006, 1960119.2392000011], [959813.1325000005, 1960342.3660000023], [959740.8175000018, 1960591.1317999996], [959418.2525000023, 1960865.1297999993], [958841.0747, 1960883.6851999993], [959098.8525000016, 1961421.3628000016], [959555.2247000014, 1961454.6084000054], [959569.7873000004, 1961454.6746000005], [959569.9625000006, 1961454.6746000005], [959584.4517000001, 1961453.5587999998], [959630.2961000005, 1961444.4278000025], [959758.6115000012, 1961416.0300000042]]]}, "properties": {"x": "959839", "y": "1961152", "adm_cd": "11100590", "adm_nm": "서울특별시 도봉구 창1동"}}, {"type": "Feature", "geometry": {"type": "Polygon", "coordinates": [[[959418.2525000023, 1960865.1297999993], [959740.8175000018, 1960591.1317999996], [959649.5621000004, 1960523.7716000024], [959648.0371000022, 1960522.396600002], [959617.1925000001, 1960494.585400003], [959278.7077000013, 1960051.6936000008], [959098.7054000016, 1959811.5541000003], [959067.7147000006, 1959821.897799999], [959060.5027000001, 1959824.7750000013], [959048.2163000011, 1959830.2382000023], [959010.2902000009, 1959847.153400002], [959004.3685000008, 1959849.815], [958994.693500001, 1959854.1637999988], [958986.9349000009, 1959857.6536000003], [958982.4701000008, 1959862.0758000012], [958954.2795000015, 1959890.075200002], [958954.1857000022, 1959890.1988000004], [958935.8555000017, 1959914.3640000033], [958927.6234999998, 1959937.898999999], [958921.2973000018, 1959956.0353999997], [958899.3384999997, 1960018.9885999998], [958898.0355000002, 1960022.724400002], [958874.9353000021, 1960090.6718000025], [958835.8280999998, 1960205.0869999984], [958829.9321000008, 1960219.0148000007], [958828.2361000015, 1960223.0206000013], [958816.4089000018, 1960250.932999999], [958805.014700002, 1960274.9088000008], [958785.356700001, 1960316.1038000057], [958784.7437000023, 1960317.3266000007], [958754.8021000018, 1960356.6305000004], [958746.3147000016, 1960366.7876000018], [958707.0957000019, 1960402.5476000002], [958690.3567000015, 1960416.226600003], [958681.1777000003, 1960423.7273999988], [958637.7119000021, 1960458.8456000024], [958611.6173000019, 1960479.928400001], [958611.2158000004, 1960480.252699999], [958611.0445999997, 1960480.3903000006], [958630.6075000018, 1960502.8964], [958841.0747, 1960883.6851999993], [959418.2525000023, 1960865.1297999993]]]}, "properties": {"x": "959139", "y": "1960455", "adm_cd": "11100600", "adm_nm": "서울특별시 도봉구 창2동"}}, {"type": "Feature", "geometry": {"type": "Polygon", "coordinates": [[[959857.9890000015, 1959768.097600003], [959860.504200002, 1959740.270800001], [959859.9630000025, 1959716.856400005], [959852.5654000011, 1959674.4496000032], [959783.6156000022, 1959487.3332000007], [959765.9828000023, 1959443.5982000032], [959760.138100002, 1959433.921899999], [959759.1756000005, 1959432.3286000006], [959722.7154000006, 1959390.0471999994], [959687.9260000014, 1959363.5218000012], [959673.1042000022, 1959354.7180000013], [959659.775600002, 1959346.6970000006], [959649.9200000018, 1959338.1504000013], [959558.1322000013, 1959210.5600000033], [959638.1446000012, 1959110.8815000025], [959627.4209000024, 1959099.7755999996], [959566.2251000025, 1959136.4137999988], [959287.8198000004, 1959457.4323999994], [959201.0596000021, 1959743.3854000014], [959098.7054000016, 1959811.5541000003], [959278.7077000013, 1960051.6936000008], [959617.1925000001, 1960494.585400003], [959648.0371000022, 1960522.396600002], [959649.5621000004, 1960523.7716000024], [959740.8175000018, 1960591.1317999996], [959813.1325000005, 1960342.3660000023], [959859.1507000006, 1960119.2392000011], [959874.4999000006, 1960105.9356000018], [959985.6908000018, 1960055.1687000017], [959857.9890000015, 1959768.097600003]]]}, "properties": {"x": "959567", "y": "1959860", "adm_cd": "11100610", "adm_nm": "서울특별시 도봉구 창3동"}}, {"type": "Feature", "geometry": {"type": "Polygon", "coordinates": [[[960658.294800001, 1961674.4834000017], [960634.5744000017, 1961489.9118000036], [960634.6235999996, 1961488.6109999993], [960641.6466000011, 1961388.3264000034], [960641.8205000018, 1961386.5860000006], [960652.6203000003, 1961322.8155999992], [960652.9123000007, 1961322.074200001], [960653.0477000003, 1961321.7880000002], [960661.0953000021, 1961304.7832000009], [960673.8410000013, 1961278.1876000012], [960676.0661000025, 1961274.3682000006], [960693.0125000018, 1961246.126599999], [960701.4650999998, 1961232.1520000044], [960724.0125000015, 1961189.8230000036], [960757.574900002, 1961119.8338000025], [960764.3839000016, 1961105.4510000001], [960782.9903000016, 1961065.6730000004], [960784.1316999998, 1961061.8694000007], [960808.3318999999, 1960967.0984], [960811.9475000019, 1960952.2568000006], [960816.4151000007, 1960933.291000002], [960819.696900002, 1960894.3672000032], [960820.2593, 1960887.3290000001], [960820.5649000016, 1960882.9660000075], [960818.6769000005, 1960859.2435000073], [960818.5425000017, 1960857.5571999997], [960816.7160000002, 1960837.0140000023], [960814.5133000007, 1960812.2415999984], [960808.2376000002, 1960750.3502000067], [960801.7475000005, 1960687.0485999994], [960799.107300001, 1960661.3972000023], [960798.8996000014, 1960660.5196000012], [960793.0451000019, 1960644.0360000078], [960766.5407000002, 1960568.881200001], [960759.1031000009, 1960547.3818000003], [960755.0451000015, 1960535.4187999992], [960754.8178000014, 1960534.2383999992], [960740.5473000014, 1960412.909800002], [960743.749200001, 1960377.9340000052], [960746.6173000045, 1960349.5713999995], [960750.9593000005, 1960306.7684000018], [960751.8576000022, 1960298.2498000017], [960781.144100003, 1960258.3551999994], [960783.4448999998, 1960255.2212000028], [960808.8339000026, 1960220.6428000026], [960719.9923000006, 1960168.555000001], [960716.2253999994, 1960166.6576000005], [960709.4687000017, 1960173.5600000042], [960621.7818000007, 1960265.5944000022], [960598.7611000026, 1960293.1744], [960594.7293000002, 1960298.0090000012], [960566.5103000021, 1960332.3372000013], [960561.7749000001, 1960338.1172000016], [960557.5743000009, 1960344.0891999993], [960551.3697000039, 1960352.9600000018], [960513.2873000016, 1960425.6410000045], [960505.3459000017, 1960442.6998000003], [960494.4090999989, 1960471.1023999995], [960482.3327000022, 1960506.8812000062], [960476.6932203721, 1960547.8461123798], [960465.4708150108, 1960581.2523422854], [960454.093500002, 1960591.9224], [960451.4570412582, 1960597.075047705], [960444.3561000002, 1960610.9529999997], [960443.7737000042, 1960613.6490000002], [960440.9779000029, 1960631.5362000018], [960439.070300001, 1960642.3263999985], [960437.5755000038, 1960650.781000005], [960437.2989000025, 1960651.9560000002], [960436.8083000015, 1960653.1461999994], [960426.4931000024, 1960670.0540000033], [960420.9103000002, 1960687.4028000042], [960154.831100001, 1961448.0396000026], [959902.0829000012, 1962205.836600002], [959844.8398000009, 1962613.3596000029], [960467.262400002, 1962438.7738000024], [960608.5797000013, 1962095.7694000015], [960609.1250000012, 1962094.0302000013], [960660.2770999996, 1961849.5490000034], [960663.6662000003, 1961771.0206000027], [960664.0737000015, 1961760.049599999], [960658.294800001, 1961674.4834000017]]]}, "properties": {"x": "960391", "y": "1961554", "adm_cd": "11100620", "adm_nm": "서울특별시 도봉구 창4동"}}, {"type": "Feature", "geometry": {"type": "Polygon", "coordinates": [[[959902.0829000012, 1962205.836600002], [960154.831100001, 1961448.0396000026], [959758.6115000012, 1961416.0300000042], [959630.2961000005, 1961444.4278000025], [959584.4517000001, 1961453.5587999998], [959569.9625000006, 1961454.6746000005], [959569.7873000004, 1961454.6746000005], [959555.2247000014, 1961454.6084000054], [959098.8525000016, 1961421.3628000016], [959290.0697000003, 1961819.9681999995], [959461.8039000008, 1962178.3152000038], [959584.6360000015, 1962435.0158000004], [959588.4607000012, 1962443.3194000018], [959591.0516000018, 1962448.9444000018], [959597.0154000006, 1962463.0324000025], [959602.5369999995, 1962477.2255999998], [959602.5580000007, 1962477.279600003], [959606.9482000025, 1962489.6919999998], [959607.6637000022, 1962491.714999999], [959612.317700001, 1962506.309800001], [959616.5353000017, 1962521.0330000026], [959620.2839000018, 1962535.8814000026], [959623.5812000008, 1962550.8272000025], [959626.0890000014, 1962564.1621000026], [959626.4101000009, 1962565.8696000022], [959626.9432000001, 1962569.083599999], [959628.202100001, 1962576.9180000047], [959844.8398000009, 1962613.3596000029], [959902.0829000012, 1962205.836600002]]]}, "properties": {"x": "959667", "y": "1961874", "adm_cd": "11100630", "adm_nm": "서울특별시 도봉구 창5동"}}, {"type": "Feature", "geometry": {"type": "Polygon", "coordinates": [[[957671.4174000008, 1966936.5765000014], [957875.2814000002, 1966791.6757], [958154.3995000018, 1966774.6935000042], [958198.4333000003, 1966797.8854999996], [958294.2950000018, 1966848.3881000003], [958295.4336000012, 1966857.9390999977], [958305.7208000009, 1966944.2211000023], [958364.2567000019, 1966924.1739000038], [958478.4708000014, 1966781.6821000008], [958504.2290000017, 1966740.8723000009], [958526.6137000002, 1966638.898600001], [958531.4498000008, 1966616.8677000008], [958535.9174000018, 1966575.953099999], [958536.1888000006, 1966567.9134000023], [958541.6652000012, 1966405.7050999997], [958654.2158000008, 1966050.332900001], [958775.9155000012, 1965912.6473000008], [958880.2521000013, 1965932.3607999994], [959059.3818000003, 1965983.6361000016], [959181.0233000002, 1966033.4417000012], [959260.9460000015, 1966069.2214000034], [959340.5753000018, 1966108.4711000025], [959408.2162000006, 1966154.3750000005], [959441.983400001, 1966190.002000005], [959446.0311000005, 1966225.0223999987], [959544.3391000007, 1966292.8177999998], [959606.4340000014, 1966301.6676000012], [959717.4260000014, 1966284.3301999997], [959869.991800001, 1966028.9962000032], [959894.131800001, 1965967.7398000015], [959910.9505000012, 1965832.5700999997], [959918.1161000002, 1965774.9794999987], [959918.1303000008, 1965774.864300001], [959918.2337000016, 1965773.8542999986], [959919.4129000006, 1965762.3181000026], [959951.7433000021, 1965445.859300002], [959970.2873000002, 1965202.2716], [959970.9429000005, 1965193.6596000004], [959973.9677000011, 1965153.9209999996], [959974.6205000003, 1965145.344600001], [959974.4843000015, 1965143.2907999991], [959973.7261000016, 1965131.8612000002], [959958.5082000007, 1964902.6742000002], [959958.2281000004, 1964900.422600001], [959931.6938000007, 1964687.1606000005], [959930.8810000005, 1964680.636600003], [959816.1310000008, 1963860.885400002], [959754.4049000026, 1963464.3638000006], [959753.3745000005, 1963461.265000001], [959629.0436000007, 1963478.609400001], [959395.8174000005, 1963481.1904000011], [959408.7981000005, 1963570.1020000046], [959410.7145000005, 1963583.2290000012], [959417.8948000006, 1963685.3095999989], [959070.5239000011, 1963946.4376999997], [959043.5769000002, 1963954.501200001], [959012.4814000021, 1963960.6641999998], [958863.3868000023, 1963950.3159999987], [958856.9767000007, 1963940.084600002], [958826.7937000005, 1963891.907599999], [958783.2259000019, 1963911.4439999992], [958734.3717000005, 1963985.4262000031], [958691.3573000021, 1964061.8774000015], [958603.601000001, 1963934.8284000026], [958584.7721000016, 1963913.8767999997], [958432.3528000026, 1963865.3906999985], [958295.6673000002, 1963866.2421999993], [958255.600300001, 1963900.8176000009], [958184.5328000013, 1963856.6180000019], [958123.863600001, 1963805.8976000017], [958103.7279000022, 1963761.9812000003], [957737.8766000005, 1963719.9740000013], [957571.3860000016, 1963619.8567999997], [957564.3475000022, 1963607.869599999], [957554.4994000006, 1963591.0973], [957550.8068000013, 1963589.0552000008], [957513.5541000019, 1963568.4536000034], [957486.5437000025, 1963579.6432000007], [957405.9847000008, 1963784.7753999997], [957337.8444000006, 1963932.2230000007], [957139.8717000006, 1964145.3467999985], [956917.3335000016, 1964517.3524000016], [956798.3475000013, 1964547.4342000028], [956763.5385000015, 1964556.2418000023], [956736.6436000005, 1964563.047000002], [956693.3221000012, 1964676.325200001], [956655.2829000019, 1964968.8890000014], [956677.6609000007, 1965103.5138000005], [956661.4698000015, 1965190.475000001], [956658.5256000008, 1965212.5766000005], [956628.7262000006, 1965791.1906000003], [956775.2184000015, 1966096.0661999998], [956857.628000001, 1966490.9961000008], [956990.2902000007, 1966536.2564000017], [957085.0707000019, 1966632.0326000038], [957145.7405000017, 1966693.3397999993], [957242.1322000006, 1966873.4157999994], [957246.3752000015, 1966884.2642000052], [957282.7379000012, 1966987.1574000013], [957671.4174000008, 1966936.5765000014]]]}, "properties": {"x": "958279", "y": "1965199", "adm_cd": "11100640", "adm_nm": "서울특별시 도봉구 도봉1동"}}, {"type": "Feature", "geometry": {"type": "Polygon", "coordinates": [[[960221.9765000015, 1966065.5772000006], [960302.9919000012, 1965613.1598000014], [960308.4193000015, 1965476.6512000025], [960321.4573000018, 1965439.5624000048], [960322.744100001, 1965435.902200004], [960380.2113000008, 1965313.299399999], [960399.6347000003, 1965282.2129999998], [960404.4955000009, 1965274.4338000002], [960418.9905000022, 1965262.8929999988], [960443.8087000016, 1965247.9536000006], [960444.4968000012, 1965247.7350000017], [960479.9623000012, 1965236.4754000006], [960481.679700001, 1965235.9304000058], [960491.7213000017, 1965212.3062000005], [960503.0487000006, 1965180.8446], [960511.4074000006, 1965157.5500000007], [960516.2527000011, 1965144.0121999995], [960516.8301000011, 1965142.229800003], [960524.9950000013, 1965099.2015999993], [960528.3308000013, 1965080.9785999996], [960530.0621000008, 1965071.182000003], [960525.9688000011, 1965039.1050000023], [960520.4541000016, 1964996.4572000024], [960517.190000002, 1964972.1508000004], [960511.2613000018, 1964928.571600007], [960509.7579000016, 1964917.6558000026], [960362.7383000021, 1964518.278799999], [960240.8661000015, 1964110.5530000003], [960205.6654000017, 1963981.8286000015], [960167.8077000005, 1963742.6986000007], [960166.5098000003, 1963731.5754000023], [960152.919400001, 1963614.7079000017], [960183.0882000006, 1963391.2898999995], [959753.3745000005, 1963461.265000001], [959754.4049000026, 1963464.3638000006], [959816.1310000008, 1963860.885400002], [959930.8810000005, 1964680.636600003], [959931.6938000007, 1964687.1606000005], [959958.2281000004, 1964900.422600001], [959958.5082000007, 1964902.6742000002], [959973.7261000016, 1965131.8612000002], [959974.4843000015, 1965143.2907999991], [959974.6205000003, 1965145.344600001], [959973.9677000011, 1965153.9209999996], [959970.9429000005, 1965193.6596000004], [959970.2873000002, 1965202.2716], [959951.7433000021, 1965445.859300002], [959919.4129000006, 1965762.3181000026], [959918.2337000016, 1965773.8542999986], [959918.1303000008, 1965774.864300001], [959918.1161000002, 1965774.9794999987], [959910.9505000012, 1965832.5700999997], [959894.131800001, 1965967.7398000015], [960206.6984000006, 1966152.2978000029], [960221.9765000015, 1966065.5772000006]]]}, "properties": {"x": "960119", "y": "1964740", "adm_cd": "11100650", "adm_nm": "서울특별시 도봉구 도봉2동"}}, {"type": "Feature", "geometry": {"type": "Polygon", "coordinates": [[[961343.717900001, 1958306.0560000017], [961614.612, 1957604.7345000054], [961680.6020000014, 1957370.4920000006], [961454.1566000017, 1957293.4168999998], [961371.4106000005, 1957299.0513000016], [961352.6220000021, 1957304.7369000008], [961346.5092000023, 1957307.534299998], [961340.8850000014, 1957310.1393000004], [961322.5392000022, 1957318.8405000027], [961300.2831000006, 1957332.3436999994], [961296.1631000012, 1957334.8495000023], [961270.0813000011, 1957356.0041000005], [960941.643400002, 1957652.221500001], [960678.474200001, 1957908.391500003], [960675.3514000018, 1957911.7697000024], [960665.1960000017, 1957923.2375000017], [960648.2007000009, 1957942.521500002], [960644.2096000012, 1957947.8417000058], [960631.075700001, 1957965.7468000022], [960621.6636000001, 1957978.6229000029], [960615.7032000015, 1957986.9565000013], [960267.4215000011, 1958409.076600005], [961091.4539000012, 1959062.5630000015], [961343.717900001, 1958306.0560000017]]]}, "properties": {"x": "961015", "y": "1958129", "adm_cd": "11110510", "adm_nm": "서울특별시 노원구 월계1동"}}, {"type": "Feature", "geometry": {"type": "Polygon", "coordinates": [[[960399.5565000044, 1960697.9594000075], [960420.9103000002, 1960687.4028000042], [960426.4931000024, 1960670.0540000033], [960436.8083000015, 1960653.1461999994], [960437.2989000025, 1960651.9560000002], [960437.5755000038, 1960650.781000005], [960439.070300001, 1960642.3263999985], [960440.9779000029, 1960631.5362000018], [960443.7737000042, 1960613.6490000002], [960444.3561000002, 1960610.9529999997], [960451.4570412582, 1960597.075047705], [960454.093500002, 1960591.9224], [960465.4708150108, 1960581.2523422854], [960476.6932203721, 1960547.8461123798], [960482.3327000022, 1960506.8812000062], [960494.4090999989, 1960471.1023999995], [960505.3459000017, 1960442.6998000003], [960513.2873000016, 1960425.6410000045], [960551.3697000039, 1960352.9600000018], [960557.5743000009, 1960344.0891999993], [960561.7749000001, 1960338.1172000016], [960566.5103000021, 1960332.3372000013], [960594.7293000002, 1960298.0090000012], [960598.7611000026, 1960293.1744], [960621.7818000007, 1960265.5944000022], [960709.4687000017, 1960173.5600000042], [960716.2253999994, 1960166.6576000005], [960719.9923000006, 1960168.555000001], [960808.8339000026, 1960220.6428000026], [961113.2665999999, 1959782.3227000004], [961225.3436000022, 1959592.8747000005], [961078.3381000021, 1959506.4575000051], [961072.0226000012, 1959301.691300001], [961072.0752000038, 1959286.7564999992], [961072.0809000025, 1959285.1587000028], [961072.1508000009, 1959265.7581], [961072.2258000007, 1959251.2945000026], [961072.3000000016, 1959237.0987000018], [961080.4296000013, 1959135.038699999], [961080.7146000036, 1959131.4613000064], [961081.578200002, 1959120.6282000006], [961091.4539000012, 1959062.5630000015], [960267.4215000011, 1958409.076600005], [960204.7885000005, 1958527.936600003], [960138.3900000015, 1958635.0984], [960080.4924000007, 1958726.1209000014], [960041.5824000007, 1958768.304300004], [960038.0626000001, 1958772.1202000012], [960013.9509, 1958788.6860000056], [959971.871400001, 1958817.4687000015], [959967.1310000008, 1958820.1724000003], [959948.2789000006, 1958830.9241999993], [959902.5504000003, 1958858.1210000007], [959877.7827000006, 1958873.2824000004], [959875.2404000009, 1958874.8388000005], [959861.5369000002, 1958883.3534000008], [959845.5911000015, 1958894.7815000005], [959840.2649000004, 1958898.5988000005], [959799.250800001, 1958928.8233000024], [959791.7860000014, 1958936.2323999996], [959755.5850000016, 1958973.2167000035], [959749.8983000001, 1958979.0438000006], [959638.1446000012, 1959110.8815000025], [959558.1322000013, 1959210.5600000033], [959649.9200000018, 1959338.1504000013], [959659.775600002, 1959346.6970000006], [959673.1042000022, 1959354.7180000013], [959687.9260000014, 1959363.5218000012], [959722.7154000006, 1959390.0471999994], [959759.1756000005, 1959432.3286000006], [959760.138100002, 1959433.921899999], [959765.9828000023, 1959443.5982000032], [959783.6156000022, 1959487.3332000007], [959852.5654000011, 1959674.4496000032], [959859.9630000025, 1959716.856400005], [959860.504200002, 1959740.270800001], [959857.9890000015, 1959768.097600003], [959985.6908000018, 1960055.1687000017], [960014.8145000007, 1960122.0226000044], [960102.9905000034, 1960311.3588], [960343.7967000009, 1960688.803200001], [960399.5565000044, 1960697.9594000075]]]}, "properties": {"x": "960410", "y": "1959489", "adm_cd": "11110520", "adm_nm": "서울특별시 노원구 월계2동"}}, {"type": "Feature", "geometry": {"type": "Polygon", "coordinates": [[[962035.484900001, 1958315.5835999988], [962089.7475000012, 1958147.124299998], [962117.9657000003, 1958051.854600003], [962125.2265000015, 1957945.6060000043], [962079.5923000008, 1957717.1846000017], [962067.7291000005, 1957421.1704000006], [962056.005700001, 1957419.5212999987], [961680.6020000014, 1957370.4920000006], [961614.612, 1957604.7345000054], [961343.717900001, 1958306.0560000017], [961091.4539000012, 1959062.5630000015], [961081.578200002, 1959120.6282000006], [961080.7146000036, 1959131.4613000064], [961080.4296000013, 1959135.038699999], [961072.3000000016, 1959237.0987000018], [961072.2258000007, 1959251.2945000026], [961072.1508000009, 1959265.7581], [961072.0809000025, 1959285.1587000028], [961072.0752000038, 1959286.7564999992], [961072.0226000012, 1959301.691300001], [961078.3381000021, 1959506.4575000051], [961225.3436000022, 1959592.8747000005], [961283.5166000014, 1959541.309699999], [961362.375600002, 1959470.6469000038], [961398.5464000008, 1959437.8111000014], [961509.3890000024, 1959330.6062999992], [961515.6046000016, 1959312.8929000017], [961530.0056000017, 1959271.7688999996], [961551.6796000013, 1959208.9273000015], [961555.157400002, 1959193.3207000014], [961563.1540000013, 1959156.9115000013], [961562.6591, 1958998.7294000015], [961562.6645000002, 1958988.0773], [961563.0199000011, 1958946.2161999997], [961568.203700002, 1958878.2452000035], [961568.621100001, 1958877.4003000013], [961604.1627000007, 1958831.8467999992], [961622.2197000023, 1958808.7034000026], [961624.5718, 1958806.532900004], [961636.6904999998, 1958795.350600001], [961643.3869000007, 1958789.8662999999], [961652.8876000005, 1958782.0853000004], [961695.5065000012, 1958747.1812000019], [961757.6841000024, 1958693.7460000017], [961788.3583000007, 1958666.9680000017], [961796.7557000014, 1958658.9135999994], [961813.3463000024, 1958643.0001999992], [961863.3067000005, 1958595.0337999999], [961917.5661000025, 1958541.6816000054], [961945.8445000018, 1958513.8757000037], [961969.0137000002, 1958482.0140000023], [961990.1291000016, 1958452.9766000018], [962011.7975000015, 1958406.7846], [962035.484900001, 1958315.5835999988]]]}, "properties": {"x": "961643", "y": "1958516", "adm_cd": "11110530", "adm_nm": "서울특별시 노원구 월계3동"}}, {"type": "Feature", "geometry": {"type": "Polygon", "coordinates": [[[965181.2012000021, 1960731.3096000017], [965217.0506000007, 1960730.1953999992], [965245.8146000004, 1960729.301400002], [965292.7178000016, 1960727.8435999998], [965347.6812000007, 1960702.1248000003], [965390.9676000015, 1960681.8699000024], [965401.1451000024, 1960661.090600002], [965455.4456000023, 1960570.6016000018], [965530.8246000004, 1960447.4348000027], [965584.4436000015, 1960406.0094000048], [965704.2821000014, 1960393.0646999986], [965777.5535971539, 1960182.4499340267], [965809.7376000038, 1959739.5660999995], [965783.2922000017, 1959312.931100002], [965732.3760000018, 1959186.718700001], [965709.2070000006, 1959156.2595000034], [965660.8534000013, 1959106.973100001], [965488.9260000025, 1958943.4491000045], [965324.2682000007, 1958805.0639000018], [965314.139300003, 1958799.9596000009], [965230.2432000018, 1958725.8745000032], [965084.0176999996, 1958276.0416999997], [965060.225800004, 1958097.1102000019], [965060.1679, 1958096.6744999997], [965060.8374000001, 1958096.586000002], [965134.5092000016, 1958086.8453000006], [965176.0062000013, 1958012.8408999993], [965182.5263000047, 1957998.4196000006], [965200.4132999998, 1957958.8567000024], [965191.0412000014, 1957953.8475000025], [965137.1246000023, 1957917.8271000008], [965134.4572000004, 1957916.0688999994], [964848.1114000028, 1957855.5472000074], [964777.1182000008, 1957848.3672000011], [964596.3304000022, 1957958.9445999989], [964211.7541000003, 1957807.1812999998], [964210.1058000019, 1957806.6413000033], [963939.7408000028, 1957802.5891000014], [963793.2000000009, 1957865.433900002], [963471.6149000016, 1957952.5694000004], [963082.189900001, 1957829.9588000025], [962895.3371000022, 1957947.9584000006], [962874.4605000014, 1957962.8324000007], [962854.3951000005, 1957979.9761000033], [962852.5075000012, 1957981.8842000011], [962830.6145000013, 1958006.4781000013], [962819.5843000009, 1958018.8691000063], [962813.9879000018, 1958025.156100001], [962804.9743000017, 1958035.6631000044], [962804.6915000014, 1958035.9942000029], [962787.4215000023, 1958062.9514000025], [962784.8802000014, 1958069.875400002], [962772.8733000013, 1958102.5920000025], [962765.0427000022, 1958128.6158000021], [962752.0713000009, 1958187.1443000012], [962751.6779000016, 1958190.438400002], [962747.3514000012, 1958226.9731000015], [962747.0791000002, 1958229.2722000014], [962741.0407000011, 1958280.2195999988], [962739.2467000011, 1958295.3557999977], [962737.8976999999, 1958306.7352000023], [962736.5824999997, 1958317.5613000032], [962732.6511000019, 1958349.9088999992], [962729.9843000014, 1958371.8497000032], [962720.5877000005, 1958449.1573000022], [962712.8350999999, 1958489.9442000045], [962704.4659000004, 1958525.7145000026], [962694.425, 1958557.5179000031], [962690.5323000008, 1958569.7817000048], [962684.3111000017, 1958585.5525999996], [962662.7159000017, 1958640.296000002], [962651.7039000015, 1958668.2108000012], [962647.3735000001, 1958677.5727999997], [962644.6667000016, 1958683.423200003], [962634.4231000021, 1958705.5628999998], [962632.5339000003, 1958709.0989000006], [962617.1701000002, 1958737.8533000008], [962611.7363000012, 1958748.0221999988], [962551.5331000006, 1958833.0815000008], [962539.4513000015, 1958846.456199999], [962523.5987000007, 1958864.0041000012], [962512.3591000016, 1958874.8600000013], [962483.6647000017, 1958902.5721000016], [962243.9331000017, 1959110.7876], [962211.5131000003, 1959136.8276000042], [962185.4415000011, 1959149.8822000022], [962184.8757000004, 1959150.1652000023], [962400.5213000017, 1959134.733900001], [962581.3577000012, 1959095.9504000016], [962608.9943000011, 1959093.3597000074], [962614.9127000018, 1959092.8049000022], [962637.9811000008, 1959107.4858000008], [962649.5153000015, 1959135.797500005], [962651.6299000003, 1959141.403900003], [962694.6025000007, 1959255.3373000005], [962732.3497000019, 1959392.702899999], [962742.5273000016, 1959441.2816999997], [962755.4169000001, 1959502.8049000015], [962840.8135000016, 1959570.3713000033], [962926.1959000004, 1959629.4804999991], [963013.7466000004, 1959711.6682999996], [963024.9881000004, 1959724.9534000002], [963044.6841000018, 1959751.3917999999], [963086.1773000017, 1959812.3322000038], [963096.5393000016, 1959890.385600002], [963097.6035000004, 1959898.3989999988], [963101.4827000017, 1959927.322300006], [963110.9519000009, 1959950.442400001], [963197.8243000004, 1960077.2923999997], [963274.9966000007, 1960170.1085000015], [963451.4359999999, 1960238.686100002], [963472.8720000023, 1960243.6263000015], [963477.6294000021, 1960243.8993000006], [963634.0458000021, 1960247.8253000025], [963645.9380000005, 1960247.7620999995], [963648.1548000018, 1960247.6581000015], [963653.0732000011, 1960247.4268999984], [963673.018000002, 1960244.8006999996], [963689.9104000026, 1960238.7999000014], [963695.1544000015, 1960237.395099999], [963697.7304000013, 1960236.7051000027], [963724.131400002, 1960230.1413000028], [963750.1174000009, 1960231.0577000035], [963771.9654000022, 1960231.8283000018], [963881.5072000017, 1960246.3825000022], [964192.320400001, 1960417.7645], [964223.1516000016, 1960521.225300001], [964232.2588000011, 1960597.9039000007], [964233.1381000015, 1960642.8518000017], [964496.5338000017, 1960574.5091999997], [964615.590000001, 1960581.7176], [964852.7728000015, 1960662.582200001], [964959.5008000017, 1960710.1217999994], [965181.2012000021, 1960731.3096000017]]]}, "properties": {"x": "964209", "y": "1959202", "adm_cd": "11110560", "adm_nm": "서울특별시 노원구 공릉2동"}}, {"type": "Feature", "geometry": {"type": "Polygon", "coordinates": [[[962635.308400002, 1960636.4752000005], [962656.291500001, 1960807.6898999985], [962657.1069000002, 1960828.8472000035], [962668.8569000005, 1960829.7224000008], [962694.7031000005, 1960820.3076000023], [962726.0961, 1960805.2393999982], [962770.7539000015, 1960779.3867999993], [963039.1935000006, 1960498.6216000002], [963248.3535000022, 1960222.6984999985], [963274.9966000007, 1960170.1085000015], [963197.8243000004, 1960077.2923999997], [963110.9519000009, 1959950.442400001], [963101.4827000017, 1959927.322300006], [963097.6035000004, 1959898.3989999988], [963096.5393000016, 1959890.385600002], [963086.1773000017, 1959812.3322000038], [963044.6841000018, 1959751.3917999999], [963024.9881000004, 1959724.9534000002], [963013.7466000004, 1959711.6682999996], [962926.1959000004, 1959629.4804999991], [962840.8135000016, 1959570.3713000033], [962755.4169000001, 1959502.8049000015], [962742.5273000016, 1959441.2816999997], [962732.3497000019, 1959392.702899999], [962694.6025000007, 1959255.3373000005], [962651.6299000003, 1959141.403900003], [962649.5153000015, 1959135.797500005], [962637.9811000008, 1959107.4858000008], [962614.9127000018, 1959092.8049000022], [962608.9943000011, 1959093.3597000074], [962581.3577000012, 1959095.9504000016], [962400.5213000017, 1959134.733900001], [962184.8757000004, 1959150.1652000023], [962090.3243000018, 1959189.1180000012], [961811.7606000013, 1960011.1125000035], [961923.2755000019, 1960050.275], [961995.8149000008, 1960075.7499000016], [962003.4293000008, 1960078.4283000012], [962004.8043000016, 1960078.9120000028], [962005.2491000005, 1960079.0684999982], [962189.7172999999, 1960467.4916000052], [962146.568, 1960735.9989000028], [962237.4124000013, 1960769.1360000018], [962256.9360000012, 1960776.2573999993], [962438.0599000009, 1960842.3234000038], [962439.3749000013, 1960842.8028000053], [962439.484900001, 1960842.5069999984], [962465.3821000012, 1960772.865600003], [962477.8752000008, 1960739.2698000008], [962482.9168000015, 1960725.7128000008], [962513.8735000016, 1960642.5229000028], [962521.4507000002, 1960642.145200001], [962619.8053000014, 1960637.2430000065], [962635.308400002, 1960636.4752000005]]]}, "properties": {"x": "962520", "y": "1959989", "adm_cd": "11110580", "adm_nm": "서울특별시 노원구 하계1동"}}, {"type": "Feature", "geometry": {"type": "Polygon", "coordinates": [[[961291.7104000009, 1959844.399300002], [961298.7664000022, 1959830.9525000036], [961811.7606000013, 1960011.1125000035], [962090.3243000018, 1959189.1180000012], [961937.1921, 1959203.6608000044], [961563.1540000013, 1959156.9115000013], [961555.157400002, 1959193.3207000014], [961551.6796000013, 1959208.9273000015], [961530.0056000017, 1959271.7688999996], [961515.6046000016, 1959312.8929000017], [961509.3890000024, 1959330.6062999992], [961398.5464000008, 1959437.8111000014], [961362.375600002, 1959470.6469000038], [961283.5166000014, 1959541.309699999], [961225.3436000022, 1959592.8747000005], [961113.2665999999, 1959782.3227000004], [961202.1922000019, 1960102.3661000007], [961291.7104000009, 1959844.399300002]]]}, "properties": {"x": "961619", "y": "1959690", "adm_cd": "11110590", "adm_nm": "서울특별시 노원구 하계2동"}}, {"type": "Feature", "geometry": {"type": "Polygon", "coordinates": [[[964042.7037000018, 1961855.3729], [964179.4525000015, 1961574.0657000025], [964187.4682999998, 1961548.1579000016], [964190.2773000007, 1961527.2443000015], [964189.7375000018, 1961513.7528999993], [964186.5569000018, 1961500.0875000022], [964120.9999000004, 1961314.2558999993], [964076.2294000013, 1961250.9352999995], [964049.9924000012, 1961213.8273999994], [964069.6155000011, 1961088.3957999998], [964216.6844000018, 1960685.673599999], [964233.1381000015, 1960642.8518000017], [964232.2588000011, 1960597.9039000007], [964223.1516000016, 1960521.225300001], [964192.320400001, 1960417.7645], [963881.5072000017, 1960246.3825000022], [963771.9654000022, 1960231.8283000018], [963750.1174000009, 1960231.0577000035], [963724.131400002, 1960230.1413000028], [963697.7304000013, 1960236.7051000027], [963695.1544000015, 1960237.395099999], [963689.9104000026, 1960238.7999000014], [963673.018000002, 1960244.8006999996], [963653.0732000011, 1960247.4268999984], [963648.1548000018, 1960247.6581000015], [963645.9380000005, 1960247.7620999995], [963634.0458000021, 1960247.8253000025], [963477.6294000021, 1960243.8993000006], [963472.8720000023, 1960243.6263000015], [963451.4359999999, 1960238.686100002], [963274.9966000007, 1960170.1085000015], [963248.3535000022, 1960222.6984999985], [963039.1935000006, 1960498.6216000002], [962770.7539000015, 1960779.3867999993], [962726.0961, 1960805.2393999982], [962694.7031000005, 1960820.3076000023], [962668.8569000005, 1960829.7224000008], [962657.1069000002, 1960828.8472000035], [962656.291500001, 1960807.6898999985], [962641.5422000012, 1960852.7996999992], [962663.1562000006, 1961325.8205999993], [962791.0734000012, 1961632.4686000007], [962988.3072000011, 1961763.4194000023], [963429.7416000005, 1961848.793299999], [963698.6693000003, 1961982.368300002], [963975.2381000018, 1962108.6947000022], [964042.7037000018, 1961855.3729]]]}, "properties": {"x": "963486", "y": "1961097", "adm_cd": "11110600", "adm_nm": "서울특별시 노원구 중계본동"}}, {"type": "Feature", "geometry": {"type": "Polygon", "coordinates": [[[962641.5422000012, 1960852.7996999992], [962656.291500001, 1960807.6898999985], [962635.308400002, 1960636.4752000005], [962619.8053000014, 1960637.2430000065], [962521.4507000002, 1960642.145200001], [962513.8735000016, 1960642.5229000028], [962482.9168000015, 1960725.7128000008], [962477.8752000008, 1960739.2698000008], [962465.3821000012, 1960772.865600003], [962439.484900001, 1960842.5069999984], [962439.3749000013, 1960842.8028000053], [962438.0599000009, 1960842.3234000038], [962256.9360000012, 1960776.2573999993], [962237.4124000013, 1960769.1360000018], [962146.568, 1960735.9989000028], [962087.5674000009, 1960895.4431], [962084.1412000019, 1960935.4163000023], [962083.5998000004, 1960944.5057000013], [962083.4082000025, 1960953.6232999992], [962083.3194000016, 1960987.5984999998], [962083.2308000005, 1961021.8185000005], [962083.1898000014, 1961042.3735000035], [962083.1816000004, 1961046.3994999996], [962082.7354000008, 1961067.7939000016], [962082.4208000014, 1961072.5537000005], [962081.5350000011, 1961080.7752999996], [962080.2888000014, 1961088.9488999993], [962078.702600002, 1961097.0643000007], [962076.7660000001, 1961105.1015000064], [962074.4992000018, 1961113.0505000013], [962071.8918000024, 1961120.891499999], [962070.5712000022, 1961124.4371000016], [962068.1214, 1961129.9381000013], [962065.1162000021, 1961136.2817000002], [962062.4860000017, 1961141.6837000023], [962060.3294000005, 1961145.963500003], [962056.9514000007, 1961151.7093000025], [962050.5712000018, 1961162.5291000032], [962038.9618000016, 1961178.7346000029], [962018.6580000017, 1961206.2951999996], [962010.4384000024, 1961217.4516000021], [961982.8540000012, 1961254.1843999992], [961959.8328000004, 1961282.9393000023], [961942.311000001, 1961304.8251], [961940.6131999996, 1961306.9457000005], [961938.7156000012, 1961309.3158000007], [961960.8447000016, 1961336.846100002], [962066.1008000022, 1961434.5999000054], [962116.7858000011, 1961500.8493000022], [962140.6668000006, 1961532.0639000032], [962201.3880000022, 1961636.6415000013], [962206.3841000015, 1961645.9165000012], [962210.2198000012, 1961653.0373000016], [962217.0680000021, 1961668.4057000005], [962217.348500002, 1961669.0788000005], [962224.1878000014, 1961686.7455000002], [962229.6004000017, 1961704.1621000078], [962231.9158000008, 1961712.5691000056], [962232.8366000007, 1961715.9124999987], [962235.7462000014, 1961729.388900001], [962236.9686000012, 1961735.1931000007], [962239.0998000021, 1961746.283700001], [962244.4620000016, 1961775.3121000011], [962248.2186000008, 1961810.868899998], [962249.3150000004, 1961826.606100006], [962249.4258000012, 1961828.4689000023], [962447.053600002, 1961790.0591000025], [962698.1298000023, 1961760.9767000014], [962791.0734000012, 1961632.4686000007], [962663.1562000006, 1961325.8205999993], [962641.5422000012, 1960852.7996999992]]]}, "properties": {"x": "962378", "y": "1961287", "adm_cd": "11110610", "adm_nm": "서울특별시 노원구 중계1동"}}, {"type": "Feature", "geometry": {"type": "Polygon", "coordinates": [[[964204.3843000006, 1962720.8420999998], [964164.9942000012, 1962647.4742999994], [964125.666100002, 1962574.2223000028], [964029.5541000017, 1962443.532900001], [963943.5885000012, 1962282.1453000014], [963936.4783000014, 1962161.0725000016], [963975.2381000018, 1962108.6947000022], [963698.6693000003, 1961982.368300002], [963429.7416000005, 1961848.793299999], [962988.3072000011, 1961763.4194000023], [962791.0734000012, 1961632.4686000007], [962698.1298000023, 1961760.9767000014], [962447.053600002, 1961790.0591000025], [962249.4258000012, 1961828.4689000023], [962242.3596000012, 1962156.7469000013], [962242.6738000012, 1962180.0361000006], [962245.2204000013, 1962202.9109000042], [962252.2484000011, 1962223.9165000012], [962254.0258000034, 1962229.2051000013], [962451.9356000011, 1962573.984700005], [962456.3768000009, 1962578.8411000022], [962488.6658000016, 1962614.1447000003], [962507.2152000021, 1962634.4259000008], [962511.2384000015, 1962638.689900003], [962536.9012000002, 1962665.8861000007], [962564.5512000016, 1962666.759100001], [962572.2558000006, 1962646.6753000002], [962649.1496000008, 1962632.1519000025], [962801.779700001, 1962611.8910000008], [962849.9004000004, 1962614.4131000028], [962864.3174000009, 1962615.4329], [963212.676, 1962656.5029000035], [963307.5214000011, 1962743.977500002], [963374.0962, 1962831.4373000024], [963375.6603000008, 1962831.705200002], [963475.164000001, 1962841.6552999998], [963744.116200001, 1962868.547500003], [963992.2538000003, 1962812.5500999996], [964316.5473000006, 1962785.907900001], [964204.3843000006, 1962720.8420999998]]]}, "properties": {"x": "963171", "y": "1962282", "adm_cd": "11110640", "adm_nm": "서울특별시 노원구 중계4동"}}, {"type": "Feature", "geometry": {"type": "Polygon", "coordinates": [[[963311.9480999997, 1966116.2219999996], [963426.9987000003, 1965729.962400002], [963366.9993000007, 1965657.7996000026], [963182.9145000016, 1965522.6091000016], [963104.3029, 1965484.1970000037], [962922.4011000008, 1965464.1733000022], [962851.7773000005, 1965404.3058000053], [962580.0506999999, 1965141.9048000008], [962582.3037000014, 1965129.9313999987], [962599.7103000011, 1965037.4283000007], [962607.4477000025, 1964996.3099000005], [962558.764300002, 1964801.8083000015], [962546.6803000013, 1964754.1578000034], [962418.727300002, 1964277.5893999997], [962408.201100002, 1964263.6616000019], [962173.5493000004, 1963959.060699998], [961978.0970000012, 1963922.4663000014], [961883.4586000039, 1963929.54], [961781.942400004, 1963904.2692000044], [961727.7173000014, 1963694.9067000037], [961714.5591999994, 1963610.3034999995], [961678.5075000015, 1963564.541600002], [961611.0523000001, 1963536.9968000012], [961599.1028000035, 1963536.6813000017], [961527.9759000007, 1963534.8044000017], [961440.3567000028, 1963561.2665000046], [961341.1585000011, 1963617.3799000003], [961320.783700001, 1963655.4520000007], [961306.5021000024, 1963683.501300002], [961307.7853000015, 1963689.4324000017], [961317.109900001, 1963732.5295000006], [961324.5835000032, 1963765.6892999997], [961305.7389000019, 1963781.3278000024], [961269.0059000003, 1963775.7441], [961180.9783000015, 1963740.632600007], [961073.198500003, 1963658.4115999984], [960865.4224000014, 1963535.0225000042], [960255.7191000006, 1963614.1776000033], [960152.919400001, 1963614.7079000017], [960166.5098000003, 1963731.5754000023], [960167.8077000005, 1963742.6986000007], [960205.6654000017, 1963981.8286000015], [960240.8661000015, 1964110.5530000003], [960362.7383000021, 1964518.278799999], [960509.7579000016, 1964917.6558000026], [960511.2613000018, 1964928.571600007], [960517.190000002, 1964972.1508000004], [960520.4541000016, 1964996.4572000024], [960525.9688000011, 1965039.1050000023], [960530.0621000008, 1965071.182000003], [960528.3308000013, 1965080.9785999996], [960524.9950000013, 1965099.2015999993], [960516.8301000011, 1965142.229800003], [960516.2527000011, 1965144.0121999995], [960511.4074000006, 1965157.5500000007], [960503.0487000006, 1965180.8446], [960491.7213000017, 1965212.3062000005], [960481.679700001, 1965235.9304000058], [960482.8751000003, 1965374.824000001], [960505.6025000007, 1965398.6940000006], [960513.0157000009, 1965406.3708000001], [960520.3501000013, 1965413.9228000003], [960732.9177000022, 1965553.2704000012], [960869.5911000005, 1965610.146800002], [961064.9463000012, 1965662.6495999985], [961177.2369000015, 1965733.8072000006], [961403.2463000003, 1966007.1577999992], [961417.3551000025, 1966031.3866000022], [961417.9193000006, 1966043.6908000018], [961420.005300001, 1966089.3186000034], [961438.6125, 1966166.5966000005], [961450.3318999999, 1966214.4852000033], [961479.2369000013, 1966228.0142000017], [961508.1313, 1966241.506200003], [961765.463100002, 1966187.038800003], [961962.7193000014, 1966137.1626000004], [962015.7277000006, 1966102.4277999992], [962168.0641000017, 1966102.8964000004], [962324.9241000022, 1966113.213], [962367.3541000003, 1966132.5740000065], [962390.371900001, 1966146.3521999996], [962424.4651000003, 1966189.7796000023], [962437.5337000011, 1966206.4225999997], [962486.7607000023, 1966246.7394000017], [962523.9327000009, 1966269.8758000003], [962814.3159000006, 1966353.6427999996], [963070.8108000017, 1966369.240099999], [963311.9480999997, 1966116.2219999996]]]}, "properties": {"x": "961657", "y": "1964953", "adm_cd": "11110650", "adm_nm": "서울특별시 노원구 상계1동"}}, {"type": "Feature", "geometry": {"type": "Polygon", "coordinates": [[[961906.0650000004, 1962395.9841000005], [962242.3596000012, 1962156.7469000013], [962249.4258000012, 1961828.4689000023], [962249.3150000004, 1961826.606100006], [962248.2186000008, 1961810.868899998], [962244.4620000016, 1961775.3121000011], [962239.0998000021, 1961746.283700001], [962236.9686000012, 1961735.1931000007], [962235.7462000014, 1961729.388900001], [962232.8366000007, 1961715.9124999987], [962231.9158000008, 1961712.5691000056], [962229.6004000017, 1961704.1621000078], [962224.1878000014, 1961686.7455000002], [962217.348500002, 1961669.0788000005], [962217.0680000021, 1961668.4057000005], [962210.2198000012, 1961653.0373000016], [962206.3841000015, 1961645.9165000012], [962201.3880000022, 1961636.6415000013], [962140.6668000006, 1961532.0639000032], [962116.7858000011, 1961500.8493000022], [962066.1008000022, 1961434.5999000054], [961960.8447000016, 1961336.846100002], [961837.7518000004, 1961763.5321000018], [961835.5838000022, 1961772.6171000018], [961830.1513000004, 1961795.3775], [961825.2598000006, 1961815.8707000003], [961820.9512000016, 1961833.4041000034], [961813.4401000016, 1961863.9681000025], [961806.0960000007, 1961893.8507000012], [961754.0576000016, 1961880.1631000023], [961629.1704000018, 1961847.0351000023], [961610.7682, 1961841.4377000001], [961522.9554000022, 1961816.1577], [961443.9746000008, 1961793.9876999995], [961242.2490000003, 1961738.2778999996], [961209.8972000005, 1961888.3505000009], [961339.958400002, 1961927.341700002], [961340.1540000017, 1961927.4009000012], [961422.4328000003, 1962250.5791000016], [961602.075200001, 1962279.4457000007], [961632.7788000014, 1962292.2593000007], [961650.7906000002, 1962299.7769000027], [961651.0292000012, 1962300.938300001], [961654.8244000024, 1962319.425699999], [961657.5090000012, 1962332.5035], [961661.0712000013, 1962349.8626999995], [961676.2868000016, 1962430.0340999991], [961690.5122000019, 1962504.990499998], [961681.5310000025, 1962509.293900001], [961686.0934000015, 1962540.1213000042], [961906.0650000004, 1962395.9841000005]]]}, "properties": {"x": "961832", "y": "1962180", "adm_cd": "11110660", "adm_nm": "서울특별시 노원구 상계2동"}}, {"type": "Feature", "geometry": {"type": "Polygon", "coordinates": [[[961772.5092000009, 1963188.0301000031], [961928.6361999998, 1963236.6456999993], [961929.4570000013, 1963237.2257000003], [961952.749600001, 1963253.6868999987], [961949.9412000016, 1963279.7053000028], [961830.4264000002, 1963545.2287000024], [961779.8080000003, 1963595.342100001], [961731.977900001, 1963606.3098999995], [961714.5591999994, 1963610.3034999995], [961727.7173000014, 1963694.9067000037], [961781.942400004, 1963904.2692000044], [961883.4586000039, 1963929.54], [961978.0970000012, 1963922.4663000014], [962290.672000004, 1963619.6152999988], [962300.6436000009, 1963609.9539000024], [962423.8076000011, 1963369.9116999977], [962209.3763000017, 1963081.9918000028], [962346.8997000016, 1962956.0171999992], [962577.4482000023, 1962736.9210999988], [962564.5512000016, 1962666.759100001], [962536.9012000002, 1962665.8861000007], [962511.2384000015, 1962638.689900003], [962507.2152000021, 1962634.4259000008], [962488.6658000016, 1962614.1447000003], [962456.3768000009, 1962578.8411000022], [962451.9356000011, 1962573.984700005], [962254.0258000034, 1962229.2051000013], [962252.2484000011, 1962223.9165000012], [962245.2204000013, 1962202.9109000042], [962242.6738000012, 1962180.0361000006], [962242.3596000012, 1962156.7469000013], [961906.0650000004, 1962395.9841000005], [961686.0934000015, 1962540.1213000042], [961772.5092000009, 1963188.0301000031]]]}, "properties": {"x": "962080", "y": "1963009", "adm_cd": "11110690", "adm_nm": "서울특별시 노원구 상계5동"}}, {"type": "Feature", "geometry": {"type": "Polygon", "coordinates": [[[960255.7191000006, 1963614.1776000033], [960865.4224000014, 1963535.0225000042], [961001.0624000011, 1962873.764700001], [960984.4400000011, 1962870.4836999988], [960984.6244000013, 1962869.5703999996], [961017.0882000003, 1962708.7921], [961038.9772000007, 1962600.3865000005], [961048.0256000006, 1962555.5751000014], [961035.1581000008, 1962541.6192000054], [961018.4560000009, 1962523.5045000017], [960962.7287999999, 1962529.4687000022], [960807.7108000009, 1962546.0723000006], [960679.9437000011, 1962559.7573000006], [960459.5124000026, 1962583.371900002], [960457.7194000015, 1962734.0522000007], [960457.4579000005, 1962744.4690000005], [960455.8236000008, 1962809.5699000002], [960455.7280000015, 1962813.3780000024], [960451.8973000024, 1962813.4002999985], [960423.0615999999, 1962813.567400001], [960414.2278000012, 1962813.618600003], [960222.6329000008, 1963205.4800000023], [960207.7982000005, 1963267.7517999997], [960183.0882000006, 1963391.2898999995], [960152.919400001, 1963614.7079000017], [960255.7191000006, 1963614.1776000033]]]}, "properties": {"x": "960623", "y": "1963094", "adm_cd": "11110720", "adm_nm": "서울특별시 노원구 상계8동"}}, {"type": "Feature", "geometry": {"type": "Polygon", "coordinates": [[[961317.109900001, 1963732.5295000006], [961307.7853000015, 1963689.4324000017], [961306.5021000024, 1963683.501300002], [961320.783700001, 1963655.4520000007], [961341.1585000011, 1963617.3799000003], [961440.3567000028, 1963561.2665000046], [961527.9759000007, 1963534.8044000017], [961599.1028000035, 1963536.6813000017], [961611.0523000001, 1963536.9968000012], [961678.5075000015, 1963564.541600002], [961714.5591999994, 1963610.3034999995], [961731.977900001, 1963606.3098999995], [961779.8080000003, 1963595.342100001], [961830.4264000002, 1963545.2287000024], [961949.9412000016, 1963279.7053000028], [961952.749600001, 1963253.6868999987], [961929.4570000013, 1963237.2257000003], [961928.6361999998, 1963236.6456999993], [961772.5092000009, 1963188.0301000031], [961686.0934000015, 1962540.1213000042], [961681.5310000025, 1962509.293900001], [961451.7412000021, 1962535.5563000017], [961502.1690000006, 1962896.4222999997], [961497.3882000027, 1962898.557499998], [961472.334600003, 1962909.7446999985], [961425.8088000002, 1962930.0665000007], [961424.0830000018, 1962930.6740999995], [961408.1418000043, 1962936.2859000019], [961389.6852000019, 1962940.1447000038], [961359.4078000011, 1962943.7085000018], [961336.9298000016, 1962941.4459000009], [961001.0624000011, 1962873.764700001], [960865.4224000014, 1963535.0225000042], [961073.198500003, 1963658.4115999984], [961180.9783000015, 1963740.632600007], [961269.0059000003, 1963775.7441], [961305.7389000019, 1963781.3278000024], [961324.5835000032, 1963765.6892999997], [961317.109900001, 1963732.5295000006]]]}, "properties": {"x": "961341", "y": "1963321", "adm_cd": "11110730", "adm_nm": "서울특별시 노원구 상계9동"}}, {"type": "Feature", "geometry": {"type": "Polygon", "coordinates": [[[961451.7412000021, 1962535.5563000017], [961681.5310000025, 1962509.293900001], [961690.5122000019, 1962504.990499998], [961676.2868000016, 1962430.0340999991], [961661.0712000013, 1962349.8626999995], [961657.5090000012, 1962332.5035], [961654.8244000024, 1962319.425699999], [961651.0292000012, 1962300.938300001], [961650.7906000002, 1962299.7769000027], [961632.7788000014, 1962292.2593000007], [961602.075200001, 1962279.4457000007], [961422.4328000003, 1962250.5791000016], [961340.1540000017, 1961927.4009000012], [961339.958400002, 1961927.341700002], [961209.8972000005, 1961888.3505000009], [960664.0737000015, 1961760.049599999], [960663.6662000003, 1961771.0206000027], [960660.2770999996, 1961849.5490000034], [960609.1250000012, 1962094.0302000013], [960608.5797000013, 1962095.7694000015], [960467.262400002, 1962438.7738000024], [960459.5124000026, 1962583.371900002], [960679.9437000011, 1962559.7573000006], [960807.7108000009, 1962546.0723000006], [960962.7287999999, 1962529.4687000022], [961018.4560000009, 1962523.5045000017], [961035.1581000008, 1962541.6192000054], [961048.0256000006, 1962555.5751000014], [961038.9772000007, 1962600.3865000005], [961017.0882000003, 1962708.7921], [960984.6244000013, 1962869.5703999996], [960984.4400000011, 1962870.4836999988], [961001.0624000011, 1962873.764700001], [961336.9298000016, 1962941.4459000009], [961359.4078000011, 1962943.7085000018], [961389.6852000019, 1962940.1447000038], [961408.1418000043, 1962936.2859000019], [961424.0830000018, 1962930.6740999995], [961425.8088000002, 1962930.0665000007], [961472.334600003, 1962909.7446999985], [961497.3882000027, 1962898.557499998], [961502.1690000006, 1962896.4222999997], [961451.7412000021, 1962535.5563000017]]]}, "properties": {"x": "960968", "y": "1962340", "adm_cd": "11110740", "adm_nm": "서울특별시 노원구 상계10동"}}, {"type": "Feature", "geometry": {"type": "Polygon", "coordinates": [[[963791.7863000017, 1965659.1054999996], [963905.1591999999, 1965638.094800001], [964062.1933000009, 1965676.5085000014], [964119.7357000003, 1965679.9509000005], [964301.1163000001, 1965614.6355000008], [964380.2123000013, 1965579.4781000004], [964390.3929000018, 1965435.9122000006], [964405.6890000008, 1965368.4225000003], [964416.7114000018, 1965267.9020000014], [964416.5506000018, 1965244.5358000025], [964416.2327000007, 1965198.3679000032], [964361.682100002, 1965087.981600001], [964359.8178000019, 1965086.114900004], [964305.5653000015, 1965031.792700005], [964226.8740000003, 1964953.0005999994], [964105.3060000008, 1964746.382200002], [964018.4152000013, 1964484.7872000036], [964017.7316000017, 1964429.5617000023], [964039.2850000014, 1964355.9745000023], [964064.6712999998, 1964312.9187999996], [964076.4731000016, 1964294.1755999993], [964156.8654000005, 1964212.185500002], [964194.4854000008, 1964087.5951999999], [964349.5832000005, 1963532.4488000004], [964272.0416000017, 1963161.3419000027], [964244.4388000006, 1963039.4765999995], [964252.6038000019, 1962900.6423000018], [964316.5473000006, 1962785.907900001], [963992.2538000003, 1962812.5500999996], [963744.116200001, 1962868.547500003], [963475.164000001, 1962841.6552999998], [963375.6603000008, 1962831.705200002], [963374.0962, 1962831.4373000024], [963307.5214000011, 1962743.977500002], [963212.676, 1962656.5029000035], [962864.3174000009, 1962615.4329], [962849.9004000004, 1962614.4131000028], [962801.779700001, 1962611.8910000008], [962649.1496000008, 1962632.1519000025], [962572.2558000006, 1962646.6753000002], [962564.5512000016, 1962666.759100001], [962577.4482000023, 1962736.9210999988], [962346.8997000016, 1962956.0171999992], [962209.3763000017, 1963081.9918000028], [962423.8076000011, 1963369.9116999977], [962300.6436000009, 1963609.9539000024], [962290.672000004, 1963619.6152999988], [961978.0970000012, 1963922.4663000014], [962173.5493000004, 1963959.060699998], [962408.201100002, 1964263.6616000019], [962418.727300002, 1964277.5893999997], [962546.6803000013, 1964754.1578000034], [962558.764300002, 1964801.8083000015], [962607.4477000025, 1964996.3099000005], [962599.7103000011, 1965037.4283000007], [962582.3037000014, 1965129.9313999987], [962580.0506999999, 1965141.9048000008], [962851.7773000005, 1965404.3058000053], [962922.4011000008, 1965464.1733000022], [963104.3029, 1965484.1970000037], [963182.9145000016, 1965522.6091000016], [963366.9993000007, 1965657.7996000026], [963426.9987000003, 1965729.962400002], [963546.091500002, 1965676.442100002], [963715.6261000002, 1965674.6342999989], [963735.7468000017, 1965670.5318000014], [963791.7863000017, 1965659.1054999996]]]}, "properties": {"x": "963337", "y": "1964112", "adm_cd": "11110760", "adm_nm": "서울특별시 노원구 상계3·4동"}}, {"type": "Feature", "geometry": {"type": "Polygon", "coordinates": [[[961837.7518000004, 1961763.5321000018], [961960.8447000016, 1961336.846100002], [961938.7156000012, 1961309.3158000007], [961813.2126000017, 1961230.9774999989], [961623.0816000018, 1961059.4451000018], [961329.0626000003, 1960752.3762999987], [961309.4396000013, 1960714.8696999983], [961301.7858000004, 1960692.9518999998], [961283.5268000023, 1960640.6643000015], [961278.5554000008, 1960588.8820999996], [961268.7456000003, 1960424.6657000007], [961237.2565000011, 1960236.1223999993], [961202.1922000019, 1960102.3661000007], [961113.2665999999, 1959782.3227000004], [960808.8339000026, 1960220.6428000026], [960783.4448999998, 1960255.2212000028], [960781.144100003, 1960258.3551999994], [960751.8576000022, 1960298.2498000017], [960750.9593000005, 1960306.7684000018], [960746.6173000045, 1960349.5713999995], [960743.749200001, 1960377.9340000052], [960740.5473000014, 1960412.909800002], [960754.8178000014, 1960534.2383999992], [960755.0451000015, 1960535.4187999992], [960759.1031000009, 1960547.3818000003], [960766.5407000002, 1960568.881200001], [960793.0451000019, 1960644.0360000078], [960798.8996000014, 1960660.5196000012], [960799.107300001, 1960661.3972000023], [960801.7475000005, 1960687.0485999994], [960808.2376000002, 1960750.3502000067], [960814.5133000007, 1960812.2415999984], [960816.7160000002, 1960837.0140000023], [960818.5425000017, 1960857.5571999997], [960818.6769000005, 1960859.2435000073], [960820.5649000016, 1960882.9660000075], [960820.2593, 1960887.3290000001], [960819.696900002, 1960894.3672000032], [960816.4151000007, 1960933.291000002], [960811.9475000019, 1960952.2568000006], [960808.3318999999, 1960967.0984], [960784.1316999998, 1961061.8694000007], [960782.9903000016, 1961065.6730000004], [960764.3839000016, 1961105.4510000001], [960757.574900002, 1961119.8338000025], [960724.0125000015, 1961189.8230000036], [960701.4650999998, 1961232.1520000044], [960693.0125000018, 1961246.126599999], [960676.0661000025, 1961274.3682000006], [960673.8410000013, 1961278.1876000012], [960661.0953000021, 1961304.7832000009], [960653.0477000003, 1961321.7880000002], [960652.9123000007, 1961322.074200001], [960652.6203000003, 1961322.8155999992], [960641.8205000018, 1961386.5860000006], [960641.6466000011, 1961388.3264000034], [960634.6235999996, 1961488.6109999993], [960634.5744000017, 1961489.9118000036], [960658.294800001, 1961674.4834000017], [960664.0737000015, 1961760.049599999], [961209.8972000005, 1961888.3505000009], [961242.2490000003, 1961738.2778999996], [961443.9746000008, 1961793.9876999995], [961522.9554000022, 1961816.1577], [961610.7682, 1961841.4377000001], [961629.1704000018, 1961847.0351000023], [961754.0576000016, 1961880.1631000023], [961806.0960000007, 1961893.8507000012], [961813.4401000016, 1961863.9681000025], [961820.9512000016, 1961833.4041000034], [961825.2598000006, 1961815.8707000003], [961830.1513000004, 1961795.3775], [961835.5838000022, 1961772.6171000018], [961837.7518000004, 1961763.5321000018]]]}, "properties": {"x": "961195", "y": "1961114", "adm_cd": "11110770", "adm_nm": "서울특별시 노원구 상계6·7동"}}, {"type": "Feature", "geometry": {"type": "Polygon", "coordinates": [[[961298.7664000022, 1959830.9525000036], [961291.7104000009, 1959844.399300002], [961202.1922000019, 1960102.3661000007], [961237.2565000011, 1960236.1223999993], [961268.7456000003, 1960424.6657000007], [961278.5554000008, 1960588.8820999996], [961283.5268000023, 1960640.6643000015], [961301.7858000004, 1960692.9518999998], [961309.4396000013, 1960714.8696999983], [961329.0626000003, 1960752.3762999987], [961623.0816000018, 1961059.4451000018], [961813.2126000017, 1961230.9774999989], [961938.7156000012, 1961309.3158000007], [961940.6131999996, 1961306.9457000005], [961942.311000001, 1961304.8251], [961959.8328000004, 1961282.9393000023], [961982.8540000012, 1961254.1843999992], [962010.4384000024, 1961217.4516000021], [962018.6580000017, 1961206.2951999996], [962038.9618000016, 1961178.7346000029], [962050.5712000018, 1961162.5291000032], [962056.9514000007, 1961151.7093000025], [962060.3294000005, 1961145.963500003], [962062.4860000017, 1961141.6837000023], [962065.1162000021, 1961136.2817000002], [962068.1214, 1961129.9381000013], [962070.5712000022, 1961124.4371000016], [962071.8918000024, 1961120.891499999], [962074.4992000018, 1961113.0505000013], [962076.7660000001, 1961105.1015000064], [962078.702600002, 1961097.0643000007], [962080.2888000014, 1961088.9488999993], [962081.5350000011, 1961080.7752999996], [962082.4208000014, 1961072.5537000005], [962082.7354000008, 1961067.7939000016], [962083.1816000004, 1961046.3994999996], [962083.1898000014, 1961042.3735000035], [962083.2308000005, 1961021.8185000005], [962083.3194000016, 1960987.5984999998], [962083.4082000025, 1960953.6232999992], [962083.5998000004, 1960944.5057000013], [962084.1412000019, 1960935.4163000023], [962087.5674000009, 1960895.4431], [962146.568, 1960735.9989000028], [962189.7172999999, 1960467.4916000052], [962005.2491000005, 1960079.0684999982], [962004.8043000016, 1960078.9120000028], [962003.4293000008, 1960078.4283000012], [961995.8149000008, 1960075.7499000016], [961923.2755000019, 1960050.275], [961811.7606000013, 1960011.1125000035], [961298.7664000022, 1959830.9525000036]]]}, "properties": {"x": "961711", "y": "1960521", "adm_cd": "11110780", "adm_nm": "서울특별시 노원구 중계2·3동"}}, {"type": "Feature", "geometry": {"type": "Polygon", "coordinates": [[[961937.1921, 1959203.6608000044], [962090.3243000018, 1959189.1180000012], [962184.8757000004, 1959150.1652000023], [962185.4415000011, 1959149.8822000022], [962211.5131000003, 1959136.8276000042], [962243.9331000017, 1959110.7876], [962483.6647000017, 1958902.5721000016], [962512.3591000016, 1958874.8600000013], [962523.5987000007, 1958864.0041000012], [962539.4513000015, 1958846.456199999], [962551.5331000006, 1958833.0815000008], [962611.7363000012, 1958748.0221999988], [962617.1701000002, 1958737.8533000008], [962632.5339000003, 1958709.0989000006], [962634.4231000021, 1958705.5628999998], [962644.6667000016, 1958683.423200003], [962647.3735000001, 1958677.5727999997], [962651.7039000015, 1958668.2108000012], [962662.7159000017, 1958640.296000002], [962684.3111000017, 1958585.5525999996], [962690.5323000008, 1958569.7817000048], [962694.425, 1958557.5179000031], [962704.4659000004, 1958525.7145000026], [962712.8350999999, 1958489.9442000045], [962720.5877000005, 1958449.1573000022], [962729.9843000014, 1958371.8497000032], [962732.6511000019, 1958349.9088999992], [962736.5824999997, 1958317.5613000032], [962737.8976999999, 1958306.7352000023], [962739.2467000011, 1958295.3557999977], [962741.0407000011, 1958280.2195999988], [962747.0791000002, 1958229.2722000014], [962747.3514000012, 1958226.9731000015], [962751.6779000016, 1958190.438400002], [962752.0713000009, 1958187.1443000012], [962765.0427000022, 1958128.6158000021], [962772.8733000013, 1958102.5920000025], [962784.8802000014, 1958069.875400002], [962787.4215000023, 1958062.9514000025], [962804.6915000014, 1958035.9942000029], [962804.9743000017, 1958035.6631000044], [962813.9879000018, 1958025.156100001], [962819.5843000009, 1958018.8691000063], [962830.6145000013, 1958006.4781000013], [962852.5075000012, 1957981.8842000011], [962854.3951000005, 1957979.9761000033], [962874.4605000014, 1957962.8324000007], [962895.3371000022, 1957947.9584000006], [963082.189900001, 1957829.9588000025], [962562.9415000009, 1957619.2294000012], [962333.8673000012, 1957554.758199999], [962224.0973000014, 1957541.6993999996], [962214.1391000015, 1957539.6370000015], [962195.0515000002, 1957533.6426], [962173.5255000005, 1957526.8336000005], [962157.647900001, 1957517.9828000022], [962155.3095000011, 1957516.6792000015], [962067.7291000005, 1957421.1704000006], [962079.5923000008, 1957717.1846000017], [962125.2265000015, 1957945.6060000043], [962117.9657000003, 1958051.854600003], [962089.7475000012, 1958147.124299998], [962035.484900001, 1958315.5835999988], [962011.7975000015, 1958406.7846], [961990.1291000016, 1958452.9766000018], [961969.0137000002, 1958482.0140000023], [961945.8445000018, 1958513.8757000037], [961917.5661000025, 1958541.6816000054], [961863.3067000005, 1958595.0337999999], [961813.3463000024, 1958643.0001999992], [961796.7557000014, 1958658.9135999994], [961788.3583000007, 1958666.9680000017], [961757.6841000024, 1958693.7460000017], [961695.5065000012, 1958747.1812000019], [961652.8876000005, 1958782.0853000004], [961643.3869000007, 1958789.8662999999], [961636.6904999998, 1958795.350600001], [961624.5718, 1958806.532900004], [961622.2197000023, 1958808.7034000026], [961604.1627000007, 1958831.8467999992], [961568.621100001, 1958877.4003000013], [961568.203700002, 1958878.2452000035], [961563.0199000011, 1958946.2161999997], [961562.6645000002, 1958988.0773], [961562.6591, 1958998.7294000015], [961563.1540000013, 1959156.9115000013], [961937.1921, 1959203.6608000044]]]}, "properties": {"x": "962380", "y": "1958385", "adm_cd": "11110790", "adm_nm": "서울특별시 노원구 공릉1동"}}, {"type": "Feature", "geometry": {"type": "Polygon", "coordinates": [[[950857.9981000015, 1956888.533500001], [950939.5911000009, 1956914.9486000012], [950981.7505000016, 1956920.6506000008], [951031.8337000014, 1956927.424000006], [951114.0309000013, 1956938.193399999], [951174.9455000011, 1956899.6696000004], [951190.8945000026, 1956889.583000001], [951237.4409000002, 1956820.5409999988], [951293.7555000022, 1956721.7481999993], [951191.0465000022, 1956667.6526000048], [951190.4845000013, 1956667.3565999982], [950908.2087000019, 1956466.4890999994], [950898.8403000023, 1956458.4526000032], [950759.4197000014, 1956316.9750000022], [950566.9985000006, 1956111.5018000025], [950560.651700001, 1956095.9132000026], [950559.4479000008, 1956092.9564999982], [950552.829100001, 1956076.6997999987], [950555.0997000013, 1955975.3046000006], [950605.1747000021, 1955939.255200001], [950663.8285000008, 1955892.5522000005], [950664.7065000017, 1955891.853000002], [950691.7421000015, 1955840.1780999997], [950644.5663000008, 1955623.0579999997], [950638.8467000003, 1955618.6326000053], [950625.2541000014, 1955608.1160000023], [950537.4397999998, 1955541.0168000013], [950453.1895000006, 1955491.8718000024], [950446.1640999998, 1955503.7460000028], [950423.7515000008, 1955541.6270000034], [950197.5271000013, 1955857.8452000055], [950108.7265000006, 1955886.8443000005], [949668.878900002, 1955942.4638000024], [949580.6161000003, 1955952.846800001], [948870.6729000015, 1955967.7418000023], [949048.4658000022, 1956493.352900004], [949070.8599000003, 1956524.9010000003], [949074.7015000007, 1956529.8556000022], [949117.402900002, 1956582.5616999993], [949387.0391000011, 1956755.968500005], [949399.2401000017, 1956762.8252000036], [949441.2817000012, 1956781.797200001], [949486.7355000012, 1956763.9860000026], [949502.5959000016, 1956751.901000001], [949512.0419000001, 1956744.7036000025], [949559.3075000006, 1956708.9186000014], [949576.8941000012, 1956706.2532000013], [949578.6925000002, 1956706.0112000024], [949600.0991000007, 1956703.1311000045], [949621.6557000009, 1956700.4984000016], [949690.8753000007, 1956705.1267000083], [949703.1483000002, 1956708.4056000009], [949718.3203000003, 1956712.4592000078], [949775.8017000007, 1956727.9584000031], [949801.8009000013, 1956737.1168000046], [949813.7111000001, 1956741.5150000034], [949816.6959000004, 1956743.772400002], [949818.1893000016, 1956744.9020000012], [949941.2569000013, 1956813.604400001], [950494.5053000008, 1956945.431700002], [950657.230900002, 1956955.773400001], [950659.5223000012, 1956955.5841000013], [950716.0637000006, 1956950.9129000055], [950857.9981000015, 1956888.533500001]]]}, "properties": {"x": "950079", "y": "1956363", "adm_cd": "11120510", "adm_nm": "서울특별시 은평구 녹번동"}}, {"type": "Feature", "geometry": {"type": "Polygon", "coordinates": [[[950781.0267000003, 1958659.4143999992], [950999.163700002, 1958658.7857000027], [951246.8087000005, 1958652.272000003], [951366.8363000004, 1958629.9723999999], [951441.3126000001, 1958574.8337999983], [951377.7693000012, 1958463.2651999998], [951368.0433000012, 1958344.3404000006], [951447.6153999999, 1957905.312000001], [951524.1809000004, 1957486.3583999998], [951529.4774000009, 1957298.9798000008], [951526.6679000019, 1957282.145200001], [951523.5377000006, 1957263.3904000013], [951500.7187000003, 1957190.4874000002], [951461.0460000003, 1957098.741299999], [951446.1645000015, 1957064.326400001], [951442.6343, 1957056.161999999], [951489.097700001, 1956941.2112000037], [951293.7555000022, 1956721.7481999993], [951237.4409000002, 1956820.5409999988], [951190.8945000026, 1956889.583000001], [951174.9455000011, 1956899.6696000004], [951114.0309000013, 1956938.193399999], [951031.8337000014, 1956927.424000006], [950981.7505000016, 1956920.6506000008], [950939.5911000009, 1956914.9486000012], [950857.9981000015, 1956888.533500001], [950716.0637000006, 1956950.9129000055], [950659.5223000012, 1956955.5841000013], [950657.230900002, 1956955.773400001], [950494.5053000008, 1956945.431700002], [949941.2569000013, 1956813.604400001], [949818.1893000016, 1956744.9020000012], [949692.7381000014, 1956924.545200001], [949602.2171000021, 1957048.4037999986], [949541.4653000021, 1957114.6993999993], [949407.8467000013, 1957311.4068000019], [949378.1335000007, 1957355.2826000038], [949337.3170999996, 1957418.096600002], [949332.8317000002, 1957424.2882000015], [949330.0019000003, 1957428.1087999984], [949329.2783000005, 1957429.0856000013], [949324.9479000014, 1957434.346400002], [949318.7797000001, 1957441.5906000012], [949229.8913000016, 1957533.8952000015], [949228.5295000004, 1957535.1004000022], [949222.9365000017, 1957540.0502000013], [949214.8561000021, 1957545.0610000037], [949213.0569000017, 1957545.888], [949206.1205000016, 1957549.0761999995], [949197.105500001, 1957551.2958000018], [949195.4483000012, 1957551.7038000033], [949183.398700001, 1957556.5940000038], [949178.5415000005, 1957558.6590000005], [949135.3739000016, 1957597.5842000023], [949124.6505000014, 1957607.487600002], [949054.2961, 1957679.055400001], [949032.8945000023, 1957709.1264000018], [949027.6943000013, 1957716.4332000024], [949013.9139000019, 1957736.1192000024], [949010.6799000003, 1957740.7648000005], [948927.2057000003, 1957867.9121000008], [948925.6477, 1957869.0372000022], [949076.2561000007, 1957976.935399999], [949096.2785000005, 1957989.3399000019], [949355.5165000015, 1958140.2114000015], [949381.8093000005, 1958142.401400002], [949436.0039000013, 1958142.6679000012], [949848.1119000008, 1958137.905600002], [950120.525700001, 1958099.1060000032], [950140.8777000022, 1958083.2133999998], [950306.4725000019, 1957991.1630000032], [950363.3091000023, 1958006.3296000008], [950401.0630000008, 1958024.8731999996], [950433.3853000021, 1958048.357900002], [950443.6137, 1958058.9100000006], [950454.9691000025, 1958070.625600003], [950458.7449000007, 1958075.228200002], [950476.7535000013, 1958097.2552000012], [950478.8154999996, 1958102.9758000001], [950483.0348000017, 1958114.6975000028], [950631.3127000006, 1958561.8090000022], [950615.7065000021, 1958659.0823999986], [950781.0267000003, 1958659.4143999992]]]}, "properties": {"x": "950452", "y": "1957649", "adm_cd": "11120520", "adm_nm": "서울특별시 은평구 불광1동"}}, {"type": "Feature", "geometry": {"type": "Polygon", "coordinates": [[[948397.5541000016, 1959203.509], [948409.8395000017, 1959168.625299999], [948446.7801000018, 1959068.829400001], [948561.1299000017, 1958964.0960000036], [948743.9865000015, 1958910.2623999992], [948762.1526000006, 1958906.2323000003], [948773.6939000003, 1958907.310600001], [948803.7942000022, 1958858.578299999], [948812.1487000007, 1958823.0768999993], [948819.9171000022, 1958790.065500002], [948826.669300002, 1958761.3721999996], [948837.7733000014, 1958713.9602000015], [948841.7375000016, 1958684.9098000014], [948843.285300001, 1958661.6139000002], [948843.4037000014, 1958659.8299000016], [948843.5599000002, 1958657.2601999994], [948843.4513000012, 1958627.3916000014], [948843.0395, 1958615.5470000026], [948831.596300002, 1958480.7577000004], [948830.9125000004, 1958476.7928000023], [948823.6285000008, 1958476.8312999988], [948815.0917000008, 1958476.8767000036], [948808.8771000004, 1958412.703900005], [948794.9339000012, 1958251.9453000003], [948794.5040999996, 1958239.334600001], [948794.3419000014, 1958234.5749000008], [948809.9510000019, 1958133.808600001], [948824.7155000009, 1958051.0101999992], [948830.5271000003, 1958029.1172000016], [948836.2884000022, 1958014.6817], [948856.619500001, 1957972.9989000019], [948925.6477, 1957869.0372000022], [948927.2057000003, 1957867.9121000008], [948833.4243000005, 1957821.5188000002], [948533.9479000021, 1957987.1758999988], [948346.7239000015, 1958100.8224999984], [948255.8741000001, 1958164.157200002], [948087.7235000005, 1958311.588600005], [947878.2525000017, 1958447.0354000023], [947774.4591000008, 1958473.197499999], [947680.4763000015, 1958387.4514000039], [947671.1601000007, 1958441.6552000022], [947710.8267000003, 1958569.805400006], [947795.8066999996, 1958668.9427999996], [947814.9763000014, 1958699.1421000012], [947827.6529999999, 1958762.0650000013], [947841.6069000005, 1958831.3278000015], [947835.3013000019, 1958977.4651999988], [947833.9817000005, 1959008.0444000014], [947833.8038000001, 1959012.156100001], [947936.3245000015, 1959026.2923000008], [948039.7953000015, 1959084.1125000026], [948117.3368000014, 1959167.9341999986], [948171.0597000016, 1959185.3423999986], [948331.8459000017, 1959210.4387999997], [948395.1839000003, 1959210.2392000044], [948397.5541000016, 1959203.509]]]}, "properties": {"x": "948355", "y": "1958574", "adm_cd": "11120550", "adm_nm": "서울특별시 은평구 갈현1동"}}, {"type": "Feature", "geometry": {"type": "Polygon", "coordinates": [[[947774.4591000008, 1958473.197499999], [947878.2525000017, 1958447.0354000023], [948087.7235000005, 1958311.588600005], [948255.8741000001, 1958164.157200002], [948346.7239000015, 1958100.8224999984], [948533.9479000021, 1957987.1758999988], [948833.4243000005, 1957821.5188000002], [948828.2555000014, 1957815.9565999997], [948818.6433000006, 1957801.7228000006], [948813.0913000008, 1957791.5460000022], [948781.5421000002, 1957733.0747999991], [948758.822900001, 1957690.8971999984], [948727.719900002, 1957632.9869999995], [948628.2851000014, 1957445.6428000007], [948570.8153000001, 1957034.1076], [948386.0801000011, 1957165.4713999992], [948142.8123000024, 1957277.004199999], [948062.6531000012, 1957313.7414], [948019.833700001, 1957333.2062000025], [947982.8373, 1957350.1765999994], [947954.5377000021, 1957363.3822000022], [947944.9279000005, 1957368.427400005], [947941.6307000002, 1957370.675400002], [947935.4059000011, 1957374.9196000013], [947933.940900001, 1957376.022400002], [947929.0535000017, 1957379.7016000021], [947921.1725000016, 1957386.4910000032], [947914.5491000006, 1957392.9338000016], [947909.6771000004, 1957397.8879999998], [947685.1615000023, 1957646.9506000006], [947684.5855000007, 1957647.6734000011], [947669.793300001, 1957670.713599999], [947658.3183000018, 1957689.1920000014], [947645.7217000001, 1957717.417400003], [947580.0855000016, 1957882.0430000017], [947510.7275000014, 1957991.222300001], [947541.5859000024, 1958074.8204000024], [947546.5065000013, 1958083.7600000016], [947599.0949000004, 1958147.3200000033], [947605.6931000007, 1958155.294600003], [947654.4519000005, 1958197.8010000037], [947680.4763000015, 1958387.4514000039], [947774.4591000008, 1958473.197499999]]]}, "properties": {"x": "948147", "y": "1957774", "adm_cd": "11120560", "adm_nm": "서울특별시 은평구 갈현2동"}}, {"type": "Feature", "geometry": {"type": "Polygon", "coordinates": [[[947580.0855000016, 1957882.0430000017], [947645.7217000001, 1957717.417400003], [947658.3183000018, 1957689.1920000014], [947669.793300001, 1957670.713599999], [947684.5855000007, 1957647.6734000011], [947685.1615000023, 1957646.9506000006], [947909.6771000004, 1957397.8879999998], [947914.5491000006, 1957392.9338000016], [947921.1725000016, 1957386.4910000032], [947929.0535000017, 1957379.7016000021], [947933.940900001, 1957376.022400002], [947935.4059000011, 1957374.9196000013], [947941.6307000002, 1957370.675400002], [947944.9279000005, 1957368.427400005], [947954.5377000021, 1957363.3822000022], [947982.8373, 1957350.1765999994], [948019.833700001, 1957333.2062000025], [948062.6531000012, 1957313.7414], [948142.8123000024, 1957277.004199999], [948386.0801000011, 1957165.4713999992], [948570.8153000001, 1957034.1076], [948557.1267000001, 1956986.3475999986], [948550.4777000016, 1956965.3906], [948543.0145, 1956945.4374000006], [948535.0257000022, 1956926.3068000027], [948391.0161000013, 1956605.9278000018], [948022.9197000004, 1956619.138400001], [947880.2726999999, 1956409.3147999998], [947391.0609000002, 1956344.793400003], [947194.9888000016, 1956422.9889999996], [947165.6971000005, 1956475.9260000037], [947151.3623000021, 1956541.2597999987], [947110.9657000015, 1956725.7522], [947102.4843000008, 1956781.5889999988], [947096.1783000004, 1956823.513300002], [947071.3063000019, 1957031.3524000004], [947121.455900001, 1957140.3860000004], [947133.9595000001, 1957217.2953999992], [947237.7775000001, 1957604.8232000053], [947346.5023000002, 1957878.1469999985], [947378.9343000002, 1957873.3822000036], [947427.0749000008, 1957876.7504000042], [947511.6849000013, 1957903.1983999987], [947510.7275000014, 1957991.222300001], [947580.0855000016, 1957882.0430000017]]]}, "properties": {"x": "947687", "y": "1957015", "adm_cd": "11120570", "adm_nm": "서울특별시 은평구 구산동"}}, {"type": "Feature", "geometry": {"type": "Polygon", "coordinates": [[[949378.1335000007, 1957355.2826000038], [949407.8467000013, 1957311.4068000019], [949541.4653000021, 1957114.6993999993], [949602.2171000021, 1957048.4037999986], [949692.7381000014, 1956924.545200001], [949818.1893000016, 1956744.9020000012], [949816.6959000004, 1956743.772400002], [949813.7111000001, 1956741.5150000034], [949801.8009000013, 1956737.1168000046], [949775.8017000007, 1956727.9584000031], [949718.3203000003, 1956712.4592000078], [949703.1483000002, 1956708.4056000009], [949690.8753000007, 1956705.1267000083], [949621.6557000009, 1956700.4984000016], [949600.0991000007, 1956703.1311000045], [949578.6925000002, 1956706.0112000024], [949576.8941000012, 1956706.2532000013], [949559.3075000006, 1956708.9186000014], [949512.0419000001, 1956744.7036000025], [949502.5959000016, 1956751.901000001], [949486.7355000012, 1956763.9860000026], [949441.2817000012, 1956781.797200001], [949399.2401000017, 1956762.8252000036], [949387.0391000011, 1956755.968500005], [949117.402900002, 1956582.5616999993], [949074.7015000007, 1956529.8556000022], [949070.8599000003, 1956524.9010000003], [949048.4658000022, 1956493.352900004], [948920.8905000001, 1956680.5564000017], [948876.4017000018, 1956745.5192000016], [948853.5801000004, 1956778.5994000044], [948841.2253000002, 1956796.5076000001], [948822.6945000014, 1956823.3162000007], [948820.5307000002, 1956826.2266000027], [948813.1909000019, 1956835.1723999986], [948807.5751000019, 1956841.0756], [948805.9937000012, 1956842.7378000026], [948801.8977000015, 1956846.9780000024], [948790.1099000004, 1956857.8768000025], [948764.6345000004, 1956877.7248000014], [948643.3765000016, 1956971.4950000013], [948589.3899000011, 1957011.767200002], [948570.8153000001, 1957034.1076], [948628.2851000014, 1957445.6428000007], [948727.719900002, 1957632.9869999995], [948758.822900001, 1957690.8971999984], [948781.5421000002, 1957733.0747999991], [948813.0913000008, 1957791.5460000022], [948818.6433000006, 1957801.7228000006], [948828.2555000014, 1957815.9565999997], [948833.4243000005, 1957821.5188000002], [948927.2057000003, 1957867.9121000008], [949010.6799000003, 1957740.7648000005], [949013.9139000019, 1957736.1192000024], [949027.6943000013, 1957716.4332000024], [949032.8945000023, 1957709.1264000018], [949054.2961, 1957679.055400001], [949124.6505000014, 1957607.487600002], [949135.3739000016, 1957597.5842000023], [949178.5415000005, 1957558.6590000005], [949183.398700001, 1957556.5940000038], [949195.4483000012, 1957551.7038000033], [949197.105500001, 1957551.2958000018], [949206.1205000016, 1957549.0761999995], [949213.0569000017, 1957545.888], [949214.8561000021, 1957545.0610000037], [949222.9365000017, 1957540.0502000013], [949228.5295000004, 1957535.1004000022], [949229.8913000016, 1957533.8952000015], [949318.7797000001, 1957441.5906000012], [949324.9479000014, 1957434.346400002], [949329.2783000005, 1957429.0856000013], [949330.0019000003, 1957428.1087999984], [949332.8317000002, 1957424.2882000015], [949337.3170999996, 1957418.096600002], [949378.1335000007, 1957355.2826000038]]]}, "properties": {"x": "949088", "y": "1957143", "adm_cd": "11120580", "adm_nm": "서울특별시 은평구 대조동"}}, {"type": "Feature", "geometry": {"type": "Polygon", "coordinates": [[[949580.6161000003, 1955952.846800001], [949668.878900002, 1955942.4638000024], [950108.7265000006, 1955886.8443000005], [950197.5271000013, 1955857.8452000055], [950423.7515000008, 1955541.6270000034], [950446.1640999998, 1955503.7460000028], [950453.1895000006, 1955491.8718000024], [950445.0749000025, 1955491.9729999993], [950367.2893000006, 1955525.2548000012], [950354.2731000006, 1955530.7322000028], [950349.0063000005, 1955532.8594000018], [950335.0569000023, 1955528.2352000023], [950281.2851000004, 1955509.137600002], [949928.9877000015, 1955361.2222000035], [949701.4291000004, 1955166.991], [949602.8329000019, 1955012.141000003], [949525.1425000019, 1954884.5158000006], [949467.3015000012, 1954922.4024000012], [949387.1095000021, 1954985.4675999982], [949386.3061000016, 1955045.8608000013], [949395.3045000001, 1955099.7848000024], [949397.0309000001, 1955112.6070000026], [949405.9083000014, 1955178.6361], [949343.4791000019, 1955278.8440000035], [949287.1244000008, 1955330.9815000012], [949148.1885000004, 1955395.7146000015], [949134.9775000017, 1955394.0832000016], [949129.0373000008, 1955384.1436000012], [948831.0931000008, 1955523.154899999], [948807.3305000018, 1955483.2939999988], [948719.3977000009, 1955335.7885999992], [948391.7359000011, 1955466.3370000012], [948441.9523000012, 1955682.2819999983], [948442.7811000019, 1955684.088199999], [948449.0317000007, 1955697.7088000015], [948552.2135000012, 1955742.7643999993], [948557.5031000024, 1955744.8956000025], [948567.5393000008, 1955748.651000001], [948585.0043000004, 1955754.5560000045], [948662.2517000013, 1955780.0466000019], [948689.5669000011, 1955789.0506000002], [948704.1347000005, 1955793.8478], [948712.7815, 1955796.642200001], [948721.705900002, 1955799.9636000032], [948731.1035000016, 1955803.9123999998], [948739.991700001, 1955807.9336000015], [948748.4319000008, 1955812.3172000046], [948756.553100002, 1955816.8724000037], [948765.0779000011, 1955822.1352000018], [948773.4245000014, 1955827.7190000028], [948774.2887000013, 1955828.3560000057], [948780.9915000012, 1955833.2968000025], [948788.4409000017, 1955839.3552000017], [948795.481300002, 1955845.5553999995], [948801.6499000007, 1955851.3703999994], [948809.3291000016, 1955859.2670000005], [948815.5837000024, 1955866.201199999], [948827.5631000014, 1955880.2863999987], [948833.187500002, 1955888.8394000013], [948852.1195000014, 1955922.5166], [948859.2093000017, 1955939.7982000005], [948870.6729000015, 1955967.7418000023], [949580.6161000003, 1955952.846800001]]]}, "properties": {"x": "949424", "y": "1955692", "adm_cd": "11120590", "adm_nm": "서울특별시 은평구 응암1동"}}, {"type": "Feature", "geometry": {"type": "Polygon", "coordinates": [[[949129.0373000008, 1955384.1436000012], [949134.9775000017, 1955394.0832000016], [949148.1885000004, 1955395.7146000015], [949287.1244000008, 1955330.9815000012], [949343.4791000019, 1955278.8440000035], [949405.9083000014, 1955178.6361], [949397.0309000001, 1955112.6070000026], [949395.3045000001, 1955099.7848000024], [949386.3061000016, 1955045.8608000013], [949387.1095000021, 1954985.4675999982], [949467.3015000012, 1954922.4024000012], [949525.1425000019, 1954884.5158000006], [949481.4399000007, 1954839.4182999996], [949471.5390999998, 1954721.8134999992], [949467.560300002, 1954597.4700000035], [949478.1799000017, 1954545.3826000018], [949042.2579000014, 1954180.5607000012], [949028.2205000012, 1954534.0051999993], [948685.5631000004, 1954684.3514000012], [948683.732100001, 1954684.987199999], [948667.110500002, 1954690.7588000004], [948655.0321000012, 1954694.198799998], [948654.1229000005, 1954694.457700002], [948648.826500001, 1954693.8636000014], [948631.5691, 1954691.9273], [948603.2737000014, 1954690.3103000005], [948578.6965, 1954693.009100002], [948573.678300002, 1954693.5601999993], [948552.5897000013, 1954697.1101000023], [948583.3148999999, 1954870.676999999], [948583.4785000008, 1954871.600900003], [948625.0304000017, 1955099.2268999997], [948719.3977000009, 1955335.7885999992], [948807.3305000018, 1955483.2939999988], [948831.0931000008, 1955523.154899999], [949129.0373000008, 1955384.1436000012]]]}, "properties": {"x": "949046", "y": "1954914", "adm_cd": "11120600", "adm_nm": "서울특별시 은평구 응암2동"}}, {"type": "Feature", "geometry": {"type": "Polygon", "coordinates": [[[947437.9777000006, 1956137.350400004], [947473.1249000023, 1956148.1674000015], [947957.5659000007, 1956002.4260000028], [948210.2719000007, 1955909.3300000047], [948240.8791000005, 1955895.2222000016], [948241.1851000015, 1955895.081], [948357.6367000004, 1955784.6926000034], [948441.9523000012, 1955682.2819999983], [948391.7359000011, 1955466.3370000012], [948280.554100001, 1954955.3659000024], [947964.8387000005, 1955277.8068000053], [947863.5537000017, 1955380.3214000016], [947838.5533000017, 1955398.4188000031], [947549.0631000001, 1955601.808200002], [947141.1609000002, 1955599.993899999], [947146.7751000021, 1955621.4913000022], [947152.822000001, 1955718.8611000015], [947126.0121000009, 1955808.7838999995], [947083.8345000001, 1955887.2917000006], [947063.2689000011, 1955926.480900001], [947038.9537000009, 1956007.704300001], [947036.3963000007, 1956016.2473000025], [947052.1963000011, 1956135.558300003], [947106.948900001, 1956163.3195000025], [947225.2619000021, 1956203.8252000026], [947437.9777000006, 1956137.350400004]]]}, "properties": {"x": "947790", "y": "1955904", "adm_cd": "11120650", "adm_nm": "서울특별시 은평구 신사1동"}}, {"type": "Feature", "geometry": {"type": "Polygon", "coordinates": [[[947549.0631000001, 1955601.808200002], [947838.5533000017, 1955398.4188000031], [947863.5537000017, 1955380.3214000016], [947964.8387000005, 1955277.8068000053], [948280.554100001, 1954955.3659000024], [948193.5653000008, 1954522.740800004], [947967.9259000008, 1954603.4994000006], [947934.0319000013, 1954607.4882000017], [947819.2703000002, 1954590.1427000023], [947792.5730999997, 1954582.8778999993], [947785.1685000003, 1954580.8612000002], [947693.5539000003, 1954537.2632999993], [947648.1335000019, 1954507.8219000038], [947635.9805000006, 1954504.731500003], [947418.6841000009, 1954466.522900001], [947374.273300001, 1954467.3006000025], [947364.3175000004, 1954468.1385999988], [947348.1273000012, 1954469.501600001], [946997.8389000006, 1954660.3105000018], [946992.5057000015, 1954867.6298999977], [947063.7567999999, 1955147.4461000026], [947140.7549000008, 1955378.8919000016], [947141.1609000002, 1955599.993899999], [947549.0631000001, 1955601.808200002]]]}, "properties": {"x": "947581", "y": "1954997", "adm_cd": "11120660", "adm_nm": "서울특별시 은평구 신사2동"}}, {"type": "Feature", "geometry": {"type": "Polygon", "coordinates": [[[947967.9259000008, 1954603.4994000006], [948193.5653000008, 1954522.740800004], [948161.4425000001, 1954365.1016000023], [948154.9955000002, 1954346.8193000024], [948147.1889000009, 1954328.0876000025], [948142.3435000016, 1954317.2972000015], [948132.404100001, 1954296.017800002], [948128.8059000002, 1954288.5696000042], [948125.2305000005, 1954282.0607999996], [948115.3239000023, 1954264.679699999], [948107.5365000017, 1954251.4456999996], [948090.7505000005, 1954226.574000004], [948078.3391000025, 1954210.3957999991], [948069.3574000003, 1954199.7772000025], [948056.6417000003, 1954184.7442000024], [948054.769500002, 1954182.5309000025], [947695.9675000021, 1953763.9670000016], [947555.2174000018, 1953599.8667000006], [947186.8901000008, 1953192.9453000007], [947157.4981000007, 1953250.8803000029], [947046.335100002, 1953361.8990000025], [947002.0101000001, 1953394.6336000033], [947231.1670000025, 1953646.8048000028], [947231.5324000001, 1953649.6116000018], [947231.9275000007, 1953652.742500001], [947232.6874000018, 1953658.984000001], [947212.5423000013, 1953904.7842000015], [947184.8635000016, 1954023.6922000032], [947162.4319000012, 1954082.1302000023], [947163.1516000024, 1954139.7638000022], [947175.5022999998, 1954182.7425000027], [947183.4813000007, 1954206.2525000023], [947225.3145000003, 1954304.6559999986], [947249.2845000005, 1954347.7162000036], [947293.2261, 1954415.0335000004], [947294.3609000018, 1954416.2261999997], [947302.2159000023, 1954424.4765000003], [947348.1273000012, 1954469.501600001], [947364.3175000004, 1954468.1385999988], [947374.273300001, 1954467.3006000025], [947418.6841000009, 1954466.522900001], [947635.9805000006, 1954504.731500003], [947648.1335000019, 1954507.8219000038], [947693.5539000003, 1954537.2632999993], [947785.1685000003, 1954580.8612000002], [947792.5730999997, 1954582.8778999993], [947819.2703000002, 1954590.1427000023], [947934.0319000013, 1954607.4882000017], [947967.9259000008, 1954603.4994000006]]]}, "properties": {"x": "947549", "y": "1954021", "adm_cd": "11120670", "adm_nm": "서울특별시 은평구 증산동"}}, {"type": "Feature", "geometry": {"type": "Polygon", "coordinates": [[[945856.5069000005, 1955112.6508000006], [945911.3237, 1955122.9182000067], [945914.3665000009, 1955122.5272], [945912.883000002, 1955119.2981000026], [945912.5339000012, 1955118.5383000001], [945906.6306999997, 1955106.980900003], [945834.0395000015, 1954973.0075000005], [945774.3454000005, 1954882.5140000023], [945759.0005000008, 1954855.2695000023], [945758.7983000001, 1954854.8875000002], [945753.8435000005, 1954842.3242000036], [945749.5553000013, 1954823.1669000015], [945747.1811000004, 1954811.3088000005], [945749.054100002, 1954796.3659999995], [945777.5917000015, 1954636.3739999998], [945858.0075000017, 1954574.2114000004], [945934.4833000014, 1954539.5987999996], [946272.9651000015, 1954515.0297000003], [946751.1020000009, 1954523.1755000027], [946997.8389000006, 1954660.3105000018], [947348.1273000012, 1954469.501600001], [947302.2159000023, 1954424.4765000003], [947294.3609000018, 1954416.2261999997], [947293.2261, 1954415.0335000004], [947249.2845000005, 1954347.7162000036], [947225.3145000003, 1954304.6559999986], [947183.4813000007, 1954206.2525000023], [947175.5022999998, 1954182.7425000027], [947163.1516000024, 1954139.7638000022], [947162.4319000012, 1954082.1302000023], [947184.8635000016, 1954023.6922000032], [947212.5423000013, 1953904.7842000015], [947232.6874000018, 1953658.984000001], [947231.9275000007, 1953652.742500001], [947231.5324000001, 1953649.6116000018], [947231.1670000025, 1953646.8048000028], [947002.0101000001, 1953394.6336000033], [947046.335100002, 1953361.8990000025], [947157.4981000007, 1953250.8803000029], [947186.8901000008, 1953192.9453000007], [947203.3092000005, 1953126.791400002], [947152.3749000015, 1953172.675700002], [947073.0259000014, 1953240.9223000025], [946824.5085000019, 1953454.384400001], [946770.122100001, 1953500.3664999995], [946605.7379000019, 1953635.3603000008], [946525.6357000024, 1953701.0719000008], [946140.6699000021, 1954014.8724999996], [946094.0101000002, 1954052.8310000026], [946086.0787000015, 1954059.2832999993], [946072.8560000004, 1954070.0400000047], [946044.4173000017, 1954093.1752999988], [945977.5637000018, 1954159.0067000021], [945928.8661000009, 1954206.988], [945854.5229000004, 1954282.3553999988], [945804.8707000009, 1954333.2008000026], [945801.8088, 1954336.6988000032], [945768.1069000013, 1954375.2007999995], [945734.3479000021, 1954416.4352999998], [945693.0843000007, 1954467.586000002], [945445.798300001, 1954778.6157000058], [945450.5487000002, 1954792.3332000028], [945560.6719000014, 1954888.3024000013], [945699.7861000018, 1955081.903499999], [945856.5069000005, 1955112.6508000006]]]}, "properties": {"x": "946545", "y": "1954196", "adm_cd": "11120680", "adm_nm": "서울특별시 은평구 수색동"}}, {"type": "Feature", "geometry": {"type": "Polygon", "coordinates": [[[951306.3871000012, 1962240.9916000029], [951289.6492000006, 1962119.1251000008], [951300.5375000013, 1962101.8595000033], [951468.1078000013, 1961966.175100002], [951607.2819999997, 1961858.616500001], [951608.1531000012, 1961858.4190000002], [951637.4376, 1961851.7836000028], [951649.9152000018, 1961848.9633000013], [951769.084000002, 1961855.8292000017], [951842.0410000021, 1961860.8295000002], [951947.3441000009, 1961786.0969000047], [951952.1368000009, 1961781.6870000013], [952111.5388000004, 1961621.3043000023], [952141.9732000015, 1961514.024800003], [952220.1760000004, 1961045.1837000009], [952265.0106000003, 1960724.2858999998], [952274.430100001, 1960626.4487000024], [952295.1989000018, 1960432.5753000015], [952351.6937000002, 1960364.003200002], [952579.9404000009, 1959730.4132999997], [952612.8505000004, 1959600.0462000025], [952647.8339000012, 1959444.4699000039], [952553.015400002, 1959350.9065999999], [952496.1209000021, 1959294.7585000033], [952405.8374000017, 1959165.5657000032], [952336.2304000001, 1959059.7104000025], [952334.0234000025, 1959056.271800001], [952247.1344000008, 1959041.153700001], [952232.7209000016, 1959035.7725], [952212.141000001, 1959028.0886000013], [952187.7460000024, 1959018.9718000023], [952126.1226000004, 1958994.1464000007], [951507.3820000004, 1958693.6001999993], [951450.153000002, 1958591.8148000021], [951441.3126000001, 1958574.8337999983], [951366.8363000004, 1958629.9723999999], [951246.8087000005, 1958652.272000003], [950999.163700002, 1958658.7857000027], [950781.0267000003, 1958659.4143999992], [950615.7065000021, 1958659.0823999986], [950432.9669000021, 1958654.4054999999], [950018.0719000017, 1958721.3889000018], [949856.8239000011, 1958755.5202000004], [949854.655500001, 1958760.5879000016], [949811.9041000004, 1958860.483699999], [949791.2917000004, 1958880.456900001], [949766.9867000012, 1958893.650400002], [949432.3379000006, 1959045.9953000005], [949407.0348000012, 1959052.148500002], [949345.0395000016, 1959050.0242999995], [949140.8977000001, 1959029.808900001], [948864.369900002, 1958927.477200001], [948773.6939000003, 1958907.310600001], [948762.1526000006, 1958906.2323000003], [948743.9865000015, 1958910.2623999992], [948561.1299000017, 1958964.0960000036], [948446.7801000018, 1959068.829400001], [948409.8395000017, 1959168.625299999], [948397.5541000016, 1959203.509], [948395.1839000003, 1959210.2392000044], [948331.8459000017, 1959210.4387999997], [948171.0597000016, 1959185.3423999986], [948117.3368000014, 1959167.9341999986], [948039.7953000015, 1959084.1125000026], [947936.3245000015, 1959026.2923000008], [947833.8038000001, 1959012.156100001], [947702.0149000015, 1959210.4014000027], [947607.3156000015, 1959472.060200001], [947686.326300001, 1959491.2893999992], [947776.3113000011, 1959538.6378000034], [947865.7597000005, 1959593.892800001], [948019.2641000006, 1959702.0688000019], [948051.0769000005, 1959767.2172000026], [948049.636900001, 1960330.9827999999], [948151.2839000018, 1960699.6630000016], [947641.9404999996, 1961078.7806000025], [947495.688400001, 1961237.7705], [947511.2317000015, 1961232.6577000017], [947559.950600002, 1961210.9334], [947602.9064000006, 1961185.0275000003], [947829.9365999999, 1961044.5582000006], [947978.4628000001, 1960930.1851000013], [947989.8675000016, 1960919.6632000012], [947990.2130000024, 1960919.3445000013], [948027.4890000012, 1960888.5955000008], [948122.524500001, 1960816.3665000019], [948128.9994000015, 1960812.2714], [948139.7566000005, 1960805.5186999994], [948156.1072000024, 1960795.2695000004], [948278.7122000004, 1960747.7170999998], [949085.944700002, 1960867.195500001], [949133.0125000009, 1960874.3177000019], [949158.1798999999, 1960880.9945], [949193.6835000013, 1960890.873300001], [949197.307500002, 1960891.882700002], [949208.0055000018, 1960900.3127000032], [949221.6297000025, 1960911.0522999992], [949256.6240000001, 1960938.9183000023], [949317.6815000004, 1960989.2633000016], [949443.4417000004, 1961093.837699999], [949460.9977000004, 1961108.9449], [949854.8819000011, 1961354.6804000025], [949913.2816000013, 1961360.3099000023], [950062.0155999998, 1961399.0780999993], [950183.7397000015, 1961435.558800002], [950222.5267000024, 1961451.0966000017], [950238.4357000013, 1961464.0822000012], [950260.7417000011, 1961482.2894000001], [950273.5916000002, 1961493.0919999997], [950288.9451000004, 1961507.8170000012], [950307.114500001, 1961526.0806000025], [950316.5787000018, 1961535.604999999], [950342.7370000011, 1961563.3958000026], [950351.8490000016, 1961573.8134000036], [950364.5859000024, 1961596.4744000027], [950375.1885000007, 1961615.3501999995], [950385.2467000012, 1961644.6932000015], [950419.8251000014, 1961729.3212000001], [950467.8316000018, 1961845.5546], [950499.054, 1961901.3375999997], [950519.1999000018, 1961930.157800002], [950551.4204000024, 1961975.1861000028], [950575.2362000011, 1962007.9974999991], [950596.4087000008, 1962030.5538000022], [950616.2429000007, 1962051.5634000013], [950621.3748000015, 1962055.626800003], [950634.5935000008, 1962066.0907], [950790.8845000002, 1962171.0414000032], [950843.6958000003, 1962192.6175999995], [951269.1180000019, 1962330.5550000025], [951309.0336000009, 1962277.3701999998], [951312.0203000022, 1962262.288800001], [951306.3871000012, 1962240.9916000029]]]}, "properties": {"x": "950412", "y": "1960171", "adm_cd": "11120710", "adm_nm": "서울특별시 은평구 진관동"}}, {"type": "Feature", "geometry": {"type": "Polygon", "coordinates": [[[949345.0395000016, 1959050.0242999995], [949407.0348000012, 1959052.148500002], [949432.3379000006, 1959045.9953000005], [949766.9867000012, 1958893.650400002], [949791.2917000004, 1958880.456900001], [949811.9041000004, 1958860.483699999], [949854.655500001, 1958760.5879000016], [949856.8239000011, 1958755.5202000004], [950018.0719000017, 1958721.3889000018], [950432.9669000021, 1958654.4054999999], [950615.7065000021, 1958659.0823999986], [950631.3127000006, 1958561.8090000022], [950483.0348000017, 1958114.6975000028], [950478.8154999996, 1958102.9758000001], [950476.7535000013, 1958097.2552000012], [950458.7449000007, 1958075.228200002], [950454.9691000025, 1958070.625600003], [950443.6137, 1958058.9100000006], [950433.3853000021, 1958048.357900002], [950401.0630000008, 1958024.8731999996], [950363.3091000023, 1958006.3296000008], [950306.4725000019, 1957991.1630000032], [950140.8777000022, 1958083.2133999998], [950120.525700001, 1958099.1060000032], [949848.1119000008, 1958137.905600002], [949436.0039000013, 1958142.6679000012], [949381.8093000005, 1958142.401400002], [949355.5165000015, 1958140.2114000015], [949096.2785000005, 1957989.3399000019], [949076.2561000007, 1957976.935399999], [948925.6477, 1957869.0372000022], [948856.619500001, 1957972.9989000019], [948836.2884000022, 1958014.6817], [948830.5271000003, 1958029.1172000016], [948824.7155000009, 1958051.0101999992], [948809.9510000019, 1958133.808600001], [948794.3419000014, 1958234.5749000008], [948794.5040999996, 1958239.334600001], [948794.9339000012, 1958251.9453000003], [948808.8771000004, 1958412.703900005], [948815.0917000008, 1958476.8767000036], [948823.6285000008, 1958476.8312999988], [948830.9125000004, 1958476.7928000023], [948831.596300002, 1958480.7577000004], [948843.0395, 1958615.5470000026], [948843.4513000012, 1958627.3916000014], [948843.5599000002, 1958657.2601999994], [948843.4037000014, 1958659.8299000016], [948843.285300001, 1958661.6139000002], [948841.7375000016, 1958684.9098000014], [948837.7733000014, 1958713.9602000015], [948826.669300002, 1958761.3721999996], [948819.9171000022, 1958790.065500002], [948812.1487000007, 1958823.0768999993], [948803.7942000022, 1958858.578299999], [948773.6939000003, 1958907.310600001], [948864.369900002, 1958927.477200001], [949140.8977000001, 1959029.808900001], [949345.0395000016, 1959050.0242999995]]]}, "properties": {"x": "949579", "y": "1958486", "adm_cd": "11120720", "adm_nm": "서울특별시 은평구 불광2동"}}, {"type": "Feature", "geometry": {"type": "Polygon", "coordinates": [[[948625.0304000017, 1955099.2268999997], [948583.4785000008, 1954871.600900003], [948583.3148999999, 1954870.676999999], [948552.5897000013, 1954697.1101000023], [948573.678300002, 1954693.5601999993], [948578.6965, 1954693.009100002], [948603.2737000014, 1954690.3103000005], [948631.5691, 1954691.9273], [948648.826500001, 1954693.8636000014], [948654.1229000005, 1954694.457700002], [948655.0321000012, 1954694.198799998], [948667.110500002, 1954690.7588000004], [948683.732100001, 1954684.987199999], [948685.5631000004, 1954684.3514000012], [949028.2205000012, 1954534.0051999993], [949042.2579000014, 1954180.5607000012], [949042.8632000017, 1954155.3835000007], [948866.1288000013, 1953885.501300001], [948785.8533000004, 1953917.563500002], [948767.5495000011, 1953922.4634000026], [948715.0389000007, 1953934.476600003], [948699.7577000004, 1953937.9686999982], [948466.0235000004, 1953912.1549999998], [948431.6823000005, 1953905.4404000011], [948413.6287000014, 1953944.971700002], [948383.1069000021, 1954172.6057999989], [948161.4425000001, 1954365.1016000023], [948193.5653000008, 1954522.740800004], [948280.554100001, 1954955.3659000024], [948391.7359000011, 1955466.3370000012], [948719.3977000009, 1955335.7885999992], [948625.0304000017, 1955099.2268999997]]]}, "properties": {"x": "948582", "y": "1954542", "adm_cd": "11120730", "adm_nm": "서울특별시 은평구 응암3동"}}, {"type": "Feature", "geometry": {"type": "Polygon", "coordinates": [[[948589.3899000011, 1957011.767200002], [948643.3765000016, 1956971.4950000013], [948764.6345000004, 1956877.7248000014], [948790.1099000004, 1956857.8768000025], [948801.8977000015, 1956846.9780000024], [948805.9937000012, 1956842.7378000026], [948807.5751000019, 1956841.0756], [948813.1909000019, 1956835.1723999986], [948820.5307000002, 1956826.2266000027], [948822.6945000014, 1956823.3162000007], [948841.2253000002, 1956796.5076000001], [948853.5801000004, 1956778.5994000044], [948876.4017000018, 1956745.5192000016], [948920.8905000001, 1956680.5564000017], [949048.4658000022, 1956493.352900004], [948870.6729000015, 1955967.7418000023], [948859.2093000017, 1955939.7982000005], [948852.1195000014, 1955922.5166], [948833.187500002, 1955888.8394000013], [948827.5631000014, 1955880.2863999987], [948815.5837000024, 1955866.201199999], [948809.3291000016, 1955859.2670000005], [948801.6499000007, 1955851.3703999994], [948795.481300002, 1955845.5553999995], [948788.4409000017, 1955839.3552000017], [948780.9915000012, 1955833.2968000025], [948774.2887000013, 1955828.3560000057], [948773.4245000014, 1955827.7190000028], [948765.0779000011, 1955822.1352000018], [948756.553100002, 1955816.8724000037], [948748.4319000008, 1955812.3172000046], [948739.991700001, 1955807.9336000015], [948731.1035000016, 1955803.9123999998], [948721.705900002, 1955799.9636000032], [948712.7815, 1955796.642200001], [948704.1347000005, 1955793.8478], [948689.5669000011, 1955789.0506000002], [948662.2517000013, 1955780.0466000019], [948585.0043000004, 1955754.5560000045], [948567.5393000008, 1955748.651000001], [948557.5031000024, 1955744.8956000025], [948552.2135000012, 1955742.7643999993], [948449.0317000007, 1955697.7088000015], [948442.7811000019, 1955684.088199999], [948441.9523000012, 1955682.2819999983], [948357.6367000004, 1955784.6926000034], [948241.1851000015, 1955895.081], [948240.8791000005, 1955895.2222000016], [948210.2719000007, 1955909.3300000047], [947957.5659000007, 1956002.4260000028], [947473.1249000023, 1956148.1674000015], [947437.9777000006, 1956137.350400004], [947225.2619000021, 1956203.8252000026], [947194.9888000016, 1956422.9889999996], [947391.0609000002, 1956344.793400003], [947880.2726999999, 1956409.3147999998], [948022.9197000004, 1956619.138400001], [948391.0161000013, 1956605.9278000018], [948535.0257000022, 1956926.3068000027], [948543.0145, 1956945.4374000006], [948550.4777000016, 1956965.3906], [948557.1267000001, 1956986.3475999986], [948570.8153000001, 1957034.1076], [948589.3899000011, 1957011.767200002]]]}, "properties": {"x": "948346", "y": "1956299", "adm_cd": "11120740", "adm_nm": "서울특별시 은평구 역촌동"}}, {"type": "Feature", "geometry": {"type": "Polygon", "coordinates": [[[951869.5393000024, 1953225.1306000021], [952262.7641000007, 1952767.9868999994], [952816.0984000013, 1952068.745900007], [952776.7355000023, 1952024.9489000048], [952582.0609000003, 1951928.0534000031], [952576.3345000015, 1951926.2714000065], [952505.1568000005, 1951923.396700004], [952237.8489000015, 1951924.5496000007], [952236.3268000009, 1951924.617200003], [952233.200200002, 1951924.7562000006], [952220.5975000021, 1951927.338799999], [951971.9541000002, 1952089.7156000044], [951919.6942000005, 1952134.764599999], [951883.7943000023, 1952245.8562000021], [951584.7737000005, 1952477.7063999984], [951522.3059000012, 1952538.0468000034], [951519.3453000003, 1952544.4530999982], [951513.3945000012, 1952557.33], [951355.967900001, 1952943.7667000012], [951341.6718000012, 1953070.3549999995], [951750.5486000022, 1953403.3049000008], [951869.5393000024, 1953225.1306000021]]]}, "properties": {"x": "952011", "y": "1952577", "adm_cd": "11130520", "adm_nm": "서울특별시 서대문구 천연동"}}, {"type": "Feature", "geometry": {"type": "Polygon", "coordinates": [[[950707.6987000005, 1954785.9686000003], [950999.4299000003, 1954442.916999999], [951077.5977000019, 1954354.6558000022], [951288.5715000015, 1954096.960000001], [951319.441900001, 1954057.3493999997], [951373.3205000018, 1953988.2148000011], [951375.4069000017, 1953985.4096], [951390.7653000015, 1953964.7572000022], [951396.9323000021, 1953956.4637999993], [951409.6975000008, 1953939.2968000015], [951412.3123000023, 1953933.8765999994], [951416.1416999997, 1953925.9386000019], [951423.7755000027, 1953910.1102000028], [951450.0145000005, 1953855.034000001], [951669.738100001, 1953520.9725999993], [951756.0709000014, 1953409.956600004], [951750.5486000022, 1953403.3049000008], [951341.6718000012, 1953070.3549999995], [951057.5830000003, 1953253.3729999985], [950987.8620000018, 1953267.234000002], [950968.6048000001, 1953273.958600002], [950943.4992000014, 1953310.9519000014], [950932.2395000013, 1953327.5432000004], [950717.8489000002, 1953665.1570999997], [950705.2593000012, 1953718.892800002], [950685.2493000019, 1953804.3012000024], [950688.9775, 1953811.9475999991], [950701.2329000012, 1953833.3839], [950715.1771000014, 1953856.7802000036], [950719.2024000016, 1953862.8076000027], [950725.6677000003, 1953883.8326000008], [950713.9089000018, 1953953.2786000026], [950675.280100002, 1953975.5510000032], [950562.5227000006, 1954007.551200002], [950547.2635000022, 1954010.3154000018], [950505.247100001, 1954011.6110000014], [950315.3362999997, 1953838.6043999996], [950307.8009000015, 1953845.1660000002], [950282.5229000014, 1953867.1781999995], [950203.2457000006, 1954019.364600001], [950185.248300002, 1954071.201200001], [950184.4455000008, 1954074.8942], [950179.3876999998, 1954098.1616000012], [950163.9233, 1954169.5505999997], [950157.9245000016, 1954197.4353999998], [950165.0321000023, 1954275.0974000013], [950192.7703000009, 1954374.9916000008], [950234.3904999997, 1954471.1057999984], [950272.4331000017, 1954525.2359999996], [950316.1789000015, 1954564.0036000018], [950552.9913000015, 1954688.9682000028], [950701.0611000012, 1954796.1296000024], [950707.6987000005, 1954785.9686000003]]]}, "properties": {"x": "950933", "y": "1954194", "adm_cd": "11130620", "adm_nm": "서울특별시 서대문구 홍제1동"}}, {"type": "Feature", "geometry": {"type": "Polygon", "coordinates": [[[952026.8341000007, 1955629.4231999991], [952094.3156000023, 1955596.1310000012], [952130.0789000023, 1955577.7338000045], [952158.8741000018, 1955554.1346000023], [952178.6419000002, 1955513.2816000013], [952244.4155000004, 1955210.0475000015], [952243.4239, 1955181.0313000064], [952199.1041000006, 1955113.412500002], [952133.7253000023, 1954934.9291000022], [952105.0107000025, 1954658.2419000003], [952095.3792000018, 1954545.9880999997], [952092.8107000007, 1954325.3055000012], [952100.8207000016, 1954210.9879000022], [952131.5499000018, 1954102.0067000007], [952133.329900001, 1954096.7675000005], [952131.3771000009, 1954078.2950999998], [951610.2829000016, 1954513.6884000022], [951499.9566000018, 1954474.3690000023], [951282.979100002, 1954503.5872000004], [951140.4251000015, 1954537.5668000001], [951122.3981999998, 1954531.5274000023], [951122.1279000009, 1954531.436799999], [951101.1739999996, 1954522.7150000017], [951084.7381000004, 1954515.8734000018], [951078.1829000011, 1954513.1282000013], [951057.6684999997, 1954504.5364000015], [951043.5665000004, 1954492.6562000017], [951029.5627000016, 1954476.8748000008], [950999.4299000003, 1954442.916999999], [950707.6987000005, 1954785.9686000003], [950701.0611000012, 1954796.1296000024], [950686.4823000019, 1954821.3970000022], [950934.3327000018, 1954878.0900000017], [951012.2693, 1954906.0712000001], [951030.2669000006, 1954932.4800000004], [951151.5639000009, 1955111.8126000003], [951175.2644999998, 1955151.4110000008], [951175.2719000019, 1955222.5890000002], [951175.276300001, 1955265.5094000017], [951170.2891000009, 1955279.8850000016], [951164.8089000004, 1955295.686000001], [951152.7975000024, 1955335.3832000012], [951152.4819000019, 1955336.427600002], [951151.2429000002, 1955340.5286000022], [951148.0213000013, 1955351.1920000021], [951147.6716999998, 1955352.705800003], [951146.513500002, 1955357.7216000017], [951135.2801000022, 1955409.6182], [951130.967900001, 1955429.6297999995], [951134.9074999999, 1955453.3430000031], [951144.1805, 1955508.419800002], [951178.8211000024, 1955555.1738000026], [951191.8103000019, 1955572.665400003], [951210.8473000004, 1955587.3934000032], [951213.6791000024, 1955589.5842000004], [951241.6349000006, 1955597.8515999992], [951266.5403000007, 1955596.9836000018], [951277.660100001, 1955596.5958000002], [951326.5419, 1955587.8944000003], [951342.2869000006, 1955585.0444000005], [951348.9921000021, 1955583.8306000037], [951418.8561000023, 1955552.4730000012], [951419.1469000019, 1955552.2666000011], [951424.2127000019, 1955548.3381999996], [951433.9525000008, 1955540.7821999998], [951477.7897000007, 1955472.8381999996], [951495.8583000016, 1955428.9992], [951496.4969000004, 1955427.449400003], [951528.623300001, 1955368.5148000014], [951532.5841000008, 1955361.2490000017], [951549.0753000004, 1955331.1384000003], [951558.277700002, 1955318.6942000021], [951562.8633000017, 1955314.2004000018], [951571.7151000008, 1955312.701200001], [951932.6619000006, 1955298.1726000006], [951933.1373000003, 1955298.5162000004], [951977.9451000015, 1955330.904200003], [951986.0825000008, 1955339.4511999995], [951988.7079000005, 1955350.2569999995], [951999.3031000012, 1955445.759000002], [952002.721300001, 1955489.8973999997], [952009.261500001, 1955639.938799999], [952026.8341000007, 1955629.4231999991]]]}, "properties": {"x": "951604", "y": "1954923", "adm_cd": "11130640", "adm_nm": "서울특별시 서대문구 홍제3동"}}, {"type": "Feature", "geometry": {"type": "Polygon", "coordinates": [[[951610.2829000016, 1954513.6884000022], [952131.3771000009, 1954078.2950999998], [952073.3755000022, 1953525.3278000015], [951756.0709000014, 1953409.956600004], [951669.738100001, 1953520.9725999993], [951450.0145000005, 1953855.034000001], [951423.7755000027, 1953910.1102000028], [951416.1416999997, 1953925.9386000019], [951412.3123000023, 1953933.8765999994], [951409.6975000008, 1953939.2968000015], [951396.9323000021, 1953956.4637999993], [951390.7653000015, 1953964.7572000022], [951375.4069000017, 1953985.4096], [951373.3205000018, 1953988.2148000011], [951319.441900001, 1954057.3493999997], [951288.5715000015, 1954096.960000001], [951077.5977000019, 1954354.6558000022], [950999.4299000003, 1954442.916999999], [951029.5627000016, 1954476.8748000008], [951043.5665000004, 1954492.6562000017], [951057.6684999997, 1954504.5364000015], [951078.1829000011, 1954513.1282000013], [951084.7381000004, 1954515.8734000018], [951101.1739999996, 1954522.7150000017], [951122.1279000009, 1954531.436799999], [951122.3981999998, 1954531.5274000023], [951140.4251000015, 1954537.5668000001], [951282.979100002, 1954503.5872000004], [951499.9566000018, 1954474.3690000023], [951610.2829000016, 1954513.6884000022]]]}, "properties": {"x": "951655", "y": "1954045", "adm_cd": "11130650", "adm_nm": "서울특별시 서대문구 홍제2동"}}, {"type": "Feature", "geometry": {"type": "Polygon", "coordinates": [[[950934.3327000018, 1954878.0900000017], [950686.4823000019, 1954821.3970000022], [950648.4465000008, 1955096.9622000023], [950648.0185000014, 1955099.2578000012], [950643.4017000019, 1955124.0082000007], [950640.4528999999, 1955139.8154000035], [950639.2551000013, 1955141.9876000034], [950622.3065000004, 1955172.717200001], [950607.5911000005, 1955199.3956000023], [950604.625700001, 1955204.7716000003], [950470.9065000003, 1955410.8627999993], [950445.0749000025, 1955491.9729999993], [950453.1895000006, 1955491.8718000024], [950537.4397999998, 1955541.0168000013], [950625.2541000014, 1955608.1160000023], [950638.8467000003, 1955618.6326000053], [950644.5663000008, 1955623.0579999997], [950691.7421000015, 1955840.1780999997], [950664.7065000017, 1955891.853000002], [950663.8285000008, 1955892.5522000005], [950605.1747000021, 1955939.255200001], [950555.0997000013, 1955975.3046000006], [950552.829100001, 1956076.6997999987], [950559.4479000008, 1956092.9564999982], [950560.651700001, 1956095.9132000026], [950566.9985000006, 1956111.5018000025], [950759.4197000014, 1956316.9750000022], [950898.8403000023, 1956458.4526000032], [950908.2087000019, 1956466.4890999994], [951190.4845000013, 1956667.3565999982], [951191.0465000022, 1956667.6526000048], [951293.7555000022, 1956721.7481999993], [951489.097700001, 1956941.2112000037], [951485.8975000004, 1956771.4744000025], [951505.4437000016, 1956690.0413999995], [951617.3369000009, 1956566.4526000028], [951685.4449000016, 1956478.4499000013], [951787.2337999997, 1956336.651000001], [951796.142200001, 1956293.6173000028], [951785.346500001, 1956281.2982000003], [951767.9071000014, 1956257.9874000004], [951661.4339000003, 1956036.3410000012], [951672.5813000002, 1955935.5216000003], [951680.2037000016, 1955897.8768000011], [951748.2693000004, 1955709.1161999987], [951820.3771000023, 1955659.0558000002], [952009.261500001, 1955639.938799999], [952002.721300001, 1955489.8973999997], [951999.3031000012, 1955445.759000002], [951988.7079000005, 1955350.2569999995], [951986.0825000008, 1955339.4511999995], [951977.9451000015, 1955330.904200003], [951933.1373000003, 1955298.5162000004], [951932.6619000006, 1955298.1726000006], [951571.7151000008, 1955312.701200001], [951562.8633000017, 1955314.2004000018], [951558.277700002, 1955318.6942000021], [951549.0753000004, 1955331.1384000003], [951532.5841000008, 1955361.2490000017], [951528.623300001, 1955368.5148000014], [951496.4969000004, 1955427.449400003], [951495.8583000016, 1955428.9992], [951477.7897000007, 1955472.8381999996], [951433.9525000008, 1955540.7821999998], [951424.2127000019, 1955548.3381999996], [951419.1469000019, 1955552.2666000011], [951418.8561000023, 1955552.4730000012], [951348.9921000021, 1955583.8306000037], [951342.2869000006, 1955585.0444000005], [951326.5419, 1955587.8944000003], [951277.660100001, 1955596.5958000002], [951266.5403000007, 1955596.9836000018], [951241.6349000006, 1955597.8515999992], [951213.6791000024, 1955589.5842000004], [951210.8473000004, 1955587.3934000032], [951191.8103000019, 1955572.665400003], [951178.8211000024, 1955555.1738000026], [951144.1805, 1955508.419800002], [951134.9074999999, 1955453.3430000031], [951130.967900001, 1955429.6297999995], [951135.2801000022, 1955409.6182], [951146.513500002, 1955357.7216000017], [951147.6716999998, 1955352.705800003], [951148.0213000013, 1955351.1920000021], [951151.2429000002, 1955340.5286000022], [951152.4819000019, 1955336.427600002], [951152.7975000024, 1955335.3832000012], [951164.8089000004, 1955295.686000001], [951170.2891000009, 1955279.8850000016], [951175.276300001, 1955265.5094000017], [951175.2719000019, 1955222.5890000002], [951175.2644999998, 1955151.4110000008], [951151.5639000009, 1955111.8126000003], [951030.2669000006, 1954932.4800000004], [951012.2693, 1954906.0712000001], [950934.3327000018, 1954878.0900000017]]]}, "properties": {"x": "951179", "y": "1955918", "adm_cd": "11130660", "adm_nm": "서울특별시 서대문구 홍은1동"}}, {"type": "Feature", "geometry": {"type": "Polygon", "coordinates": [[[950470.9065000003, 1955410.8627999993], [950604.625700001, 1955204.7716000003], [950607.5911000005, 1955199.3956000023], [950622.3065000004, 1955172.717200001], [950639.2551000013, 1955141.9876000034], [950640.4528999999, 1955139.8154000035], [950643.4017000019, 1955124.0082000007], [950648.0185000014, 1955099.2578000012], [950648.4465000008, 1955096.9622000023], [950686.4823000019, 1954821.3970000022], [950701.0611000012, 1954796.1296000024], [950552.9913000015, 1954688.9682000028], [950316.1789000015, 1954564.0036000018], [950272.4331000017, 1954525.2359999996], [950234.3904999997, 1954471.1057999984], [950192.7703000009, 1954374.9916000008], [950165.0321000023, 1954275.0974000013], [950157.9245000016, 1954197.4353999998], [950163.9233, 1954169.5505999997], [950179.3876999998, 1954098.1616000012], [950184.4455000008, 1954074.8942], [950185.248300002, 1954071.201200001], [950203.2457000006, 1954019.364600001], [950282.5229000014, 1953867.1781999995], [950307.8009000015, 1953845.1660000002], [950315.3362999997, 1953838.6043999996], [950316.8193000003, 1953834.2084000004], [950325.5379000014, 1953808.3532000026], [950329.2259000018, 1953790.6982000007], [950333.4199000002, 1953744.4490000014], [950334.3815000015, 1953733.7246000026], [950331.6681000022, 1953726.2818000028], [950324.9659000016, 1953707.898800002], [950317.0687000013, 1953687.1414000029], [950311.3465000018, 1953673.176800001], [950267.4709000022, 1953580.727400001], [950233.3510999996, 1953563.3709999982], [950132.0015000016, 1953518.2592], [949923.2544999999, 1953421.9874000028], [949912.4997, 1953416.963400003], [949885.850700001, 1953404.1955999986], [949774.1105000023, 1953347.7289999994], [949772.0973000001, 1953346.523800003], [949745.9042999997, 1953330.8428000023], [949716.4515000023, 1953312.8978], [949703.1143000016, 1953304.7714000007], [949698.6335000012, 1953302.0411999994], [949546.6253000009, 1953206.999799999], [949467.0571000008, 1953154.4171999996], [949423.0343000023, 1953118.8904000018], [949338.8905000014, 1953302.8908000016], [949236.6765000013, 1953583.1602000017], [949234.6065000016, 1953601.0797999995], [949228.8209000016, 1953650.9426000027], [949225.8627000023, 1953676.4376000012], [949223.5677000005, 1953694.5691999989], [949197.4741000014, 1953847.7171999991], [949186.4809000005, 1953881.5524000034], [949182.1121000014, 1953893.7180000027], [949172.5991000023, 1953916.1004000027], [949169.2289000018, 1953923.8783999993], [949152.5117000015, 1953962.4521999992], [949142.2413000013, 1953985.0494000004], [949043.5189000007, 1954153.4136000003], [949042.8632000017, 1954155.3835000007], [949042.2579000014, 1954180.5607000012], [949478.1799000017, 1954545.3826000018], [949467.560300002, 1954597.4700000035], [949471.5390999998, 1954721.8134999992], [949481.4399000007, 1954839.4182999996], [949525.1425000019, 1954884.5158000006], [949602.8329000019, 1955012.141000003], [949701.4291000004, 1955166.991], [949928.9877000015, 1955361.2222000035], [950281.2851000004, 1955509.137600002], [950335.0569000023, 1955528.2352000023], [950349.0063000005, 1955532.8594000018], [950354.2731000006, 1955530.7322000028], [950367.2893000006, 1955525.2548000012], [950445.0749000025, 1955491.9729999993], [950470.9065000003, 1955410.8627999993]]]}, "properties": {"x": "949761", "y": "1954353", "adm_cd": "11130680", "adm_nm": "서울특별시 서대문구 홍은2동"}}, {"type": "Feature", "geometry": {"type": "Polygon", "coordinates": [[[948298.4400000009, 1953040.5908000031], [948579.3389000008, 1953008.9115000018], [948984.6889000009, 1952883.021600003], [948987.3171000016, 1952878.5404000008], [949012.1246000018, 1952835.447600002], [949022.2795000013, 1952817.6839000024], [948910.0915000008, 1952701.1013999996], [948494.9443000004, 1952209.3681000017], [948493.6293000022, 1952210.0799999991], [947880.6306999999, 1952565.9138999996], [947874.1595000005, 1952611.3860999993], [947906.5540000006, 1952653.113900005], [948018.5119000023, 1952688.9428000008], [948275.9242000007, 1953043.848200003], [948298.3982000006, 1953040.5974000017], [948298.4400000009, 1953040.5908000031]]]}, "properties": {"x": "948449", "y": "1952670", "adm_cd": "11130690", "adm_nm": "서울특별시 서대문구 남가좌1동"}}, {"type": "Feature", "geometry": {"type": "Polygon", "coordinates": [[[949043.5189000007, 1954153.4136000003], [949142.2413000013, 1953985.0494000004], [949152.5117000015, 1953962.4521999992], [949169.2289000018, 1953923.8783999993], [949172.5991000023, 1953916.1004000027], [949182.1121000014, 1953893.7180000027], [949186.4809000005, 1953881.5524000034], [949197.4741000014, 1953847.7171999991], [949223.5677000005, 1953694.5691999989], [949225.8627000023, 1953676.4376000012], [949228.8209000016, 1953650.9426000027], [949234.6065000016, 1953601.0797999995], [949236.6765000013, 1953583.1602000017], [949338.8905000014, 1953302.8908000016], [949423.0343000023, 1953118.8904000018], [949361.3935000014, 1953040.977100003], [949123.0061000017, 1952813.0170000005], [948910.0915000008, 1952701.1013999996], [949022.2795000013, 1952817.6839000024], [949012.1246000018, 1952835.447600002], [948987.3171000016, 1952878.5404000008], [948984.6889000009, 1952883.021600003], [948579.3389000008, 1953008.9115000018], [948298.4400000009, 1953040.5908000031], [948298.3982000006, 1953040.5974000017], [948405.7785000016, 1953413.1564000007], [948433.8701000015, 1953468.1174000003], [948440.6005000011, 1953480.677400002], [948442.8759000022, 1953484.9234000016], [948618.6567000003, 1953613.3110000012], [948794.6013000014, 1953668.1868000021], [948833.8855000017, 1953671.2843999984], [948847.6473000016, 1953672.0062000027], [948860.3985000018, 1953671.7836000002], [948881.8475000018, 1953662.5200000019], [948912.1427000011, 1953700.290799999], [948904.1125000004, 1953807.9960000014], [948902.6047000012, 1953816.5406000009], [948866.1288000013, 1953885.501300001], [949042.8632000017, 1954155.3835000007], [949043.5189000007, 1954153.4136000003]]]}, "properties": {"x": "948904", "y": "1953354", "adm_cd": "11130700", "adm_nm": "서울특별시 서대문구 남가좌2동"}}, {"type": "Feature", "geometry": {"type": "Polygon", "coordinates": [[[947606.051900002, 1953557.3698000005], [947607.1775000017, 1953558.0622000026], [947649.8230999999, 1953523.5758000016], [947894.453500001, 1953324.9812000012], [947951.711700002, 1953268.5326000024], [947970.6255000014, 1953249.7181999998], [947981.2019000005, 1953239.1778000013], [948034.3897000015, 1953184.5801999997], [948108.9107000012, 1953107.580200002], [948115.6381000022, 1953101.2896000007], [948126.4294999997, 1953091.2006000024], [948155.8269, 1953074.1522000027], [948159.1503000018, 1953072.2398000022], [948168.3207, 1953067.0978000015], [948189.8173000021, 1953059.0708000036], [948218.9333000004, 1953053.2706000058], [948256.8195000013, 1953046.9184000038], [948264.8707000009, 1953045.6242000046], [948275.9242000007, 1953043.848200003], [948018.5119000023, 1952688.9428000008], [947906.5540000006, 1952653.113900005], [947874.1595000005, 1952611.3860999993], [947880.6306999999, 1952565.9138999996], [947540.5811000001, 1952840.5096], [947203.710600001, 1953126.2390000029], [947203.3092000005, 1953126.791400002], [947186.8901000008, 1953192.9453000007], [947555.2174000018, 1953599.8667000006], [947606.051900002, 1953557.3698000005]]]}, "properties": {"x": "947713", "y": "1953083", "adm_cd": "11130710", "adm_nm": "서울특별시 서대문구 북가좌1동"}}, {"type": "Feature", "geometry": {"type": "Polygon", "coordinates": [[[948383.1069000021, 1954172.6057999989], [948413.6287000014, 1953944.971700002], [948431.6823000005, 1953905.4404000011], [948466.0235000004, 1953912.1549999998], [948699.7577000004, 1953937.9686999982], [948715.0389000007, 1953934.476600003], [948767.5495000011, 1953922.4634000026], [948785.8533000004, 1953917.563500002], [948866.1288000013, 1953885.501300001], [948902.6047000012, 1953816.5406000009], [948904.1125000004, 1953807.9960000014], [948912.1427000011, 1953700.290799999], [948881.8475000018, 1953662.5200000019], [948860.3985000018, 1953671.7836000002], [948847.6473000016, 1953672.0062000027], [948833.8855000017, 1953671.2843999984], [948794.6013000014, 1953668.1868000021], [948618.6567000003, 1953613.3110000012], [948442.8759000022, 1953484.9234000016], [948440.6005000011, 1953480.677400002], [948433.8701000015, 1953468.1174000003], [948405.7785000016, 1953413.1564000007], [948298.3982000006, 1953040.5974000017], [948275.9242000007, 1953043.848200003], [948264.8707000009, 1953045.6242000046], [948256.8195000013, 1953046.9184000038], [948218.9333000004, 1953053.2706000058], [948189.8173000021, 1953059.0708000036], [948168.3207, 1953067.0978000015], [948159.1503000018, 1953072.2398000022], [948155.8269, 1953074.1522000027], [948126.4294999997, 1953091.2006000024], [948115.6381000022, 1953101.2896000007], [948108.9107000012, 1953107.580200002], [948034.3897000015, 1953184.5801999997], [947981.2019000005, 1953239.1778000013], [947970.6255000014, 1953249.7181999998], [947951.711700002, 1953268.5326000024], [947894.453500001, 1953324.9812000012], [947649.8230999999, 1953523.5758000016], [947607.1775000017, 1953558.0622000026], [947606.051900002, 1953557.3698000005], [947555.2174000018, 1953599.8667000006], [947695.9675000021, 1953763.9670000016], [948054.769500002, 1954182.5309000025], [948056.6417000003, 1954184.7442000024], [948069.3574000003, 1954199.7772000025], [948078.3391000025, 1954210.3957999991], [948090.7505000005, 1954226.574000004], [948107.5365000017, 1954251.4456999996], [948115.3239000023, 1954264.679699999], [948125.2305000005, 1954282.0607999996], [948128.8059000002, 1954288.5696000042], [948132.404100001, 1954296.017800002], [948142.3435000016, 1954317.2972000015], [948147.1889000009, 1954328.0876000025], [948154.9955000002, 1954346.8193000024], [948161.4425000001, 1954365.1016000023], [948383.1069000021, 1954172.6057999989]]]}, "properties": {"x": "948200", "y": "1953694", "adm_cd": "11130720", "adm_nm": "서울특별시 서대문구 북가좌2동"}}, {"type": "Feature", "geometry": {"type": "Polygon", "coordinates": [[[951883.7943000023, 1952245.8562000021], [951919.6942000005, 1952134.764599999], [951971.9541000002, 1952089.7156000044], [952220.5975000021, 1951927.338799999], [952233.200200002, 1951924.7562000006], [952236.3268000009, 1951924.617200003], [952237.8489000015, 1951924.5496000007], [952505.1568000005, 1951923.396700004], [952576.3345000015, 1951926.2714000065], [952582.0609000003, 1951928.0534000031], [952776.7355000023, 1952024.9489000048], [952816.0984000013, 1952068.745900007], [952902.6825000016, 1951962.2816000003], [953144.4168, 1951534.427800001], [952965.5752000008, 1951483.5124000004], [952911.7381000017, 1951457.6866], [952905.9089000013, 1951452.4946], [952897.0138000005, 1951444.5714000026], [952871.3813000016, 1951421.5880000023], [952857.4667999998, 1951409.0576000046], [952849.0990000009, 1951401.5134000015], [952831.6495000012, 1951385.7462000032], [952800.4877000005, 1951357.6075999984], [952758.2839000005, 1951327.772400002], [952746.8633000017, 1951319.7273999993], [952697.6859000002, 1951285.099599999], [952661.4471000019, 1951259.617200001], [952658.8504000016, 1951258.2216000007], [952657.1560000005, 1951257.4508999994], [952598.6825000013, 1951231.0477000014], [952490.9219000018, 1951216.014000001], [952465.962300001, 1951212.6166000024], [952455.1516000014, 1951211.1750000005], [952452.2817000002, 1951217.9003999997], [952369.783500002, 1951395.9909000003], [952368.4139000012, 1951398.7470000023], [952363.309900001, 1951409.0164000015], [952271.7779000006, 1951509.1824000014], [952227.5824, 1951530.1801999991], [951870.7059000011, 1951496.638800002], [951856.6225000013, 1951537.244500005], [951704.5947000006, 1951494.4941999996], [951646.0983000016, 1951468.4769], [951593.923900001, 1951438.5811000015], [951411.1983000019, 1951308.1542000016], [951413.1169000014, 1951401.7186999996], [951396.4080999997, 1951632.738900001], [951350.772300001, 1951894.704100002], [951539.4759000018, 1952315.514100003], [951584.7737000005, 1952477.7063999984], [951883.7943000023, 1952245.8562000021]]]}, "properties": {"x": "952145", "y": "1951853", "adm_cd": "11130730", "adm_nm": "서울특별시 서대문구 충현동"}}, {"type": "Feature", "geometry": {"type": "Polygon", "coordinates": [[[951870.7059000011, 1951496.638800002], [952227.5824, 1951530.1801999991], [952271.7779000006, 1951509.1824000014], [952363.309900001, 1951409.0164000015], [952368.4139000012, 1951398.7470000023], [952369.783500002, 1951395.9909000003], [952452.2817000002, 1951217.9003999997], [952295.2378000023, 1951056.343900002], [952277.5302, 1951063.8858000021], [952245.4420000018, 1951029.419800003], [952229.0618000004, 1951014.4869999988], [951799.0016000005, 1951022.6398000014], [951328.6046000009, 1950991.6826000009], [951328.3312000001, 1950991.6583000005], [951411.1983000019, 1951308.1542000016], [951593.923900001, 1951438.5811000015], [951646.0983000016, 1951468.4769], [951704.5947000006, 1951494.4941999996], [951856.6225000013, 1951537.244500005], [951870.7059000011, 1951496.638800002]]]}, "properties": {"x": "951906", "y": "1951343", "adm_cd": "11130740", "adm_nm": "서울특별시 서대문구 북아현동"}}, {"type": "Feature", "geometry": {"type": "Polygon", "coordinates": [[[951584.7737000005, 1952477.7063999984], [951539.4759000018, 1952315.514100003], [951350.772300001, 1951894.704100002], [951396.4080999997, 1951632.738900001], [951413.1169000014, 1951401.7186999996], [951411.1983000019, 1951308.1542000016], [951328.3312000001, 1950991.6583000005], [951114.258600001, 1950976.9858000074], [950659.8501000025, 1950946.585000001], [950626.2536000023, 1950937.983400002], [950606.5317000003, 1950930.2248000018], [950460.9270000008, 1950870.9039000068], [950324.625800001, 1950814.7465000004], [950286.3260000008, 1950798.9624000061], [950260.625800001, 1950788.3530000027], [950222.6226000023, 1950805.6040000026], [949905.3304000022, 1950952.9234000018], [949643.8042000023, 1951075.1646000047], [949356.1652000002, 1951209.6427999998], [949356.2818000005, 1951217.3848], [949357.1742000016, 1951276.612200001], [949363.9768000024, 1951412.3258000002], [949410.7156000015, 1951535.7234000028], [949425.5329000007, 1951534.5569000007], [949504.0038999999, 1951460.9414000008], [949504.9323000017, 1951460.1457999996], [949507.4820000014, 1951458.401800001], [949513.5011000007, 1951454.2885000012], [949516.208300001, 1951452.4389000023], [949524.4249000016, 1951446.8721999992], [949609.6554000018, 1951437.7672000015], [949630.2905000019, 1951436.536199999], [949730.944200001, 1951441.6948000062], [949752.1289000013, 1951447.4673999997], [949759.9408000021, 1951452.0774000008], [949783.8698000009, 1951472.616400001], [949839.6511000015, 1951697.895200002], [950077.4205000019, 1952021.7362000006], [950299.4860000015, 1952237.0990000013], [950419.9574000016, 1952348.7030000035], [950640.9003000001, 1952443.3830000013], [950795.8389000001, 1952473.191900002], [950852.7353000011, 1952549.3402000014], [950905.2060000022, 1952727.0177999986], [950900.9386000021, 1952777.3280000046], [950942.4928000012, 1953060.7712000017], [951057.5830000003, 1953253.3729999985], [951341.6718000012, 1953070.3549999995], [951355.967900001, 1952943.7667000012], [951513.3945000012, 1952557.33], [951519.3453000003, 1952544.4530999982], [951522.3059000012, 1952538.0468000034], [951584.7737000005, 1952477.7063999984]]]}, "properties": {"x": "950686", "y": "1951772", "adm_cd": "11130750", "adm_nm": "서울특별시 서대문구 신촌동"}}, {"type": "Feature", "geometry": {"type": "Polygon", "coordinates": [[[950505.247100001, 1954011.6110000014], [950547.2635000022, 1954010.3154000018], [950562.5227000006, 1954007.551200002], [950675.280100002, 1953975.5510000032], [950713.9089000018, 1953953.2786000026], [950725.6677000003, 1953883.8326000008], [950719.2024000016, 1953862.8076000027], [950715.1771000014, 1953856.7802000036], [950701.2329000012, 1953833.3839], [950688.9775, 1953811.9475999991], [950685.2493000019, 1953804.3012000024], [950705.2593000012, 1953718.892800002], [950717.8489000002, 1953665.1570999997], [950932.2395000013, 1953327.5432000004], [950943.4992000014, 1953310.9519000014], [950968.6048000001, 1953273.958600002], [950987.8620000018, 1953267.234000002], [951057.5830000003, 1953253.3729999985], [950942.4928000012, 1953060.7712000017], [950900.9386000021, 1952777.3280000046], [950905.2060000022, 1952727.0177999986], [950852.7353000011, 1952549.3402000014], [950795.8389000001, 1952473.191900002], [950640.9003000001, 1952443.3830000013], [950419.9574000016, 1952348.7030000035], [950299.4860000015, 1952237.0990000013], [950077.4205000019, 1952021.7362000006], [949839.6511000015, 1951697.895200002], [949783.8698000009, 1951472.616400001], [949759.9408000021, 1951452.0774000008], [949752.1289000013, 1951447.4673999997], [949730.944200001, 1951441.6948000062], [949630.2905000019, 1951436.536199999], [949609.6554000018, 1951437.7672000015], [949524.4249000016, 1951446.8721999992], [949516.208300001, 1951452.4389000023], [949513.5011000007, 1951454.2885000012], [949507.4820000014, 1951458.401800001], [949504.9323000017, 1951460.1457999996], [949504.0038999999, 1951460.9414000008], [949425.5329000007, 1951534.5569000007], [949477.4272000007, 1951622.5374000003], [949495.4364000006, 1951655.5210000048], [949505.503800001, 1951674.0318000012], [949508.3114000014, 1951706.178300003], [949414.8302000009, 1951799.7962999993], [949413.3874000026, 1951801.2404000014], [949375.6438000015, 1951838.5080000018], [949357.7778000007, 1951856.1394999998], [949333.3860000004, 1951880.1805000026], [949318.9908, 1951894.3685000017], [949309.1618000007, 1951904.0560000008], [949301.1144000008, 1951909.096200001], [949291.1002000023, 1951915.3680000007], [949285.9732000013, 1951918.5788000037], [949258.9125000018, 1951935.3896000013], [949246.6670000008, 1951942.9965999993], [949196.5128000008, 1951967.9556000007], [949195.6320000011, 1951968.3372000032], [949154.8226000005, 1951983.158199999], [949154.2768000022, 1951983.3552000015], [949094.9212000016, 1952004.6154], [948916.749200001, 1952054.9799999997], [948908.4027000016, 1952056.814200002], [948897.6694000012, 1952059.172800004], [948891.2363000012, 1952060.4464000014], [948853.0764000008, 1952068.0001999997], [948842.3669000004, 1952070.0381000037], [948816.7662000007, 1952074.9093999993], [948803.549500001, 1952076.6992000022], [948785.9304000011, 1952081.2938000022], [948667.7188000011, 1952121.9697999984], [948641.4658000025, 1952131.2775999983], [948525.2736000016, 1952195.4750000047], [948496.0264000008, 1952208.8724000012], [948494.9443000004, 1952209.3681000017], [948910.0915000008, 1952701.1013999996], [949123.0061000017, 1952813.0170000005], [949361.3935000014, 1953040.977100003], [949423.0343000023, 1953118.8904000018], [949467.0571000008, 1953154.4171999996], [949546.6253000009, 1953206.999799999], [949698.6335000012, 1953302.0411999994], [949703.1143000016, 1953304.7714000007], [949716.4515000023, 1953312.8978], [949745.9042999997, 1953330.8428000023], [949772.0973000001, 1953346.523800003], [949774.1105000023, 1953347.7289999994], [949885.850700001, 1953404.1955999986], [949912.4997, 1953416.963400003], [949923.2544999999, 1953421.9874000028], [950132.0015000016, 1953518.2592], [950233.3510999996, 1953563.3709999982], [950267.4709000022, 1953580.727400001], [950311.3465000018, 1953673.176800001], [950317.0687000013, 1953687.1414000029], [950324.9659000016, 1953707.898800002], [950331.6681000022, 1953726.2818000028], [950334.3815000015, 1953733.7246000026], [950333.4199000002, 1953744.4490000014], [950329.2259000018, 1953790.6982000007], [950325.5379000014, 1953808.3532000026], [950316.8193000003, 1953834.2084000004], [950315.3362999997, 1953838.6043999996], [950505.247100001, 1954011.6110000014]]]}, "properties": {"x": "949919", "y": "1952700", "adm_cd": "11130760", "adm_nm": "서울특별시 서대문구 연희동"}}, {"type": "Feature", "geometry": {"type": "Polygon", "coordinates": [[[950923.3099000013, 1949685.8953000028], [950936.0847000016, 1949686.2547000009], [951017.8888999997, 1949619.3258999991], [951065.0523000001, 1949589.2868999995], [951160.9741000007, 1949528.3302999996], [951226.1291000001, 1949487.0099000006], [951328.6574999999, 1949474.5307000028], [951333.6677000008, 1949474.9138999989], [951337.3531000001, 1949476.193900002], [951337.8995000022, 1949476.5095000002], [951340.2509000017, 1949477.8679000011], [951342.6513000019, 1949479.984500002], [951344.9161000003, 1949482.9513000022], [951349.2437000005, 1949490.3157000015], [951376.867100001, 1949538.4146999994], [951472.0381000015, 1949489.725899999], [951467.9689000002, 1949482.1161000002], [951392.5639000025, 1949369.3391000004], [951338.7065000004, 1949310.9187000021], [950857.6942999999, 1948885.4843000001], [950849.309300002, 1948878.8852999983], [950804.3119000022, 1948843.4727000017], [950781.2119000016, 1948825.2932999977], [950682.0821000012, 1948747.841700003], [950679.1451000005, 1948745.5927000032], [950615.8762000012, 1948697.146099999], [950115.735800002, 1949042.4696000025], [950275.9413000008, 1949361.3721000028], [950326.9017000024, 1949456.7551000055], [950457.5699000012, 1949651.4647000027], [950500.9463000013, 1949715.8126999992], [950596.7263000011, 1949844.694600001], [950923.3099000013, 1949685.8953000028]]]}, "properties": {"x": "950621", "y": "1949274", "adm_cd": "11140590", "adm_nm": "서울특별시 마포구 용강동"}}, {"type": "Feature", "geometry": {"type": "Polygon", "coordinates": [[[951104.2180000013, 1950698.0677000023], [951127.2763000005, 1950333.3353999995], [951119.0047000023, 1950303.7744000005], [951114.7665000021, 1950290.3584], [951078.8623000013, 1950206.3353000022], [951056.946900002, 1950163.8591], [951051.9481000004, 1950163.4506000027], [951028.3609000014, 1950161.523499999], [951000.0809000018, 1950163.9147000015], [950974.7827000018, 1950165.8881000075], [950961.9503000004, 1950148.4704999994], [950956.448300002, 1950141.002499999], [950947.3039000011, 1950122.8789000006], [950869.9397000021, 1949937.3229], [950868.2877000005, 1949932.726299998], [950866.6493000002, 1949924.2961000015], [950866.0591000004, 1949914.3337000022], [950865.5987000004, 1949902.9302999983], [950865.5611000017, 1949889.4322999995], [950865.6129000009, 1949879.1989000011], [950868.7405000008, 1949867.656500006], [950870.2335000003, 1949862.6701999991], [950936.0847000016, 1949686.2547000009], [950923.3099000013, 1949685.8953000028], [950596.7263000011, 1949844.694600001], [950521.7503000016, 1949928.7937000017], [950375.8065000002, 1950181.1911999981], [950366.9221000005, 1950196.0954000037], [950209.2745000004, 1950379.6428999999], [950037.1963000005, 1950487.9967000023], [949956.2323000005, 1950566.7681000028], [950016.7265000006, 1950592.427700001], [950260.625800001, 1950788.3530000027], [950286.3260000008, 1950798.9624000061], [950324.625800001, 1950814.7465000004], [950460.9270000008, 1950870.9039000068], [950606.5317000003, 1950930.2248000018], [950626.2536000023, 1950937.983400002], [950659.8501000025, 1950946.585000001], [951114.258600001, 1950976.9858000074], [951104.2180000013, 1950698.0677000023]]]}, "properties": {"x": "950661", "y": "1950454", "adm_cd": "11140600", "adm_nm": "서울특별시 마포구 대흥동"}}, {"type": "Feature", "geometry": {"type": "Polygon", "coordinates": [[[951286.572500002, 1950931.7315000012], [951465.2839000019, 1950595.3843], [951507.682100001, 1950487.1379000025], [951513.2055000023, 1950424.4205000002], [951413.6763000009, 1949950.0249000022], [951306.9939000008, 1949808.152699999], [951195.6043000001, 1949692.7336000009], [951282.7995000004, 1949590.9013], [951291.4691000012, 1949586.050100008], [951295.9475000002, 1949583.5443000004], [951376.867100001, 1949538.4146999994], [951349.2437000005, 1949490.3157000015], [951344.9161000003, 1949482.9513000022], [951342.6513000019, 1949479.984500002], [951340.2509000017, 1949477.8679000011], [951337.8995000022, 1949476.5095000002], [951337.3531000001, 1949476.193900002], [951333.6677000008, 1949474.9138999989], [951328.6574999999, 1949474.5307000028], [951226.1291000001, 1949487.0099000006], [951160.9741000007, 1949528.3302999996], [951065.0523000001, 1949589.2868999995], [951017.8888999997, 1949619.3258999991], [950936.0847000016, 1949686.2547000009], [950870.2335000003, 1949862.6701999991], [950868.7405000008, 1949867.656500006], [950865.6129000009, 1949879.1989000011], [950865.5611000017, 1949889.4322999995], [950865.5987000004, 1949902.9302999983], [950866.0591000004, 1949914.3337000022], [950866.6493000002, 1949924.2961000015], [950868.2877000005, 1949932.726299998], [950869.9397000021, 1949937.3229], [950947.3039000011, 1950122.8789000006], [950956.448300002, 1950141.002499999], [950961.9503000004, 1950148.4704999994], [950974.7827000018, 1950165.8881000075], [951000.0809000018, 1950163.9147000015], [951028.3609000014, 1950161.523499999], [951051.9481000004, 1950163.4506000027], [951056.946900002, 1950163.8591], [951078.8623000013, 1950206.3353000022], [951114.7665000021, 1950290.3584], [951119.0047000023, 1950303.7744000005], [951127.2763000005, 1950333.3353999995], [951104.2180000013, 1950698.0677000023], [951114.258600001, 1950976.9858000074], [951328.3312000001, 1950991.6583000005], [951328.6046000009, 1950991.6826000009], [951286.572500002, 1950931.7315000012]]]}, "properties": {"x": "951197", "y": "1950209", "adm_cd": "11140610", "adm_nm": "서울특별시 마포구 염리동"}}, {"type": "Feature", "geometry": {"type": "Polygon", "coordinates": [[[950037.1963000005, 1950487.9967000023], [950209.2745000004, 1950379.6428999999], [950366.9221000005, 1950196.0954000037], [950375.8065000002, 1950181.1911999981], [950521.7503000016, 1949928.7937000017], [950596.7263000011, 1949844.694600001], [950500.9463000013, 1949715.8126999992], [950457.5699000012, 1949651.4647000027], [950326.9017000024, 1949456.7551000055], [950275.9413000008, 1949361.3721000028], [950115.735800002, 1949042.4696000025], [949675.0790000011, 1949267.6519000065], [949504.4461000022, 1949276.5577000065], [949520.4171000012, 1949384.4881000016], [949620.9393000014, 1949569.9714999995], [949626.6121000007, 1949580.2353000012], [949645.2467000021, 1949613.9495000015], [949658.6277000007, 1949638.158500002], [949698.5985000015, 1949675.3399000003], [949733.053300001, 1949691.6193], [949744.3449000011, 1949693.0439000025], [949769.6343000006, 1949696.1985000027], [949769.6753000019, 1949696.2034000002], [949773.9426999998, 1949696.7355000009], [949790.8165000008, 1949708.0518999998], [949807.3299000023, 1949719.2402999988], [949847.771900001, 1949790.2699000011], [949851.0567000009, 1949800.8087000037], [949862.7017000022, 1949838.3933000024], [949882.1247, 1949940.5861000037], [949901.2195000015, 1950166.7370999993], [949911.5809000023, 1950318.374300002], [949956.2323000005, 1950566.7681000028], [950037.1963000005, 1950487.9967000023]]]}, "properties": {"x": "950072", "y": "1949739", "adm_cd": "11140630", "adm_nm": "서울특별시 마포구 신수동"}}, {"type": "Feature", "geometry": {"type": "Polygon", "coordinates": [[[949363.9768000024, 1951412.3258000002], [949357.1742000016, 1951276.612200001], [949356.2818000005, 1951217.3848], [949356.1652000002, 1951209.6427999998], [949643.8042000023, 1951075.1646000047], [949905.3304000022, 1950952.9234000018], [950222.6226000023, 1950805.6040000026], [950260.625800001, 1950788.3530000027], [950016.7265000006, 1950592.427700001], [949768.8359000008, 1950739.4933000023], [949609.2017000015, 1950684.8061000053], [949320.4175000011, 1950577.1311000083], [949139.6703000021, 1950399.3945000002], [949141.7637, 1950386.997900002], [949144.7109000017, 1950347.096900003], [949143.2141000024, 1950336.2787000001], [949107.6697000017, 1950297.1815000058], [948936.4165000005, 1950134.933100002], [948854.1919000006, 1950074.0408999994], [948785.8321000019, 1950045.6399000026], [948728.9573000013, 1950050.2898999997], [948717.4721999997, 1950051.2828000041], [948706.4159000012, 1950052.2387000024], [948686.3743000025, 1950053.9891000022], [948655.6777000003, 1950056.6701999996], [948193.7578999999, 1950159.658800004], [948149.0899000018, 1950218.643800002], [948133.6091000019, 1950283.4942999997], [948086.8479000011, 1950483.6689000023], [948035.6591000018, 1950700.5890999998], [947972.5263000003, 1950793.7087000045], [947785.4086000004, 1951057.173200001], [947792.0975000005, 1951064.3391999996], [947792.4075000011, 1951064.6710000027], [947811.5945000018, 1951084.931800006], [947823.1231000025, 1951090.0114000002], [947830.1061000015, 1951093.0880000023], [947839.3323000007, 1951096.0946000004], [948078.1703000013, 1951159.6696000018], [948122.3922000008, 1951165.6992000006], [948152.0671000002, 1951167.2768000015], [948328.3881000013, 1951149.1559999997], [948561.6835000017, 1951213.1951], [948655.4987000026, 1951080.406100001], [948661.276500001, 1951072.5351], [948665.2591000008, 1951067.3968999991], [949306.9523000006, 1951455.4735000022], [949410.7156000015, 1951535.7234000028], [949363.9768000024, 1951412.3258000002]]]}, "properties": {"x": "948866", "y": "1950772", "adm_cd": "11140660", "adm_nm": "서울특별시 마포구 서교동"}}, {"type": "Feature", "geometry": {"type": "Polygon", "coordinates": [[[948086.8479000011, 1950483.6689000023], [948133.6091000019, 1950283.4942999997], [948149.0899000018, 1950218.643800002], [948193.7578999999, 1950159.658800004], [948655.6777000003, 1950056.6701999996], [948686.3743000025, 1950053.9891000022], [948706.4159000012, 1950052.2387000024], [948717.4721999997, 1950051.2828000041], [948728.9573000013, 1950050.2898999997], [948785.8321000019, 1950045.6399000026], [948771.6927000013, 1950006.3340999996], [948749.2981000005, 1949948.1289000018], [948715.284500002, 1949859.8943000038], [948646.4157000002, 1949682.1481999997], [948646.0615, 1949681.3434000008], [948643.9847000018, 1949677.8456000001], [948605.9387000019, 1949636.2065999997], [948602.8929000024, 1949633.3986000065], [948598.0197000015, 1949628.9062], [948593.7677000003, 1949627.0864000027], [948590.6305000009, 1949626.7116000007], [948506.3460999998, 1949445.1090000067], [948509.1094000018, 1949281.8345999997], [947421.7653000017, 1949287.5991999987], [947365.9145, 1949371.127200002], [947190.4759000011, 1949589.8498000025], [947178.0968000005, 1949629.2021000013], [947174.4928000022, 1949640.6511000008], [947170.9190000007, 1949651.9199], [947166.2984000013, 1949666.4013], [947159.0234000019, 1949689.0857000016], [947158.6648000025, 1949689.8843000014], [947158.1762000013, 1949690.6665000054], [946906.3074000007, 1950022.183900002], [946623.3022000019, 1950138.8529000005], [948035.6591000018, 1950700.5890999998], [948086.8479000011, 1950483.6689000023]]]}, "properties": {"x": "947805", "y": "1949904", "adm_cd": "11140680", "adm_nm": "서울특별시 마포구 합정동"}}, {"type": "Feature", "geometry": {"type": "Polygon", "coordinates": [[[947972.5263000003, 1950793.7087000045], [948035.6591000018, 1950700.5890999998], [946623.3022000019, 1950138.8529000005], [945953.3348000022, 1950503.7295000022], [945953.4607000013, 1950503.8811000022], [946024.4732999997, 1950589.3513000011], [946171.8613000001, 1950766.7257000008], [946225.3529000005, 1950830.9887000006], [946278.8383000018, 1950893.1127000004], [946411.4249000002, 1950953.2957000034], [946613.2729000007, 1950774.2983000004], [946782.7499000002, 1950889.8641000008], [947732.1839000009, 1951131.4285000027], [947785.4086000004, 1951057.173200001], [947972.5263000003, 1950793.7087000045]]]}, "properties": {"x": "946983", "y": "1950746", "adm_cd": "11140690", "adm_nm": "서울특별시 마포구 망원1동"}}, {"type": "Feature", "geometry": {"type": "Polygon", "coordinates": [[[947611.0475000008, 1951301.7674000016], [947732.1839000009, 1951131.4285000027], [946782.7499000002, 1950889.8641000008], [946613.2729000007, 1950774.2983000004], [946411.4249000002, 1950953.2957000034], [946550.7211000012, 1951365.0223000045], [947009.9149000022, 1951600.2254000034], [947068.3189000003, 1951626.992400001], [947153.8073000013, 1951666.1716000026], [947162.7603000018, 1951670.2745999983], [947309.2617000005, 1951718.0486000003], [947611.0475000008, 1951301.7674000016]]]}, "properties": {"x": "947030", "y": "1951340", "adm_cd": "11140700", "adm_nm": "서울특별시 마포구 망원2동"}}, {"type": "Feature", "geometry": {"type": "Polygon", "coordinates": [[[948525.2736000016, 1952195.4750000047], [948641.4658000025, 1952131.2775999983], [948667.7188000011, 1952121.9697999984], [948785.9304000011, 1952081.2938000022], [948803.549500001, 1952076.6992000022], [948816.7662000007, 1952074.9093999993], [948842.3669000004, 1952070.0381000037], [948853.0764000008, 1952068.0001999997], [948891.2363000012, 1952060.4464000014], [948897.6694000012, 1952059.172800004], [948908.4027000016, 1952056.814200002], [948916.749200001, 1952054.9799999997], [949094.9212000016, 1952004.6154], [949154.2768000022, 1951983.3552000015], [949154.8226000005, 1951983.158199999], [949195.6320000011, 1951968.3372000032], [949196.5128000008, 1951967.9556000007], [949246.6670000008, 1951942.9965999993], [949258.9125000018, 1951935.3896000013], [949285.9732000013, 1951918.5788000037], [949291.1002000023, 1951915.3680000007], [949301.1144000008, 1951909.096200001], [949309.1618000007, 1951904.0560000008], [949318.9908, 1951894.3685000017], [949333.3860000004, 1951880.1805000026], [949357.7778000007, 1951856.1394999998], [949375.6438000015, 1951838.5080000018], [949413.3874000026, 1951801.2404000014], [949414.8302000009, 1951799.7962999993], [949508.3114000014, 1951706.178300003], [949505.503800001, 1951674.0318000012], [949495.4364000006, 1951655.5210000048], [949477.4272000007, 1951622.5374000003], [949425.5329000007, 1951534.5569000007], [949410.7156000015, 1951535.7234000028], [949306.9523000006, 1951455.4735000022], [948665.2591000008, 1951067.3968999991], [948661.276500001, 1951072.5351], [948655.4987000026, 1951080.406100001], [948561.6835000017, 1951213.1951], [948587.8125000021, 1951281.583400003], [948601.6248000016, 1951330.9238000019], [948611.4435000012, 1951369.9230000023], [948608.7339000017, 1951451.1734000028], [948583.1605000009, 1951551.8151999996], [948561.3433, 1951625.5256000008], [948559.8917000012, 1951625.3441999992], [948546.6571000023, 1951623.4534000016], [948544.2571000018, 1951623.1104000034], [948542.6815000006, 1951630.3313999996], [948528.4326999998, 1951703.1324000005], [948521.4941000001, 1951739.559200001], [948502.8119999999, 1951858.9186000025], [948479.3237000017, 1952079.6948000027], [948496.0264000008, 1952208.8724000012], [948525.2736000016, 1952195.4750000047]]]}, "properties": {"x": "948910", "y": "1951680", "adm_cd": "11140710", "adm_nm": "서울특별시 마포구 연남동"}}, {"type": "Feature", "geometry": {"type": "Polygon", "coordinates": [[[948479.3237000017, 1952079.6948000027], [948502.8119999999, 1951858.9186000025], [948521.4941000001, 1951739.559200001], [948528.4326999998, 1951703.1324000005], [948542.6815000006, 1951630.3313999996], [948544.2571000018, 1951623.1104000034], [948546.6571000023, 1951623.4534000016], [948559.8917000012, 1951625.3441999992], [948561.3433, 1951625.5256000008], [948583.1605000009, 1951551.8151999996], [948608.7339000017, 1951451.1734000028], [948611.4435000012, 1951369.9230000023], [948601.6248000016, 1951330.9238000019], [948587.8125000021, 1951281.583400003], [948561.6835000017, 1951213.1951], [948328.3881000013, 1951149.1559999997], [948152.0671000002, 1951167.2768000015], [948122.3922000008, 1951165.6992000006], [948078.1703000013, 1951159.6696000018], [947839.3323000007, 1951096.0946000004], [947830.1061000015, 1951093.0880000023], [947823.1231000025, 1951090.0114000002], [947811.5945000018, 1951084.931800006], [947792.4075000011, 1951064.6710000027], [947792.0975000005, 1951064.3391999996], [947785.4086000004, 1951057.173200001], [947732.1839000009, 1951131.4285000027], [947611.0475000008, 1951301.7674000016], [947309.2617000005, 1951718.0486000003], [947578.9727000019, 1951811.496800001], [947634.1191000005, 1951830.600200001], [947682.5400999999, 1951846.9858000022], [947821.9537000004, 1951894.1630000016], [947967.1263000001, 1951943.2878000005], [948119.0029000003, 1951994.681200002], [948121.7991000011, 1951995.6564000025], [948236.8527000005, 1952035.7832000002], [948261.6465000007, 1952044.4316], [948345.1907000021, 1952088.347400004], [948384.8759000015, 1952117.2550000048], [948430.2377000023, 1952150.2978000063], [948464.2073000008, 1952182.3331999998], [948493.6293000022, 1952210.0799999991], [948494.9443000004, 1952209.3681000017], [948496.0264000008, 1952208.8724000012], [948479.3237000017, 1952079.6948000027]]]}, "properties": {"x": "948057", "y": "1951569", "adm_cd": "11140720", "adm_nm": "서울특별시 마포구 성산1동"}}, {"type": "Feature", "geometry": {"type": "Polygon", "coordinates": [[[947540.5811000001, 1952840.5096], [947880.6306999999, 1952565.9138999996], [948493.6293000022, 1952210.0799999991], [948464.2073000008, 1952182.3331999998], [948430.2377000023, 1952150.2978000063], [948384.8759000015, 1952117.2550000048], [948345.1907000021, 1952088.347400004], [948261.6465000007, 1952044.4316], [948236.8527000005, 1952035.7832000002], [948121.7991000011, 1951995.6564000025], [948119.0029000003, 1951994.681200002], [947967.1263000001, 1951943.2878000005], [947821.9537000004, 1951894.1630000016], [947682.5400999999, 1951846.9858000022], [947634.1191000005, 1951830.600200001], [947578.9727000019, 1951811.496800001], [947309.2617000005, 1951718.0486000003], [947162.7603000018, 1951670.2745999983], [947153.8073000013, 1951666.1716000026], [947068.3189000003, 1951626.992400001], [947009.9149000022, 1951600.2254000034], [946550.7211000012, 1951365.0223000045], [946579.8389000017, 1951544.1214000008], [946586.6967000018, 1951691.1620000014], [946514.0087000013, 1952091.4035999998], [946494.1217000013, 1952119.2689999994], [946491.3989000022, 1952122.5098000038], [946473.2411000009, 1952144.1208000043], [946456.1316999999, 1952163.7518000004], [946437.0412999997, 1952181.0996000026], [946413.2791000002, 1952201.661400002], [946400.4399000003, 1952211.8698000018], [946390.8399000003, 1952219.535000002], [946380.2355000019, 1952228.1422000034], [946371.0009000017, 1952236.081399999], [946358.8405000006, 1952246.6679999991], [946345.7661000002, 1952258.1362000024], [946327.4191000002, 1952274.9896000014], [946314.5573000011, 1952286.9766000046], [946303.4630000021, 1952297.4726000014], [946283.6515000002, 1952316.7618000042], [946274.0807, 1952326.1322000013], [946265.8213000004, 1952334.3780000042], [946260.7005000005, 1952339.5204000024], [946255.3663000003, 1952345.1486000028], [946231.1033000011, 1952371.0132000004], [946221.6848000013, 1952381.176400002], [946204.2171000016, 1952401.2000000048], [946187.1461000006, 1952420.9494000012], [946182.6959000006, 1952426.2452000037], [946161.9348000004, 1952451.7782000024], [946153.8869000024, 1952462.1872000007], [946144.0391000014, 1952474.9398000014], [946138.8259000008, 1952481.6960000054], [946117.3173000021, 1952511.0336000007], [946105.5985000015, 1952528.3496000012], [946330.4644000013, 1952789.6632000022], [946442.9755000012, 1952824.659400003], [946475.745700001, 1952831.2361999983], [946590.0529000015, 1952776.1234000032], [946804.137100002, 1952783.9042000007], [947009.0579000025, 1952916.1070000038], [947149.1291000008, 1953060.2036000034], [947203.710600001, 1953126.2390000029], [947540.5811000001, 1952840.5096]]]}, "properties": {"x": "947183", "y": "1952282", "adm_cd": "11140730", "adm_nm": "서울특별시 마포구 성산2동"}}, {"type": "Feature", "geometry": {"type": "Polygon", "coordinates": [[[946086.0787000015, 1954059.2832999993], [946094.0101000002, 1954052.8310000026], [946140.6699000021, 1954014.8724999996], [946525.6357000024, 1953701.0719000008], [946605.7379000019, 1953635.3603000008], [946770.122100001, 1953500.3664999995], [946824.5085000019, 1953454.384400001], [947073.0259000014, 1953240.9223000025], [947152.3749000015, 1953172.675700002], [947203.3092000005, 1953126.791400002], [947203.710600001, 1953126.2390000029], [947149.1291000008, 1953060.2036000034], [947009.0579000025, 1952916.1070000038], [946804.137100002, 1952783.9042000007], [946590.0529000015, 1952776.1234000032], [946475.745700001, 1952831.2361999983], [946442.9755000012, 1952824.659400003], [946330.4644000013, 1952789.6632000022], [946105.5985000015, 1952528.3496000012], [946117.3173000021, 1952511.0336000007], [946138.8259000008, 1952481.6960000054], [946144.0391000014, 1952474.9398000014], [946153.8869000024, 1952462.1872000007], [946161.9348000004, 1952451.7782000024], [946182.6959000006, 1952426.2452000037], [946187.1461000006, 1952420.9494000012], [946204.2171000016, 1952401.2000000048], [946221.6848000013, 1952381.176400002], [946231.1033000011, 1952371.0132000004], [946255.3663000003, 1952345.1486000028], [946260.7005000005, 1952339.5204000024], [946265.8213000004, 1952334.3780000042], [946274.0807, 1952326.1322000013], [946283.6515000002, 1952316.7618000042], [946303.4630000021, 1952297.4726000014], [946314.5573000011, 1952286.9766000046], [946327.4191000002, 1952274.9896000014], [946345.7661000002, 1952258.1362000024], [946358.8405000006, 1952246.6679999991], [946371.0009000017, 1952236.081399999], [946380.2355000019, 1952228.1422000034], [946390.8399000003, 1952219.535000002], [946400.4399000003, 1952211.8698000018], [946413.2791000002, 1952201.661400002], [946437.0412999997, 1952181.0996000026], [946456.1316999999, 1952163.7518000004], [946473.2411000009, 1952144.1208000043], [946491.3989000022, 1952122.5098000038], [946494.1217000013, 1952119.2689999994], [946514.0087000013, 1952091.4035999998], [946586.6967000018, 1951691.1620000014], [946579.8389000017, 1951544.1214000008], [946550.7211000012, 1951365.0223000045], [946411.4249000002, 1950953.2957000034], [946278.8383000018, 1950893.1127000004], [946225.3529000005, 1950830.9887000006], [946171.8613000001, 1950766.7257000008], [946024.4732999997, 1950589.3513000011], [945953.4607000013, 1950503.8811000022], [945953.3348000022, 1950503.7295000022], [945839.5288000009, 1950592.9113000017], [945279.9898000001, 1950949.3739000028], [944627.302900001, 1951373.0789], [944349.6949000014, 1951543.2102000024], [944075.8411000017, 1951687.7983999997], [944055.5599000012, 1951698.0903000014], [944033.2885000014, 1951710.2671000026], [943889.2807000005, 1951816.8991000038], [943816.5789000012, 1951871.2025000034], [943747.7236000018, 1951927.973900001], [943235.0133000008, 1952343.8080000002], [942921.8959000001, 1952687.3226000005], [942923.1015000002, 1952903.5346000039], [942923.1417000003, 1952910.1249000016], [943029.7839000002, 1952935.862100001], [943112.2351000023, 1952955.7294000017], [943251.4573000001, 1952989.2285000002], [943424.5284000023, 1953066.6587999999], [943789.7018000007, 1953244.8254000004], [944002.4080000019, 1953311.6993000011], [944424.9719000014, 1953367.0021000006], [944499.4300000011, 1953375.8214000002], [944510.7051000001, 1953376.8617000026], [944644.4951000013, 1953389.2039000005], [944717.8609000018, 1953395.2492999998], [944830.8908000018, 1953393.8068000004], [944924.872700001, 1953383.2803000016], [944997.4535000008, 1953462.3859000022], [945028.7595000016, 1953513.2947], [945030.7813, 1953517.2849000017], [945037.2524000006, 1953530.0565000083], [945043.1435000023, 1953542.3339000004], [945047.086000001, 1953555.876000002], [945032.6624000019, 1953639.385600001], [945028.8711000015, 1953654.9003000008], [944999.3531000011, 1953849.8395000007], [945002.722800001, 1954119.6842999994], [945019.0666, 1954202.1795000015], [945043.9802999999, 1954277.0028000013], [945294.1827000009, 1954636.9014999992], [945316.2347000008, 1954659.8693000008], [945322.3437000008, 1954666.1165000014], [945445.798300001, 1954778.6157000058], [945693.0843000007, 1954467.586000002], [945734.3479000021, 1954416.4352999998], [945768.1069000013, 1954375.2007999995], [945801.8088, 1954336.6988000032], [945804.8707000009, 1954333.2008000026], [945854.5229000004, 1954282.3553999988], [945928.8661000009, 1954206.988], [945977.5637000018, 1954159.0067000021], [946044.4173000017, 1954093.1752999988], [946072.8560000004, 1954070.0400000047], [946086.0787000015, 1954059.2832999993]]]}, "properties": {"x": "945241", "y": "1952555", "adm_cd": "11140740", "adm_nm": "서울특별시 마포구 상암동"}}, {"type": "Feature", "geometry": {"type": "Polygon", "coordinates": [[[951644.6881000013, 1949379.1443000042], [951993.2297000001, 1949187.2202000022], [951999.8798000007, 1949168.6429000013], [951917.4113000007, 1949044.4656000012], [951875.8062000026, 1949016.0966000012], [951868.7726000005, 1949013.045000002], [951820.363600002, 1949000.456400002], [951706.0610000002, 1948826.317400002], [951700.3656000016, 1948828.2224000003], [951682.0473999999, 1948809.4878999996], [951522.2242000017, 1948693.3896000008], [951491.4574000004, 1948680.5576000013], [951165.0876000003, 1948590.2213000052], [951118.0753000017, 1948612.948100004], [951091.6759000012, 1948635.2490000024], [951090.8078000005, 1948634.9058000022], [951079.4490000021, 1948630.0159000023], [951054.2854000006, 1948612.3467000024], [950974.5378000009, 1948549.7816999992], [950953.409400002, 1948508.0935999996], [950949.8833999999, 1948501.0450000046], [950929.1967000004, 1948419.5117000006], [950615.8762000012, 1948697.146099999], [950679.1451000005, 1948745.5927000032], [950682.0821000012, 1948747.841700003], [950781.2119000016, 1948825.2932999977], [950804.3119000022, 1948843.4727000017], [950849.309300002, 1948878.8852999983], [950857.6942999999, 1948885.4843000001], [951338.7065000004, 1949310.9187000021], [951392.5639000025, 1949369.3391000004], [951467.9689000002, 1949482.1161000002], [951472.0381000015, 1949489.725899999], [951644.6881000013, 1949379.1443000042]]]}, "properties": {"x": "951235", "y": "1948953", "adm_cd": "11140750", "adm_nm": "서울특별시 마포구 도화동"}}, {"type": "Feature", "geometry": {"type": "Polygon", "coordinates": [[[949768.8359000008, 1950739.4933000023], [950016.7265000006, 1950592.427700001], [949956.2323000005, 1950566.7681000028], [949911.5809000023, 1950318.374300002], [949901.2195000015, 1950166.7370999993], [949882.1247, 1949940.5861000037], [949862.7017000022, 1949838.3933000024], [949851.0567000009, 1949800.8087000037], [949847.771900001, 1949790.2699000011], [949807.3299000023, 1949719.2402999988], [949790.8165000008, 1949708.0518999998], [949773.9426999998, 1949696.7355000009], [949769.6753000019, 1949696.2034000002], [949769.6343000006, 1949696.1985000027], [949744.3449000011, 1949693.0439000025], [949733.053300001, 1949691.6193], [949698.5985000015, 1949675.3399000003], [949658.6277000007, 1949638.158500002], [949645.2467000021, 1949613.9495000015], [949626.6121000007, 1949580.2353000012], [949620.9393000014, 1949569.9714999995], [949520.4171000012, 1949384.4881000016], [949504.4461000022, 1949276.5577000065], [949675.0790000011, 1949267.6519000065], [949437.4487000016, 1949015.4230000027], [949436.031500001, 1949015.0936000012], [949387.4973000014, 1949011.1764000016], [949364.2543000015, 1949017.1086000013], [949355.2579000005, 1949020.5499999993], [949306.3441000005, 1949039.3226000017], [949183.1241000015, 1949092.9298000014], [949032.936700002, 1949170.8218000028], [949011.7059000011, 1949189.2156000081], [948992.8208999999, 1949235.6219999983], [948978.5839000004, 1949270.8348000003], [948975.1285000015, 1949279.363900004], [948920.9565000021, 1949279.6512000002], [948509.1094000018, 1949281.8345999997], [948506.3460999998, 1949445.1090000067], [948590.6305000009, 1949626.7116000007], [948593.7677000003, 1949627.0864000027], [948598.0197000015, 1949628.9062], [948602.8929000024, 1949633.3986000065], [948605.9387000019, 1949636.2065999997], [948643.9847000018, 1949677.8456000001], [948646.0615, 1949681.3434000008], [948646.4157000002, 1949682.1481999997], [948715.284500002, 1949859.8943000038], [948749.2981000005, 1949948.1289000018], [948771.6927000013, 1950006.3340999996], [948785.8321000019, 1950045.6399000026], [948854.1919000006, 1950074.0408999994], [948936.4165000005, 1950134.933100002], [949107.6697000017, 1950297.1815000058], [949143.2141000024, 1950336.2787000001], [949144.7109000017, 1950347.096900003], [949141.7637, 1950386.997900002], [949139.6703000021, 1950399.3945000002], [949320.4175000011, 1950577.1311000083], [949609.2017000015, 1950684.8061000053], [949768.8359000008, 1950739.4933000023]]]}, "properties": {"x": "949206", "y": "1949864", "adm_cd": "11140760", "adm_nm": "서울특별시 마포구 서강동"}}, {"type": "Feature", "geometry": {"type": "Polygon", "coordinates": [[[952446.4175000025, 1951143.791700004], [952467.7721000018, 1951146.955800003], [952475.9547000015, 1951148.001999999], [952489.6353000023, 1951147.1898000026], [952577.4453000014, 1951109.3329000003], [952608.1345000016, 1950981.4439999997], [952608.3323000008, 1950980.4583999987], [952609.4115000014, 1950968.6909999996], [952498.4317000001, 1950570.5157999985], [952514.5201000008, 1950385.891800002], [952595.1498000042, 1950057.7027000003], [952557.4082000029, 1950074.4546000017], [952425.9268000044, 1949937.2878000014], [952131.7944000011, 1949708.0136000006], [952076.8572000014, 1949546.2009000015], [952067.1040000031, 1949478.147800004], [952069.2056, 1949453.8101000013], [952069.2211999989, 1949453.636499999], [952069.2665999993, 1949453.4680999995], [952069.3406000047, 1949453.310200004], [952081.6936000005, 1949435.3143], [952086.7274000016, 1949432.051600001], [952098.0448000015, 1949429.8301000022], [952104.4957999989, 1949429.1883000028], [952104.5842000025, 1949429.1741000002], [952114.0826000039, 1949427.6433], [952126.7142000052, 1949425.6061000025], [952128.1385000004, 1949424.6581000001], [952148.8588000012, 1949409.3287000004], [952149.4603000018, 1949408.8729000017], [952150.6440000031, 1949407.975700004], [952143.6382000006, 1949393.2283000033], [952140.1953999996, 1949385.9832000064], [952108.4564000011, 1949334.8499000028], [951993.2297000001, 1949187.2202000022], [951644.6881000013, 1949379.1443000042], [951472.0381000015, 1949489.725899999], [951681.9423000022, 1949847.6921000024], [951865.608300002, 1950229.9512999994], [952000.514500001, 1950565.8962999987], [952056.5597000017, 1950705.3087000009], [952060.2535000019, 1950714.330500002], [952062.2024999999, 1950719.0903000012], [952120.456100001, 1950861.3505000034], [952130.2375000005, 1950885.2373000002], [952137.4099000024, 1950892.8563000057], [952226.0396999998, 1950987.0029000011], [952295.2378000023, 1951056.343900002], [952452.2817000002, 1951217.9003999997], [952455.1516000014, 1951211.1750000005], [952446.4175000025, 1951143.791700004]]]}, "properties": {"x": "952125", "y": "1950165", "adm_cd": "11140770", "adm_nm": "서울특별시 마포구 공덕동"}}, {"type": "Feature", "geometry": {"type": "Polygon", "coordinates": [[[952277.5302, 1951063.8858000021], [952295.2378000023, 1951056.343900002], [952226.0396999998, 1950987.0029000011], [952137.4099000024, 1950892.8563000057], [952130.2375000005, 1950885.2373000002], [952120.456100001, 1950861.3505000034], [952062.2024999999, 1950719.0903000012], [952060.2535000019, 1950714.330500002], [952056.5597000017, 1950705.3087000009], [952000.514500001, 1950565.8962999987], [951865.608300002, 1950229.9512999994], [951681.9423000022, 1949847.6921000024], [951472.0381000015, 1949489.725899999], [951376.867100001, 1949538.4146999994], [951295.9475000002, 1949583.5443000004], [951291.4691000012, 1949586.050100008], [951282.7995000004, 1949590.9013], [951195.6043000001, 1949692.7336000009], [951306.9939000008, 1949808.152699999], [951413.6763000009, 1949950.0249000022], [951513.2055000023, 1950424.4205000002], [951507.682100001, 1950487.1379000025], [951465.2839000019, 1950595.3843], [951286.572500002, 1950931.7315000012], [951328.6046000009, 1950991.6826000009], [951799.0016000005, 1951022.6398000014], [952229.0618000004, 1951014.4869999988], [952245.4420000018, 1951029.419800003], [952277.5302, 1951063.8858000021]]]}, "properties": {"x": "951660", "y": "1950415", "adm_cd": "11140780", "adm_nm": "서울특별시 마포구 아현동"}}, {"type": "Feature", "geometry": {"type": "Polygon", "coordinates": [[[945970.0179000007, 1948110.1745000016], [946080.4653000009, 1948069.2273000018], [945968.2049000016, 1948078.022999999], [945951.5115000012, 1948078.1999999993], [945938.0375000002, 1948078.3428000035], [945919.6339000001, 1948076.4211999988], [945899.309500001, 1948072.3304000015], [945851.6583000007, 1948051.1638000002], [945307.0692, 1947783.1844000013], [945288.8958000022, 1947771.8847999997], [945277.8153000018, 1947761.6272000019], [945106.2891000016, 1947520.5068], [945104.3082999999, 1947515.6950000022], [945093.2657000014, 1947488.8699999992], [945093.199500002, 1947488.282400003], [945093.0075000022, 1947486.5650000009], [945093.1730000019, 1947472.3807999995], [945093.2501000003, 1947465.775199999], [945093.4799000008, 1947446.1390000028], [945094.0189000007, 1947441.6378000025], [945119.5093000003, 1947250.102400002], [945123.6751000017, 1947234.4927999987], [945126.1909000014, 1947225.5658000023], [945128.844800001, 1947216.1493999988], [945128.8280000014, 1947203.0581], [945046.362700002, 1947181.3728000019], [945021.8733000003, 1947175.4014000013], [945009.3681000009, 1947172.3521999991], [944534.0445000007, 1947262.1398000037], [944474.5160000003, 1947273.5198000008], [944447.5631000011, 1947278.6724], [944433.3461000016, 1947277.496799999], [944203.2775000004, 1947367.7786000022], [943959.7404000016, 1947226.1695000003], [943951.8004000023, 1947222.6803000001], [943827.8475000005, 1947616.0578000026], [943803.2817000006, 1948020.8208000013], [943803.8240000021, 1948021.8750000033], [944087.8472000004, 1948067.1695000003], [944684.6500000015, 1948161.4057000026], [944894.4014000015, 1948190.914300003], [945187.0828000011, 1948230.6806999992], [945274.3808000007, 1948238.971899998], [945297.3368000009, 1948240.6327], [945350.894400001, 1948244.5067000007], [945353.0494000019, 1948244.4379000023], [945444.375, 1948241.5105000013], [945551.2370000016, 1948230.3147], [945668.4829000019, 1948205.1504000025], [945788.6195000004, 1948177.4264000002], [945970.0179000007, 1948110.1745000016]]]}, "properties": {"x": "944706", "y": "1947765", "adm_cd": "11150510", "adm_nm": "서울특별시 양천구 목1동"}}, {"type": "Feature", "geometry": {"type": "Polygon", "coordinates": [[[945391.318100001, 1949924.1012], [945605.4702000022, 1949577.943800001], [945488.7877000009, 1949606.1780000005], [945450.7949000008, 1949613.5941999992], [945410.7011000006, 1949572.196200001], [945408.6291000012, 1949567.5644000021], [945402.4009000016, 1949553.6404000018], [945396.7251000014, 1949540.951], [945394.131300001, 1949535.1520000026], [945377.2674000002, 1949497.448799999], [945372.8911000004, 1949487.6643999987], [945352.468300001, 1949459.417000002], [945328.9227000002, 1949442.4266000027], [945178.1273000003, 1949377.7894000025], [945044.6233000023, 1949326.8606000023], [944910.5273000022, 1949276.1876], [944883.3213000007, 1949264.0831999998], [944871.4112000007, 1949250.405600002], [944869.4085000001, 1949248.1055999997], [944868.4881000019, 1949247.0477999998], [944788.1653000019, 1949138.9159999983], [944577.5314999998, 1948879.6892000036], [944290.6197000019, 1949079.5342000006], [944208.1041000003, 1949128.2225999995], [944042.5617000014, 1949573.3564000009], [944161.0576999999, 1949795.2336000018], [944356.248100001, 1949932.5862000007], [944369.6831000006, 1949949.5189999987], [944369.9672000005, 1949949.8804000013], [944409.6475000002, 1950000.3578000017], [944412.7840000016, 1950004.3479000002], [944415.7577000009, 1950002.5056], [944420.7395000011, 1949999.4202], [944437.6321000013, 1949989.7241999987], [944454.8474000013, 1949980.6059999992], [944472.3559000002, 1949972.0661999984], [944490.1375000014, 1949964.114800002], [944508.1819000005, 1949956.771800003], [944526.4595000006, 1949950.0272000004], [944544.950500001, 1949943.9014000031], [944549.9017000005, 1949942.4445999996], [944563.6347000019, 1949938.4042000035], [944577.0308999999, 1949934.9473999995], [944582.5020000013, 1949933.5358000011], [944601.5128000006, 1949929.3066000056], [944620.6567000012, 1949925.7062000008], [944625.5439000007, 1949924.9572000052], [944639.9143000025, 1949922.7552000014], [944659.2551000003, 1949920.4534000037], [944674.8696000009, 1949919.1244000003], [944678.6693000022, 1949918.8010000028], [944684.1601000008, 1949918.5180000025], [944698.1271000021, 1949917.7982000024], [944706.5433000022, 1949917.6436000015], [944717.598500001, 1949917.445000001], [944737.082900002, 1949917.7515999991], [944746.8120000018, 1949918.229800004], [944791.9198000004, 1949920.4604000018], [944870.158700001, 1949924.3377999987], [944905.1068000013, 1949926.069800003], [945051.9927000024, 1949933.3556000004], [945255.367700001, 1950002.692], [945291.7724000007, 1950053.5632000035], [945391.318100001, 1949924.1012]]]}, "properties": {"x": "944712", "y": "1949547", "adm_cd": "11150520", "adm_nm": "서울특별시 양천구 목2동"}}, {"type": "Feature", "geometry": {"type": "Polygon", "coordinates": [[[944409.6475000002, 1950000.3578000017], [944369.9672000005, 1949949.8804000013], [944369.6831000006, 1949949.5189999987], [944356.248100001, 1949932.5862000007], [944161.0576999999, 1949795.2336000018], [944042.5617000014, 1949573.3564000009], [944208.1041000003, 1949128.2225999995], [943786.0560000001, 1949074.5949000055], [943786.2225000008, 1949076.7554999997], [943792.1586000011, 1949158.3729000005], [943794.0613000011, 1949184.5354000013], [943794.9628000011, 1949198.0658999993], [943795.4089000018, 1949206.8003000012], [943795.4225000008, 1949208.3491000016], [943795.485400001, 1949215.5567000029], [943795.1620000011, 1949224.3052999987], [943794.4786000012, 1949233.035900003], [943793.3950000016, 1949241.718499999], [943791.9412000012, 1949250.3531000002], [943772.6795000015, 1949344.8916000002], [943772.6024000009, 1949345.0176000022], [943749.5286000017, 1949382.6856999986], [943735.2425000009, 1949406.0077000046], [943723.0596000014, 1949425.896100001], [943718.0222000002, 1949434.1195], [943715.6031000018, 1949439.5639999984], [943714.6833000006, 1949441.634500003], [943708.551300002, 1949455.931999999], [943664.0329000019, 1949560.7107000025], [943654.3229, 1949590.2314999993], [943652.3654000001, 1949603.0060000012], [943650.5547000016, 1949614.8227000015], [943649.8901000011, 1949638.407900001], [943650.9053000018, 1949652.6676000005], [943711.5609999998, 1949890.8432000023], [943772.9050000017, 1950131.019900002], [943805.644500002, 1950258.2690999997], [943837.0193000014, 1950379.7175000003], [943839.949100002, 1950391.0149000022], [943840.8663000019, 1950391.4091999992], [943862.9735000012, 1950400.9123000004], [943912.6099, 1950372.4820999992], [944412.7840000016, 1950004.3479000002], [944409.6475000002, 1950000.3578000017]]]}, "properties": {"x": "943953", "y": "1949733", "adm_cd": "11150530", "adm_nm": "서울특별시 양천구 목3동"}}, {"type": "Feature", "geometry": {"type": "Polygon", "coordinates": [[[944290.6197000019, 1949079.5342000006], [944577.5314999998, 1948879.6892000036], [944562.2096000011, 1948863.9884000004], [944472.5923000015, 1948772.153999999], [944461.8531000005, 1948761.1483999998], [944439.557100002, 1948737.0352000026], [944390.4767000023, 1948683.6898000021], [944388.2235000009, 1948680.9722000014], [944353.6091, 1948639.212600003], [944331.6917000009, 1948595.4192000013], [944328.6081000008, 1948589.257600003], [944150.4584000008, 1948219.5615999992], [944125.0519000004, 1948158.2364000012], [944105.8628000014, 1948111.2670000002], [944087.8472000004, 1948067.1695000003], [943803.8240000021, 1948021.8750000033], [943764.102900001, 1948666.0753000034], [943786.0560000001, 1949074.5949000055], [944208.1041000003, 1949128.2225999995], [944290.6197000019, 1949079.5342000006]]]}, "properties": {"x": "944066", "y": "1948645", "adm_cd": "11150540", "adm_nm": "서울특별시 양천구 목4동"}}, {"type": "Feature", "geometry": {"type": "Polygon", "coordinates": [[[941396.7979000001, 1947618.0785000036], [941230.9939000015, 1947568.8754999996], [941092.754900001, 1947878.1866999995], [941090.8661000008, 1947882.397100002], [941069.6402000017, 1947929.7096999988], [941023.2524, 1948033.1061000028], [940940.8612000004, 1948187.5440999982], [940760.4576000011, 1948523.382300003], [940662.1792000005, 1948719.3187000034], [941263.5736000007, 1948829.0543000028], [941197.459900002, 1948778.5001000026], [941205.8787000012, 1948760.3689000001], [941270.232300002, 1948623.3370999978], [941277.4905000018, 1948608.0252000003], [941443.5097000009, 1948258.4097000023], [941722.9341000022, 1947674.0304999999], [941396.7979000001, 1947618.0785000036]]]}, "properties": {"x": "941199", "y": "1948205", "adm_cd": "11150570", "adm_nm": "서울특별시 양천구 신월1동"}}, {"type": "Feature", "geometry": {"type": "Polygon", "coordinates": [[[942712.1944000006, 1947233.3915000018], [942779.8528000014, 1947080.592900001], [942787.156000002, 1947058.7191000022], [942756.461400002, 1947085.286100003], [942755.3554000007, 1947086.2431000012], [942700.6471000013, 1947133.5807000007], [942657.8886000017, 1947170.5783000048], [942657.3168000017, 1947171.050699999], [942652.5042000025, 1947175.0254000009], [942646.9283000019, 1947179.2033], [942641.1513000003, 1947183.1327], [942635.2127000019, 1947186.782900002], [942629.1025999999, 1947190.1440999978], [942625.3236000012, 1947192.0044000028], [942622.8413000018, 1947193.2261999988], [942616.4483000007, 1947196.0089000016], [942609.9239000016, 1947198.5028000046], [942603.2976000009, 1947200.677100001], [942599.9204000023, 1947201.6196999988], [942596.5800000012, 1947202.5519999992], [942589.7807000021, 1947204.1076000002], [942582.9196000003, 1947205.3435], [942575.9970000011, 1947206.2597000035], [942546.3133000012, 1947209.4888999998], [942413.7187000015, 1947223.9132000015], [942404.8266000014, 1947224.8805000014], [942403.758300002, 1947224.9710000013], [942397.5125000018, 1947225.4992000011], [942390.1864000012, 1947225.7580000018], [942382.8493000007, 1947225.7967000003], [942375.5287000012, 1947225.1958000036], [942368.2368000012, 1947224.3747000012], [942360.9933000024, 1947223.2035000082], [942353.8176999999, 1947221.672100002], [942351.623600001, 1947221.0927000022], [942347.5575000016, 1947220.018800001], [942346.7303000011, 1947219.8003000012], [942339.7311000018, 1947217.578300004], [942332.8598000014, 1947215.0158000002], [942330.4126000004, 1947213.9657000029], [942326.1169000003, 1947212.1223000032], [942319.5222000012, 1947208.9085000036], [942313.0958000005, 1947205.3738999986], [942306.847600001, 1947201.5182999999], [942300.797900001, 1947197.3719000036], [942297.5476000004, 1947194.9028000017], [942294.9563000003, 1947192.9343000017], [942289.3432000005, 1947188.2160000023], [942283.9687000015, 1947183.2261999985], [942278.8427000013, 1947177.9751000006], [942278.3463000007, 1947177.4404000032], [942276.8018000006, 1947175.7767000014], [942287.7738000007, 1947165.5623000043], [942297.2882000004, 1947156.7076999997], [942391.973200001, 1947068.5891000004], [942441.4650000002, 1947022.5296000005], [942442.9031999996, 1947021.1911000032], [942440.8968000002, 1946971.7937000003], [942426.1747000008, 1946609.3443000014], [942424.9002000012, 1946609.9248999995], [942368.6291000007, 1946635.563299999], [942293.0799000006, 1946669.9858000057], [942292.0194000006, 1946670.475100005], [942278.7373000006, 1946676.6181000036], [942177.8879000008, 1946723.2619000026], [942175.2052000007, 1946728.9395000052], [942069.9388000005, 1946951.7229000016], [941728.3538000018, 1947669.114900004], [942467.7346000008, 1947820.4297000007], [942712.1944000006, 1947233.3915000018]]]}, "properties": {"x": "942241", "y": "1947521", "adm_cd": "11150580", "adm_nm": "서울특별시 양천구 신월2동"}}, {"type": "Feature", "geometry": {"type": "Polygon", "coordinates": [[[940760.4576000011, 1948523.382300003], [940940.8612000004, 1948187.5440999982], [941023.2524, 1948033.1061000028], [941069.6402000017, 1947929.7096999988], [941090.8661000008, 1947882.397100002], [941092.754900001, 1947878.1866999995], [941230.9939000015, 1947568.8754999996], [940455.2375000017, 1947435.0594000001], [940618.2499000005, 1947588.3772000028], [940635.1341000022, 1947604.2750000022], [940654.1334000009, 1947660.0185999987], [940660.4641000013, 1947700.6010000021], [940643.4087000012, 1947958.8558000014], [940542.8563000022, 1948034.9502000026], [940496.5203000021, 1948045.0673999982], [940481.6427000018, 1948047.0236000032], [940470.2819000013, 1948048.5171999997], [940421.3313000016, 1948050.7113999994], [940409.4269000024, 1948051.2449999992], [940387.7983000008, 1948063.8241999997], [940365.6737000004, 1948094.8686000055], [940337.3203000013, 1948135.3476000037], [940223.6449999998, 1948359.8720000044], [940093.2527000022, 1948630.8109000023], [940098.3225000019, 1949056.5131999995], [940114.1933000006, 1949255.049200002], [940315.620400001, 1949331.5525000049], [940662.1792000005, 1948719.3187000034], [940760.4576000011, 1948523.382300003]]]}, "properties": {"x": "940481", "y": "1948633", "adm_cd": "11150590", "adm_nm": "서울특별시 양천구 신월3동"}}, {"type": "Feature", "geometry": {"type": "Polygon", "coordinates": [[[941722.9341000022, 1947674.0304999999], [941728.3538000018, 1947669.114900004], [942069.9388000005, 1946951.7229000016], [941626.4782000013, 1946626.8775000048], [941573.7410000011, 1946781.9436000017], [941544.784500001, 1946867.0798000023], [941524.7107000016, 1946925.3491999998], [941508.0039000019, 1946973.8393999995], [941493.0187000013, 1947017.3308], [941443.8501000024, 1947129.2399999998], [941431.8149000001, 1947156.631800002], [941238.0723000022, 1947554.0118000014], [941230.9939000015, 1947568.8754999996], [941396.7979000001, 1947618.0785000036], [941722.9341000022, 1947674.0304999999]]]}, "properties": {"x": "941662", "y": "1947202", "adm_cd": "11150600", "adm_nm": "서울특별시 양천구 신월4동"}}, {"type": "Feature", "geometry": {"type": "Polygon", "coordinates": [[[940798.001200001, 1950017.6078999992], [940800.9125000008, 1949977.7184999995], [940825.9825000006, 1949862.4862999995], [940791.6017000023, 1949650.773499999], [940789.0967000006, 1949613.8598999993], [940787.9040000013, 1949596.2624999986], [940787.7928999998, 1949588.525700001], [940812.8141000012, 1949454.6605000044], [940859.3373000002, 1949369.7738000038], [941002.357900002, 1949374.8657], [941085.4117, 1949378.1417000017], [941087.1441000017, 1949371.1651000015], [941139.2151000012, 1949156.7973000016], [941263.5736000007, 1948829.0543000028], [940662.1792000005, 1948719.3187000034], [940315.620400001, 1949331.5525000049], [940318.6495000018, 1949331.3119000022], [940320.7886000008, 1949332.0213000015], [940323.6688000017, 1949333.1607], [940370.6522000011, 1949352.206700001], [940407.2758000002, 1949367.2363000028], [940465.0381, 1949505.4070999995], [940458.7236000022, 1949544.8366000021], [940450.1023000015, 1949574.1779000005], [940426.8074000014, 1949610.1748000009], [940431.5090000001, 1949646.9647000008], [940446.7907000011, 1949693.5095999993], [940447.3248000013, 1949695.1358999999], [940447.7629000007, 1949696.123099999], [940457.0082000021, 1949716.9497000007], [940589.4637000011, 1950002.8592000012], [940598.2048000005, 1950019.1040000005], [940606.1959000011, 1950030.0368000036], [940778.0577000019, 1950030.8219999997], [940798.001200001, 1950017.6078999992]]]}, "properties": {"x": "940756", "y": "1949270", "adm_cd": "11150610", "adm_nm": "서울특별시 양천구 신월5동"}}, {"type": "Feature", "geometry": {"type": "Polygon", "coordinates": [[[942422.472400001, 1946591.9458000066], [942420.9911000018, 1946555.3327000048], [942416.8255000024, 1946482.3208000083], [942289.6557000014, 1946392.7164999996], [941898.9745000001, 1946186.307800008], [941885.0412000011, 1946179.0841000006], [941824.3821000005, 1946184.3767000048], [941753.1596000007, 1946195.1309000007], [941471.7150000012, 1946237.6875000005], [941452.2876000021, 1946249.499299999], [941252.2447000004, 1946390.8164000008], [941230.2123999998, 1946458.9987000034], [941626.4782000013, 1946626.8775000048], [942069.9388000005, 1946951.7229000016], [942175.2052000007, 1946728.9395000052], [942177.8879000008, 1946723.2619000026], [942278.7373000006, 1946676.6181000036], [942292.0194000006, 1946670.475100005], [942293.0799000006, 1946669.9858000057], [942368.6291000007, 1946635.563299999], [942424.9002000012, 1946609.9248999995], [942426.1747000008, 1946609.3443000014], [942422.472400001, 1946591.9458000066]]]}, "properties": {"x": "941868", "y": "1946598", "adm_cd": "11150620", "adm_nm": "서울특별시 양천구 신월6동"}}, {"type": "Feature", "geometry": {"type": "Polygon", "coordinates": [[[941238.0723000022, 1947554.0118000014], [941431.8149000001, 1947156.631800002], [941443.8501000024, 1947129.2399999998], [941493.0187000013, 1947017.3308], [941508.0039000019, 1946973.8393999995], [941524.7107000016, 1946925.3491999998], [941544.784500001, 1946867.0798000023], [941573.7410000011, 1946781.9436000017], [941626.4782000013, 1946626.8775000048], [941230.2123999998, 1946458.9987000034], [941022.0655000005, 1946562.5052000033], [940811.727300001, 1946693.7502000004], [940806.2135000015, 1946695.689800001], [940783.8577, 1946697.816400003], [940768.6876999999, 1946697.5999999996], [940758.6247000007, 1946697.456400003], [940758.2209000008, 1946697.4504000014], [940737.5953000013, 1946694.271999999], [940719.220300002, 1946688.8682000032], [940711.6503000015, 1946684.854000002], [940699.3945000009, 1946678.355000003], [940672.5155000016, 1946656.005400003], [940373.804500001, 1946400.941600002], [940364.4533000005, 1946382.2342000026], [940363.5743000009, 1946372.9061999982], [940400.2159000002, 1946270.3912000002], [940432.2425, 1946200.3682000022], [940442.4131000016, 1946183.1068000016], [940479.2177000005, 1946142.4242000023], [940486.7011000019, 1946138.4660000016], [940524.5843000021, 1946118.4322000002], [940530.906100001, 1945975.3748000031], [940524.8019000018, 1945761.4247999992], [940523.6365000017, 1945745.9385999995], [940519.0488999999, 1945684.9788000057], [940509.3811000001, 1945683.8470000024], [940315.9471000023, 1945663.5962000028], [940262.1249000019, 1945725.5671999997], [940246.7161000011, 1945750.0442000008], [940213.5323000023, 1946394.142], [940314.6327000014, 1946742.617000002], [940363.7795000023, 1946856.1604000004], [940388.6891000017, 1946920.442600004], [940396.1965000005, 1946939.8960000025], [940398.1971000026, 1946945.0906000037], [940405.0319000019, 1946962.8380000019], [940406.5697000001, 1946966.8314], [940406.8709000004, 1946967.6236000028], [940410.896900001, 1947072.9900000016], [940403.2613000025, 1947176.7188000008], [940391.4892999999, 1947239.4710000032], [940398.8033000007, 1947331.6186000016], [940455.2375000017, 1947435.0594000001], [941230.9939000015, 1947568.8754999996], [941238.0723000022, 1947554.0118000014]]]}, "properties": {"x": "940894", "y": "1947009", "adm_cd": "11150630", "adm_nm": "서울특별시 양천구 신월7동"}}, {"type": "Feature", "geometry": {"type": "Polygon", "coordinates": [[[943959.7404000016, 1947226.1695000003], [943957.1325000017, 1947217.0798000004], [943950.7965000023, 1947194.9954000022], [943956.7989000009, 1947179.8951999992], [943992.6039000023, 1947089.8212000052], [944109.2515000005, 1946804.8247999998], [944119.3198999997, 1946801.4426000006], [944093.4697000022, 1946785.7282000005], [944066.4685000004, 1946769.3142000022], [943914.2883000006, 1946704.3042000043], [943810.1097000017, 1946659.8023999997], [943668.0762000002, 1946599.1335000023], [943626.586000001, 1946581.4112000011], [943593.3263000001, 1946567.2043999983], [943591.8819000016, 1946566.5873999998], [943563.1886000014, 1946554.3288000026], [943372.2528000004, 1946461.046700003], [943366.2862000006, 1946457.5859999985], [943342.7657000015, 1946443.9433000016], [943332.8271000022, 1946427.5144000028], [943332.6366000017, 1946391.5969000014], [943348.1933000014, 1946352.8081000028], [943346.6899000013, 1946352.131100002], [943314.1068000018, 1946337.4619000014], [943303.682600002, 1946332.7689000014], [943218.8639000009, 1946296.7605000027], [943156.9811000011, 1946270.4900999987], [943081.3724000012, 1946239.0097000035], [942898.5791999998, 1946736.9497000014], [942787.156000002, 1947058.7191000022], [942779.8528000014, 1947080.592900001], [943045.992000001, 1947096.8800000031], [943275.0837000004, 1947129.2918000012], [943392.8806000017, 1947145.9574999986], [943415.4657000008, 1947149.115900001], [943484.9800000007, 1947158.8361000018], [943517.9849000005, 1947163.451099999], [943584.6984000008, 1947172.779300001], [943592.1386000015, 1947173.8193000024], [943951.8004000023, 1947222.6803000001], [943959.7404000016, 1947226.1695000003]]]}, "properties": {"x": "943414", "y": "1946918", "adm_cd": "11150640", "adm_nm": "서울특별시 양천구 신정1동"}}, {"type": "Feature", "geometry": {"type": "Polygon", "coordinates": [[[944447.5631000011, 1947278.6724], [944474.5160000003, 1947273.5198000008], [944534.0445000007, 1947262.1398000037], [945009.3681000009, 1947172.3521999991], [945021.8733000003, 1947175.4014000013], [945046.362700002, 1947181.3728000019], [945128.8280000014, 1947203.0581], [945139.3070000012, 1947166.0906000026], [945142.1231000011, 1947155.1736000003], [945150.006100001, 1947110.0850000004], [945152.3252999999, 1947090.829600003], [945160.7955000009, 1947017.8738000016], [945163.1748000011, 1946992.4014000027], [945162.9053000011, 1946988.6850000033], [945162.4171000017, 1946982.064999998], [945162.0487000009, 1946977.4435999999], [945161.0625000006, 1946971.1068000013], [945159.7575000013, 1946966.4917999995], [945133.3333000022, 1946928.8324000048], [945131.2933000014, 1946926.9998000031], [945126.9479000006, 1946923.8506000028], [945094.9630000023, 1946900.6708000037], [945086.0259000014, 1946894.220600001], [945079.7945000015, 1946888.443600006], [945066.4335000007, 1946869.6462000005], [945063.7479000009, 1946863.849400003], [945060.6969999999, 1946853.6578000002], [945053.8887000005, 1946830.9136000047], [945052.7873000003, 1946826.4210000029], [945052.2633, 1946821.8634000001], [945051.8101000023, 1946801.0292000035], [945051.898100002, 1946798.6226000022], [945052.1646999998, 1946791.3427999998], [945052.9747000013, 1946787.995800002], [945067.7515000019, 1946744.5800000052], [945072.0302000006, 1946732.0088000016], [945074.1959000006, 1946727.9677999993], [945089.1389000013, 1946709.3644000024], [945094.6531000005, 1946703.4434000026], [945099.6065000016, 1946698.1248000013], [945102.6865000017, 1946695.6724000021], [945105.2254999998, 1946694.3464000018], [945134.5012000004, 1946688.5526000028], [944992.9717000015, 1946314.02], [944878.1684999998, 1946344.9138000002], [944497.8991000021, 1946487.6504000006], [944465.9555000013, 1946515.1808000032], [944327.8073000016, 1946764.5518], [944433.3461000016, 1947277.496799999], [944447.5631000011, 1947278.6724]]]}, "properties": {"x": "944748", "y": "1946823", "adm_cd": "11150650", "adm_nm": "서울특별시 양천구 신정2동"}}, {"type": "Feature", "geometry": {"type": "Polygon", "coordinates": [[[942898.5791999998, 1946736.9497000014], [943081.3724000012, 1946239.0097000035], [943280.6528000005, 1945811.6508000009], [942911.901400001, 1945848.8369000014], [942811.208300001, 1945903.7364000035], [942312.1364000009, 1945783.0744000021], [942286.6558000005, 1945768.0449000034], [942222.2843000025, 1945721.9222000004], [942135.335900002, 1945611.7654000022], [942139.5410000014, 1945594.1764999987], [942124.2165000013, 1945591.2286000014], [942095.3129000004, 1945549.0069000018], [942052.5215000018, 1945453.3775000013], [942080.3510000014, 1945366.4610000008], [942057.4329000008, 1945355.856000001], [941628.5553000002, 1945225.675000003], [941347.5533000001, 1945068.3412000034], [941328.0527000012, 1945063.9576000068], [941249.3591000016, 1945046.2682000024], [941132.9519, 1945106.9232], [940964.1433000006, 1945248.2562000034], [940928.0671000001, 1945299.9205999998], [940837.6563000004, 1945437.1512000004], [940842.0825000006, 1945499.0160000045], [940844.4569000013, 1945503.7616000006], [940874.412900002, 1945605.0268000013], [940874.1803000005, 1945621.482400002], [940842.0647, 1945642.8350000037], [940813.4775000009, 1945652.0002000018], [940622.1739000005, 1945711.7848000005], [940585.4843000018, 1945707.684800001], [940519.0488999999, 1945684.9788000057], [940523.6365000017, 1945745.9385999995], [940524.8019000018, 1945761.4247999992], [940530.906100001, 1945975.3748000031], [940524.5843000021, 1946118.4322000002], [940486.7011000019, 1946138.4660000016], [940479.2177000005, 1946142.4242000023], [940442.4131000016, 1946183.1068000016], [940432.2425, 1946200.3682000022], [940400.2159000002, 1946270.3912000002], [940363.5743000009, 1946372.9061999982], [940364.4533000005, 1946382.2342000026], [940373.804500001, 1946400.941600002], [940672.5155000016, 1946656.005400003], [940699.3945000009, 1946678.355000003], [940711.6503000015, 1946684.854000002], [940719.220300002, 1946688.8682000032], [940737.5953000013, 1946694.271999999], [940758.2209000008, 1946697.4504000014], [940758.6247000007, 1946697.456400003], [940768.6876999999, 1946697.5999999996], [940783.8577, 1946697.816400003], [940806.2135000015, 1946695.689800001], [940811.727300001, 1946693.7502000004], [941022.0655000005, 1946562.5052000033], [941230.2123999998, 1946458.9987000034], [941252.2447000004, 1946390.8164000008], [941452.2876000021, 1946249.499299999], [941471.7150000012, 1946237.6875000005], [941753.1596000007, 1946195.1309000007], [941824.3821000005, 1946184.3767000048], [941885.0412000011, 1946179.0841000006], [941898.9745000001, 1946186.307800008], [942289.6557000014, 1946392.7164999996], [942416.8255000024, 1946482.3208000083], [942420.9911000018, 1946555.3327000048], [942422.472400001, 1946591.9458000066], [942426.1747000008, 1946609.3443000014], [942440.8968000002, 1946971.7937000003], [942442.9031999996, 1947021.1911000032], [942441.4650000002, 1947022.5296000005], [942391.973200001, 1947068.5891000004], [942297.2882000004, 1947156.7076999997], [942287.7738000007, 1947165.5623000043], [942276.8018000006, 1947175.7767000014], [942278.3463000007, 1947177.4404000032], [942278.8427000013, 1947177.9751000006], [942283.9687000015, 1947183.2261999985], [942289.3432000005, 1947188.2160000023], [942294.9563000003, 1947192.9343000017], [942297.5476000004, 1947194.9028000017], [942300.797900001, 1947197.3719000036], [942306.847600001, 1947201.5182999999], [942313.0958000005, 1947205.3738999986], [942319.5222000012, 1947208.9085000036], [942326.1169000003, 1947212.1223000032], [942330.4126000004, 1947213.9657000029], [942332.8598000014, 1947215.0158000002], [942339.7311000018, 1947217.578300004], [942346.7303000011, 1947219.8003000012], [942347.5575000016, 1947220.018800001], [942351.623600001, 1947221.0927000022], [942353.8176999999, 1947221.672100002], [942360.9933000024, 1947223.2035000082], [942368.2368000012, 1947224.3747000012], [942375.5287000012, 1947225.1958000036], [942382.8493000007, 1947225.7967000003], [942390.1864000012, 1947225.7580000018], [942397.5125000018, 1947225.4992000011], [942403.758300002, 1947224.9710000013], [942404.8266000014, 1947224.8805000014], [942413.7187000015, 1947223.9132000015], [942546.3133000012, 1947209.4888999998], [942575.9970000011, 1947206.2597000035], [942582.9196000003, 1947205.3435], [942589.7807000021, 1947204.1076000002], [942596.5800000012, 1947202.5519999992], [942599.9204000023, 1947201.6196999988], [942603.2976000009, 1947200.677100001], [942609.9239000016, 1947198.5028000046], [942616.4483000007, 1947196.0089000016], [942622.8413000018, 1947193.2261999988], [942625.3236000012, 1947192.0044000028], [942629.1025999999, 1947190.1440999978], [942635.2127000019, 1947186.782900002], [942641.1513000003, 1947183.1327], [942646.9283000019, 1947179.2033], [942652.5042000025, 1947175.0254000009], [942657.3168000017, 1947171.050699999], [942657.8886000017, 1947170.5783000048], [942700.6471000013, 1947133.5807000007], [942755.3554000007, 1947086.2431000012], [942756.461400002, 1947085.286100003], [942787.156000002, 1947058.7191000022], [942898.5791999998, 1946736.9497000014]]]}, "properties": {"x": "941747", "y": "1946039", "adm_cd": "11150660", "adm_nm": "서울특별시 양천구 신정3동"}}, {"type": "Feature", "geometry": {"type": "MultiPolygon", "coordinates": [[[[944739.233877182, 1945899.2479610443], [944760.9721012115, 1945947.1574001312], [944755.4747028351, 1945918.966600418], [944749.9745006561, 1945909.1095027924], [944742.0170993805, 1945901.5142002106], [944739.233877182, 1945899.2479610443]]], [[[944203.2775020599, 1947367.7786006927], [944433.3461017609, 1947277.4968013763], [944327.807302475, 1946764.5518016815], [944465.955499649, 1946515.1807994843], [944497.89909935, 1946487.6504001617], [944878.1685009003, 1946344.9138011932], [944992.9717006683, 1946314.020002365], [944998.3397006989, 1946270.2838001251], [944871.7555027008, 1946096.8066997528], [944862.6611003876, 1946085.8990001678], [944837.708902359, 1946066.827802658], [944829.7457027435, 1946061.9218006134], [944817.7157001495, 1946059.216600418], [944803.6045017242, 1946061.8004016876], [944793.5510997772, 1946068.0515995026], [944790.9203014374, 1946072.8061008453], [944781.077299118, 1946090.5956020355], [944773.8905010223, 1946087.3488025665], [944766.1825008392, 1946077.7730007172], [944676.2151012421, 1945964.6305027008], [944675.5706996918, 1945963.7236995697], [944675.6620998383, 1945909.313299179], [944678.5599002838, 1945905.3393001556], [944692.0156993866, 1945892.2325992584], [944702.8089008331, 1945887.9170017242], [944721.6709003448, 1945889.5464000702], [944734.8085002899, 1945895.644601822], [944739.233877182, 1945899.2479610443], [944661.0407009125, 1945726.9160022736], [944655.4705028534, 1945711.420999527], [944655.1391010284, 1945699.7870006561], [944655.3549022675, 1945696.0641994476], [944655.7711009979, 1945688.8873996735], [944716.6811008453, 1945529.7970027924], [944627.7588024139, 1945656.2740001678], [944538.307302475, 1945783.5038013458], [944512.5478992462, 1945820.142999649], [944446.8405017853, 1945950.1312007904], [944441.851102829, 1945960.2156009674], [944441.460100174, 1945961.0060024261], [944414.7739009857, 1946018.4167995453], [944404.7215023041, 1946043.6810016632], [944394.4421024323, 1946069.5262012482], [944209.4940013885, 1946232.0216007233], [943794.6882991791, 1946054.991601944], [943775.4339008331, 1946099.5238018036], [943733.3533000946, 1946196.8495998383], [943652.3443012238, 1946384.2119998932], [943650.4643001556, 1946388.560201645], [943670.5921001434, 1946397.5802021027], [943736.4669017792, 1946427.1016025543], [943740.4908008575, 1946428.9050006866], [943727.3815021515, 1946459.74020195], [943726.6387004852, 1946461.4866008759], [943725.89909935, 1946463.2250003815], [943711.4451007843, 1946497.1982021332], [943672.6053028107, 1946588.488199234], [943668.0762004852, 1946599.1335010529], [943810.1097011566, 1946659.802400589], [943914.2883014679, 1946704.304201126], [944066.4685001373, 1946769.3141994476], [944093.469701767, 1946785.7282009125], [944119.31990242, 1946801.4426021576], [944109.2515010834, 1946804.8248004913], [943992.6039028168, 1947089.821199417], [943956.7989025116, 1947179.8952007294], [943950.7964992523, 1947194.9954013824], [943957.1325016022, 1947217.0798015594], [943959.7404003143, 1947226.169500351], [944203.2775020599, 1947367.7786006927]]]]}, "properties": {"x": "944510", "y": "1946404", "adm_cd": "11150690", "adm_nm": "서울특별시 양천구 신정6동"}}, {"type": "Feature", "geometry": {"type": "Polygon", "coordinates": [[[943794.6883000006, 1946054.9915999998], [944209.4940000018, 1946232.021600003], [944394.4421000009, 1946069.5262000016], [944404.7215000011, 1946043.6810000003], [944414.7739000021, 1946018.4168000012], [944441.4601000004, 1945961.0060000017], [944441.8511000003, 1945960.215600003], [944446.8404999999, 1945950.1312000034], [944512.5479000008, 1945820.143000002], [944538.307300002, 1945783.503800002], [944627.7588000009, 1945656.2740000007], [944716.6811000014, 1945529.7969999993], [944734.8224000017, 1945445.4159000015], [944633.0427000013, 1945105.5754000018], [944632.2121000006, 1945105.1097999993], [944482.3035000019, 1945169.5587000009], [944478.3059000003, 1945181.9505000007], [944444.3319000003, 1945250.1852000016], [944424.255300002, 1945281.5503000026], [944375.5897000023, 1945350.8234000006], [944375.3837000018, 1945350.9552000025], [944371.6345000002, 1945353.3533999985], [944368.7133000003, 1945353.9993999994], [944342.5891000007, 1945359.7750000004], [944341.9036000001, 1945359.0186000005], [944298.3259000012, 1945310.9269999983], [944266.9819000021, 1945277.8550000011], [944247.1629000016, 1945257.4541999993], [944242.7193000002, 1945253.2754000048], [944230.0509000015, 1945252.3418000005], [943844.5567000017, 1945255.9014000017], [943745.3835000007, 1945276.9494000005], [943733.4953000017, 1945284.0398000022], [943729.6163000002, 1945287.7090000012], [943726.8071000018, 1945291.442600004], [943720.2437000013, 1945301.7036000022], [943713.3367000009, 1945313.1062000007], [943711.0479000006, 1945316.957100002], [943685.5801000003, 1945360.9563000025], [943681.4941000016, 1945371.233600002], [943680.0163000015, 1945374.9508000002], [943675.9671000005, 1945388.6530000013], [943669.5067000012, 1945432.815800001], [943691.3868000024, 1945449.7718000016], [943671.1340000007, 1945468.0713000027], [943628.1174000005, 1945524.5568000027], [943359.1430000009, 1945670.9752000044], [943280.6528000005, 1945811.6508000009], [943081.3724000012, 1946239.0097000035], [943156.9811000011, 1946270.4900999987], [943218.8639000009, 1946296.7605000027], [943303.682600002, 1946332.7689000014], [943314.1068000018, 1946337.4619000014], [943346.6899000013, 1946352.131100002], [943348.1933000014, 1946352.8081000028], [943332.6366000017, 1946391.5969000014], [943332.8271000022, 1946427.5144000028], [943342.7657000015, 1946443.9433000016], [943366.2862000006, 1946457.5859999985], [943372.2528000004, 1946461.046700003], [943563.1886000014, 1946554.3288000026], [943591.8819000016, 1946566.5873999998], [943593.3263000001, 1946567.2043999983], [943626.586000001, 1946581.4112000011], [943668.0762000002, 1946599.1335000023], [943672.6053000009, 1946588.488199999], [943711.4451000019, 1946497.198200002], [943725.8991000019, 1946463.2250000013], [943726.6387, 1946461.4866000027], [943727.3815000008, 1946459.7402000045], [943740.4908, 1946428.9050000021], [943736.4669000026, 1946427.1016000004], [943670.5921000009, 1946397.580200002], [943650.4643000005, 1946388.560200003], [943652.3443000002, 1946384.2119999991], [943733.3533000011, 1946196.8496000003], [943775.4338999998, 1946099.5238000008], [943794.6883000006, 1946054.9915999998]]]}, "properties": {"x": "943911", "y": "1945791", "adm_cd": "11150700", "adm_nm": "서울특별시 양천구 신정7동"}}, {"type": "Feature", "geometry": {"type": "Polygon", "coordinates": [[[945645.2086000012, 1949510.8639000016], [945776.0753000017, 1949132.8137000047], [945802.6501000021, 1949070.1022999994], [945802.687500001, 1949070.0201999983], [945819.9085000019, 1949032.3392999996], [945829.6883000011, 1949011.0640999994], [945900.1903000007, 1948869.8921], [945921.6641000017, 1948830.1873000003], [945927.8359000008, 1948818.887700003], [945952.7219000021, 1948773.4611000011], [945974.4639000014, 1948737.5667000017], [945979.6076999998, 1948729.1843000026], [945980.3453000004, 1948728.2276999997], [945981.2759000018, 1948727.2643999993], [946006.5913000008, 1948700.615600002], [946055.6159000016, 1948639.5766000003], [946064.1533000009, 1948627.5695000007], [946073.2225000022, 1948614.6472000007], [946097.5963000023, 1948566.0973000014], [946099.5847000014, 1948561.2374999996], [946104.3623000009, 1948548.6319], [946112.0679000008, 1948525.160399999], [946115.4471000015, 1948514.0976000028], [946117.8609000009, 1948498.1955999997], [946150.0065000004, 1948218.6975000026], [946131.6297000011, 1948159.0354000004], [946080.4653000009, 1948069.2273000018], [945970.0179000007, 1948110.1745000016], [945788.6195000004, 1948177.4264000002], [945668.4829000019, 1948205.1504000025], [945551.2370000016, 1948230.3147], [945444.375, 1948241.5105000013], [945353.0494000019, 1948244.4379000023], [945350.894400001, 1948244.5067000007], [945297.3368000009, 1948240.6327], [945274.3808000007, 1948238.971899998], [945187.0828000011, 1948230.6806999992], [944894.4014000015, 1948190.914300003], [944684.6500000015, 1948161.4057000026], [944087.8472000004, 1948067.1695000003], [944105.8628000014, 1948111.2670000002], [944125.0519000004, 1948158.2364000012], [944150.4584000008, 1948219.5615999992], [944328.6081000008, 1948589.257600003], [944331.6917000009, 1948595.4192000013], [944353.6091, 1948639.212600003], [944388.2235000009, 1948680.9722000014], [944390.4767000023, 1948683.6898000021], [944439.557100002, 1948737.0352000026], [944461.8531000005, 1948761.1483999998], [944472.5923000015, 1948772.153999999], [944562.2096000011, 1948863.9884000004], [944577.5314999998, 1948879.6892000036], [944788.1653000019, 1949138.9159999983], [944868.4881000019, 1949247.0477999998], [944869.4085000001, 1949248.1055999997], [944871.4112000007, 1949250.405600002], [944883.3213000007, 1949264.0831999998], [944910.5273000022, 1949276.1876], [945044.6233000023, 1949326.8606000023], [945178.1273000003, 1949377.7894000025], [945328.9227000002, 1949442.4266000027], [945352.468300001, 1949459.417000002], [945372.8911000004, 1949487.6643999987], [945377.2674000002, 1949497.448799999], [945394.131300001, 1949535.1520000026], [945396.7251000014, 1949540.951], [945402.4009000016, 1949553.6404000018], [945408.6291000012, 1949567.5644000021], [945410.7011000006, 1949572.196200001], [945450.7949000008, 1949613.5941999992], [945488.7877000009, 1949606.1780000005], [945605.4702000022, 1949577.943800001], [945645.2086000012, 1949510.8639000016]]]}, "properties": {"x": "945218", "y": "1948698", "adm_cd": "11150710", "adm_nm": "서울특별시 양천구 목5동"}}, {"type": "Feature", "geometry": {"type": "Polygon", "coordinates": [[[943827.8475000005, 1947616.0578000026], [943951.8004000023, 1947222.6803000001], [943592.1386000015, 1947173.8193000024], [943584.6984000008, 1947172.779300001], [943517.9849000005, 1947163.451099999], [943484.9800000007, 1947158.8361000018], [943415.4657000008, 1947149.115900001], [943392.8806000017, 1947145.9574999986], [943275.0837000004, 1947129.2918000012], [943045.992000001, 1947096.8800000031], [942779.8528000014, 1947080.592900001], [942712.1944000006, 1947233.3915000018], [942467.7346000008, 1947820.4297000007], [942469.8444999999, 1947820.7738000033], [942741.357800001, 1947861.5622000005], [943318.3245000013, 1947947.7204000023], [943803.2817000006, 1948020.8208000013], [943827.8475000005, 1947616.0578000026]]]}, "properties": {"x": "943245", "y": "1947540", "adm_cd": "11150720", "adm_nm": "서울특별시 양천구 신정4동"}}, {"type": "Feature", "geometry": {"type": "Polygon", "coordinates": [[[944627.302900001, 1951373.0789], [945279.9898000001, 1950949.3739000028], [945175.4236000014, 1950788.823900002], [945170.5178, 1950781.168700003], [945062.879200001, 1950591.4997000033], [945063.3447000025, 1950561.7115000007], [945063.4770000004, 1950553.2473000009], [945063.7510000004, 1950535.7180999995], [945064.2887000008, 1950510.4835], [945065.7111000017, 1950443.7367000012], [945291.7724000007, 1950053.5632000035], [945255.367700001, 1950002.692], [945051.9927000024, 1949933.3556000004], [944905.1068000013, 1949926.069800003], [944870.158700001, 1949924.3377999987], [944791.9198000004, 1949920.4604000018], [944746.8120000018, 1949918.229800004], [944737.082900002, 1949917.7515999991], [944717.598500001, 1949917.445000001], [944706.5433000022, 1949917.6436000015], [944698.1271000021, 1949917.7982000024], [944684.1601000008, 1949918.5180000025], [944678.6693000022, 1949918.8010000028], [944674.8696000009, 1949919.1244000003], [944659.2551000003, 1949920.4534000037], [944639.9143000025, 1949922.7552000014], [944625.5439000007, 1949924.9572000052], [944620.6567000012, 1949925.7062000008], [944601.5128000006, 1949929.3066000056], [944582.5020000013, 1949933.5358000011], [944577.0308999999, 1949934.9473999995], [944563.6347000019, 1949938.4042000035], [944549.9017000005, 1949942.4445999996], [944544.950500001, 1949943.9014000031], [944526.4595000006, 1949950.0272000004], [944508.1819000005, 1949956.771800003], [944490.1375000014, 1949964.114800002], [944472.3559000002, 1949972.0661999984], [944454.8474000013, 1949980.6059999992], [944437.6321000013, 1949989.7241999987], [944420.7395000011, 1949999.4202], [944415.7577000009, 1950002.5056], [944412.7840000016, 1950004.3479000002], [943912.6099, 1950372.4820999992], [943913.4293000011, 1950373.9007000024], [944108.6805000016, 1950711.9007], [944116.1767000009, 1950724.8862999994], [943886.8393000014, 1950921.042700001], [943877.7135000001, 1950928.7785], [943868.3564999999, 1950936.2456000024], [943858.7881000014, 1950943.4337], [943851.149500002, 1950948.862100001], [943766.8647000014, 1951006.3688999994], [943765.9835000022, 1951034.363500004], [943818.8159, 1951106.2175000012], [943818.9669000008, 1951106.405700001], [943858.0811000013, 1951155.0517000002], [943944.8539000021, 1951249.8977000006], [943953.3762999997, 1951258.439499999], [943960.0291000004, 1951265.1017000016], [943964.6191000014, 1951269.175900001], [943968.6415000019, 1951271.8037000024], [944000.4473000014, 1951286.4495000024], [944007.7011000022, 1951289.1597000014], [944011.9760999997, 1951290.756700001], [944036.4757000022, 1951298.0140999993], [944052.315500001, 1951302.7885000007], [944057.0117000018, 1951304.2929000016], [944058.0237000019, 1951304.7175000007], [944118.3767000004, 1951330.0781000005], [944131.2069, 1951338.5570999999], [944134.6737000006, 1951345.7161000003], [944136.2959000007, 1951349.0683000004], [944146.1151000009, 1951369.367100004], [944148.1911000023, 1951374.3841000013], [944150.4743000005, 1951384.598300003], [944151.0981000017, 1951389.1034999983], [944150.5267000012, 1951390.675900001], [944149.6797000003, 1951391.3815000006], [944134.0752999997, 1951404.3783], [944112.5359000007, 1951420.0369000058], [943996.3045000008, 1951498.6254999996], [943858.8165000002, 1951576.3374000036], [943624.122600002, 1951754.6088999996], [943747.7236000018, 1951927.973900001], [943816.5789000012, 1951871.2025000034], [943889.2807000005, 1951816.8991000038], [944033.2885000014, 1951710.2671000026], [944055.5599000012, 1951698.0903000014], [944075.8411000017, 1951687.7983999997], [944349.6949000014, 1951543.2102000024], [944627.302900001, 1951373.0789]]]}, "properties": {"x": "944511", "y": "1950762", "adm_cd": "11160510", "adm_nm": "서울특별시 강서구 염창동"}}, {"type": "Feature", "geometry": {"type": "Polygon", "coordinates": [[[943913.4293000011, 1950373.9007000024], [943912.6099, 1950372.4820999992], [943862.9735000012, 1950400.9123000004], [943735.3496000005, 1950474.0058999988], [943161.6097000018, 1950763.9006999992], [942796.1063000003, 1950927.5645000013], [943050.3247000005, 1951495.3461], [943766.8647000014, 1951006.3688999994], [943851.149500002, 1950948.862100001], [943858.7881000014, 1950943.4337], [943868.3564999999, 1950936.2456000024], [943877.7135000001, 1950928.7785], [943886.8393000014, 1950921.042700001], [944116.1767000009, 1950724.8862999994], [944108.6805000016, 1950711.9007], [943913.4293000011, 1950373.9007000024]]]}, "properties": {"x": "943440", "y": "1951014", "adm_cd": "11160520", "adm_nm": "서울특별시 강서구 등촌1동"}}, {"type": "Feature", "geometry": {"type": "Polygon", "coordinates": [[[943735.3496000005, 1950474.0058999988], [943862.9735000012, 1950400.9123000004], [943840.8663000019, 1950391.4091999992], [943839.949100002, 1950391.0149000022], [943837.0193000014, 1950379.7175000003], [943805.644500002, 1950258.2690999997], [943772.9050000017, 1950131.019900002], [943711.5609999998, 1949890.8432000023], [943650.9053000018, 1949652.6676000005], [943649.8901000011, 1949638.407900001], [943650.5547000016, 1949614.8227000015], [943652.3654000001, 1949603.0060000012], [943654.3229, 1949590.2314999993], [943664.0329000019, 1949560.7107000025], [943708.551300002, 1949455.931999999], [943714.6833000006, 1949441.634500003], [943715.6031000018, 1949439.5639999984], [943718.0222000002, 1949434.1195], [943723.0596000014, 1949425.896100001], [943735.2425000009, 1949406.0077000046], [943749.5286000017, 1949382.6856999986], [943772.6024000009, 1949345.0176000022], [943772.6795000015, 1949344.8916000002], [943791.9412000012, 1949250.3531000002], [943793.3950000016, 1949241.718499999], [943794.4786000012, 1949233.035900003], [943795.1620000011, 1949224.3052999987], [943795.485400001, 1949215.5567000029], [943795.4225000008, 1949208.3491000016], [943795.4089000018, 1949206.8003000012], [943794.9628000011, 1949198.0658999993], [943794.0613000011, 1949184.5354000013], [943792.1586000011, 1949158.3729000005], [943786.2225000008, 1949076.7554999997], [943786.0560000001, 1949074.5949000055], [943764.102900001, 1948666.0753000034], [943699.8299000021, 1948661.7451000018], [943623.0454000012, 1948656.5725000028], [943540.8673000014, 1948842.209300003], [943516.3369000007, 1949057.876900002], [943511.3401000012, 1949107.3237], [943511.3887000021, 1949203.439100001], [943511.2973, 1949216.9258999997], [943499.0443000004, 1949315.6435000016], [943496.2115000018, 1949318.1337000013], [943440.2099000013, 1949364.4092999995], [943386.2891000008, 1949384.4060999993], [943275.1007000019, 1949421.9154000022], [943212.3835000016, 1949428.168500001], [943104.6082000011, 1949469.1090999977], [943007.3262000016, 1949755.4686000042], [943121.6967000018, 1949955.9015000048], [943172.4763000011, 1950076.1373000005], [943202.740100001, 1950156.7391999997], [943260.8611000011, 1950387.4790999987], [943240.9183, 1950457.7372999995], [943161.6097000018, 1950763.9006999992], [943735.3496000005, 1950474.0058999988]]]}, "properties": {"x": "943375", "y": "1949803", "adm_cd": "11160530", "adm_nm": "서울특별시 강서구 등촌2동"}}, {"type": "Feature", "geometry": {"type": "Polygon", "coordinates": [[[942263.3241000008, 1951908.2449000042], [942492.1567000009, 1951870.5745000052], [943050.3247000005, 1951495.3461], [942796.1063000003, 1950927.5645000013], [942212.4476000003, 1951141.4316000002], [941552.6723000017, 1951228.6960999996], [941570.9565000003, 1951351.3205000008], [941590.7984999996, 1951428.013100001], [941599.4101000021, 1951461.296500001], [941652.8215, 1951665.5017000008], [941749.8955000013, 1952031.936500005], [941832.285700002, 1952268.128300002], [941831.2167000001, 1952262.602100002], [941831.0441000012, 1952261.7096999986], [941829.3255000006, 1952252.823100004], [941832.2843000015, 1952247.4873000016], [941838.4087000005, 1952239.0465000046], [941867.9185000018, 1952200.0517000032], [941893.3861000002, 1952167.4273000017], [941894.364700001, 1952166.1737000044], [941957.095900002, 1952086.4653000014], [941977.9413000008, 1952063.0004999978], [942235.7411000023, 1951909.1211000006], [942236.134900001, 1951909.1085000003], [942240.0909000022, 1951908.9827], [942263.3241000008, 1951908.2449000042]]]}, "properties": {"x": "942260", "y": "1951508", "adm_cd": "11160540", "adm_nm": "서울특별시 강서구 등촌3동"}}, {"type": "Feature", "geometry": {"type": "Polygon", "coordinates": [[[942133.5479133616, 1948962.470940012], [942016.782700002, 1948798.9538000012], [941951.7289000016, 1948941.6299999997], [941733.2512, 1949348.5749000008], [941819.7427000018, 1949393.6406000005], [941822.9403000011, 1949395.7789999994], [941862.1429000008, 1949421.9959999996], [941891.2103000025, 1949449.1234000032], [941912.7991000013, 1949475.316800001], [941935.8863000019, 1949504.9176000028], [941956.8061000012, 1949531.7396000025], [941970.5163000016, 1949549.3181999996], [941978.2401000017, 1949560.9348], [942015.725700001, 1949617.3151999996], [942019.3865000013, 1949622.8214000016], [942032.1837000011, 1949642.0704000024], [942032.5463, 1949642.6827999996], [942032.8954999998, 1949643.2725999998], [942086.0345000002, 1949733.0895999998], [942091.2493000012, 1949741.9052000009], [942324.7231000002, 1950146.8347], [942517.5577000002, 1950023.8716000011], [942754.5729000003, 1949793.9696000018], [942815.3463000008, 1949773.6835999982], [943007.3262000016, 1949755.4686000042], [943104.6082000011, 1949469.1090999977], [942776.5582000002, 1949171.3114000028], [942756.6117000002, 1949127.4858000022], [942719.9327000019, 1949058.0529999998], [942683.0125000015, 1949012.6146999998], [942665.4185000011, 1949003.6007999992], [942565.5863000016, 1948988.8152], [942292.1035000016, 1949003.8981999997], [942133.5479133616, 1948962.470940012]]]}, "properties": {"x": "942412", "y": "1949460", "adm_cd": "11160550", "adm_nm": "서울특별시 강서구 화곡본동"}}, {"type": "Feature", "geometry": {"type": "Polygon", "coordinates": [[[942996.1979000017, 1948738.087200003], [943224.7680000023, 1948453.7339999995], [943258.5945000005, 1948342.9034000032], [943318.3245000013, 1947947.7204000023], [942741.357800001, 1947861.5622000005], [942726.6437000007, 1947951.970800001], [942718.3747000016, 1948002.7796000005], [942695.932300001, 1948150.8885999992], [942693.5089, 1948184.5295999995], [942691.3213000011, 1948214.9098000024], [942670.1341000004, 1948671.7540000034], [942689.1971000006, 1948709.045399999], [942698.6633000013, 1948727.5620000018], [942709.1767000013, 1948748.1270000015], [942729.2443000018, 1948787.380599999], [942873.5909000016, 1948804.6358000005], [942996.1979000017, 1948738.087200003]]]}, "properties": {"x": "942956", "y": "1948302", "adm_cd": "11160570", "adm_nm": "서울특별시 강서구 화곡2동"}}, {"type": "Feature", "geometry": {"type": "Polygon", "coordinates": [[[941372.6586000004, 1950054.7365000017], [941379.6991000017, 1949916.7160999998], [941391.4359000003, 1949850.879500003], [941394.6933000024, 1949832.6120999993], [941409.1581000003, 1949796.2562000002], [941414.8180999998, 1949782.0322000005], [941442.7928000008, 1949728.4930000023], [941445.6357000014, 1949725.0679000032], [941488.5294000012, 1949673.4006999992], [941496.7341000019, 1949662.6023000013], [941507.259300001, 1949648.7486999999], [941731.5485000012, 1949353.5198999988], [941729.905500002, 1949352.9249000004], [941139.2151000012, 1949156.7973000016], [941087.1441000017, 1949371.1651000015], [941085.4117, 1949378.1417000017], [941002.357900002, 1949374.8657], [940859.3373000002, 1949369.7738000038], [940812.8141000012, 1949454.6605000044], [940787.7928999998, 1949588.525700001], [940787.9040000013, 1949596.2624999986], [940789.0967000006, 1949613.8598999993], [940791.6017000023, 1949650.773499999], [940825.9825000006, 1949862.4862999995], [940800.9125000008, 1949977.7184999995], [941372.6586000004, 1950054.7365000017]]]}, "properties": {"x": "941192", "y": "1949664", "adm_cd": "11160580", "adm_nm": "서울특별시 강서구 화곡3동"}}, {"type": "Feature", "geometry": {"type": "Polygon", "coordinates": [[[943212.3835000016, 1949428.168500001], [943275.1007000019, 1949421.9154000022], [943386.2891000008, 1949384.4060999993], [943440.2099000013, 1949364.4092999995], [943496.2115000018, 1949318.1337000013], [943499.0443000004, 1949315.6435000016], [943511.2973, 1949216.9258999997], [943511.3887000021, 1949203.439100001], [943511.3401000012, 1949107.3237], [943516.3369000007, 1949057.876900002], [943540.8673000014, 1948842.209300003], [943623.0454000012, 1948656.5725000028], [943699.8299000021, 1948661.7451000018], [943764.102900001, 1948666.0753000034], [943803.8240000021, 1948021.8750000033], [943803.2817000006, 1948020.8208000013], [943318.3245000013, 1947947.7204000023], [943258.5945000005, 1948342.9034000032], [943224.7680000023, 1948453.7339999995], [942996.1979000017, 1948738.087200003], [942873.5909000016, 1948804.6358000005], [942784.5663000023, 1949027.3477000026], [942776.5582000002, 1949171.3114000028], [943104.6082000011, 1949469.1090999977], [943212.3835000016, 1949428.168500001]]]}, "properties": {"x": "943425", "y": "1948733", "adm_cd": "11160590", "adm_nm": "서울특별시 강서구 화곡4동"}}, {"type": "Feature", "geometry": {"type": "Polygon", "coordinates": [[[943240.9183, 1950457.7372999995], [943260.8611000011, 1950387.4790999987], [943202.740100001, 1950156.7391999997], [943172.4763000011, 1950076.1373000005], [943121.6967000018, 1949955.9015000048], [943007.3262000016, 1949755.4686000042], [942815.3463000008, 1949773.6835999982], [942754.5729000003, 1949793.9696000018], [942517.5577000002, 1950023.8716000011], [942324.7231000002, 1950146.8347], [942145.3555000006, 1950398.4677000032], [942092.0317000006, 1950470.2915000017], [942081.1157000014, 1950499.571100003], [942080.6595000006, 1950500.794900001], [942079.9681000017, 1950506.2393000005], [942076.6659000008, 1950532.243900001], [942083.0972999998, 1950604.9311000027], [942095.1921000006, 1950615.5175000029], [942120.894700002, 1950630.0166000025], [942125.4669000024, 1950633.7339999983], [942150.9357000017, 1950654.4425000024], [942192.2473000003, 1950701.2687999983], [942204.3169000008, 1950718.1995], [942206.7211000007, 1950723.9334999984], [942218.9365000016, 1950774.1331000011], [942212.4476000003, 1951141.4316000002], [942796.1063000003, 1950927.5645000013], [943161.6097000018, 1950763.9006999992], [943240.9183, 1950457.7372999995]]]}, "properties": {"x": "942695", "y": "1950447", "adm_cd": "11160610", "adm_nm": "서울특별시 강서구 화곡6동"}}, {"type": "Feature", "geometry": {"type": "Polygon", "coordinates": [[[942784.5663000023, 1949027.3477000026], [942873.5909000016, 1948804.6358000005], [942729.2443000018, 1948787.380599999], [942709.1767000013, 1948748.1270000015], [942698.6633000013, 1948727.5620000018], [942689.1971000006, 1948709.045399999], [942670.1341000004, 1948671.7540000034], [942691.3213000011, 1948214.9098000024], [942693.5089, 1948184.5295999995], [942695.932300001, 1948150.8885999992], [942718.3747000016, 1948002.7796000005], [942726.6437000007, 1947951.970800001], [942741.357800001, 1947861.5622000005], [942469.8444999999, 1947820.7738000033], [942330.7913000009, 1948142.0665000028], [942260.1545000008, 1948291.9433], [942196.6783000014, 1948426.625200002], [942016.782700002, 1948798.9538000012], [942133.5479133616, 1948962.470940012], [942292.1035000016, 1949003.8981999997], [942565.5863000016, 1948988.8152], [942665.4185000011, 1949003.6007999992], [942683.0125000015, 1949012.6146999998], [942719.9327000019, 1949058.0529999998], [942756.6117000002, 1949127.4858000022], [942776.5582000002, 1949171.3114000028], [942784.5663000023, 1949027.3477000026]]]}, "properties": {"x": "942407", "y": "1948732", "adm_cd": "11160630", "adm_nm": "서울특별시 강서구 화곡8동"}}, {"type": "Feature", "geometry": {"type": "Polygon", "coordinates": [[[943235.0133000008, 1952343.8080000002], [943747.7236000018, 1951927.973900001], [943624.122600002, 1951754.6088999996], [943510.0067999997, 1951839.4941000012], [943497.9223000007, 1951843.4870000007], [943484.7349, 1951846.8457000004], [943474.4615000013, 1951848.7655000007], [943467.7777000004, 1951850.0144999993], [943464.4509000005, 1951850.3821999999], [943456.4562, 1951851.2519000028], [943456.3384999998, 1951851.2647000006], [943444.0989000017, 1951852.3993000006], [943420.8201000008, 1951852.9527000007], [943404.5341000004, 1951852.609100001], [943373.5597000007, 1951850.2693000005], [943373.2527000008, 1951850.2459], [943359.9483000024, 1951848.537100003], [943348.1035000018, 1951846.8307000033], [943332.9973000018, 1951844.6416000028], [943301.6964000002, 1951838.629900001], [943292.3648000003, 1951835.7903000019], [943271.9528000011, 1951826.5019000028], [943261.433200002, 1951820.230100003], [943255.5224000008, 1951815.9129000013], [943242.8098000003, 1951805.1342999993], [943227.6808000014, 1951789.2401000024], [943212.285400002, 1951769.4829], [943209.241800002, 1951765.5765000007], [943192.8984000004, 1951741.2219000016], [943085.1319000025, 1951573.1187000044], [943056.3571000004, 1951509.3772], [943056.2629000016, 1951509.1634999989], [943050.3247000005, 1951495.3461], [942492.1567000009, 1951870.5745000052], [942663.1823000011, 1952201.3363000005], [942543.1941, 1952333.586699999], [942449.9125000011, 1952413.8449], [942448.8095000007, 1952420.7483], [942674.435000001, 1952800.4759000014], [942721.1936000003, 1952860.5413999995], [942921.8959000001, 1952687.3226000005], [943235.0133000008, 1952343.8080000002]]]}, "properties": {"x": "942982", "y": "1952134", "adm_cd": "11160650", "adm_nm": "서울특별시 강서구 가양2동"}}, {"type": "Feature", "geometry": {"type": "Polygon", "coordinates": [[[943858.8165000002, 1951576.3374000036], [943996.3045000008, 1951498.6254999996], [944112.5359000007, 1951420.0369000058], [944134.0752999997, 1951404.3783], [944149.6797000003, 1951391.3815000006], [944150.5267000012, 1951390.675900001], [944151.0981000017, 1951389.1034999983], [944150.4743000005, 1951384.598300003], [944148.1911000023, 1951374.3841000013], [944146.1151000009, 1951369.367100004], [944136.2959000007, 1951349.0683000004], [944134.6737000006, 1951345.7161000003], [944131.2069, 1951338.5570999999], [944118.3767000004, 1951330.0781000005], [944058.0237000019, 1951304.7175000007], [944057.0117000018, 1951304.2929000016], [944052.315500001, 1951302.7885000007], [944036.4757000022, 1951298.0140999993], [944011.9760999997, 1951290.756700001], [944007.7011000022, 1951289.1597000014], [944000.4473000014, 1951286.4495000024], [943968.6415000019, 1951271.8037000024], [943964.6191000014, 1951269.175900001], [943960.0291000004, 1951265.1017000016], [943953.3762999997, 1951258.439499999], [943944.8539000021, 1951249.8977000006], [943858.0811000013, 1951155.0517000002], [943818.9669000008, 1951106.405700001], [943818.8159, 1951106.2175000012], [943765.9835000022, 1951034.363500004], [943766.8647000014, 1951006.3688999994], [943050.3247000005, 1951495.3461], [943056.2629000016, 1951509.1634999989], [943056.3571000004, 1951509.3772], [943085.1319000025, 1951573.1187000044], [943192.8984000004, 1951741.2219000016], [943209.241800002, 1951765.5765000007], [943212.285400002, 1951769.4829], [943227.6808000014, 1951789.2401000024], [943242.8098000003, 1951805.1342999993], [943255.5224000008, 1951815.9129000013], [943261.433200002, 1951820.230100003], [943271.9528000011, 1951826.5019000028], [943292.3648000003, 1951835.7903000019], [943301.6964000002, 1951838.629900001], [943332.9973000018, 1951844.6416000028], [943348.1035000018, 1951846.8307000033], [943359.9483000024, 1951848.537100003], [943373.2527000008, 1951850.2459], [943373.5597000007, 1951850.2693000005], [943404.5341000004, 1951852.609100001], [943420.8201000008, 1951852.9527000007], [943444.0989000017, 1951852.3993000006], [943456.3384999998, 1951851.2647000006], [943456.4562, 1951851.2519000028], [943464.4509000005, 1951850.3821999999], [943467.7777000004, 1951850.0144999993], [943474.4615000013, 1951848.7655000007], [943484.7349, 1951846.8457000004], [943497.9223000007, 1951843.4870000007], [943510.0067999997, 1951839.4941000012], [943624.122600002, 1951754.6088999996], [943858.8165000002, 1951576.3374000036]]]}, "properties": {"x": "943573", "y": "1951565", "adm_cd": "11160660", "adm_nm": "서울특별시 강서구 가양3동"}}, {"type": "Feature", "geometry": {"type": "Polygon", "coordinates": [[[940303.5132000018, 1951369.2428000006], [941478.6130000015, 1951218.3112000022], [941499.8911000016, 1951215.5017000008], [941506.2605000003, 1951214.6603999985], [941514.5557000011, 1951213.564699999], [941525.1035000016, 1951212.1701], [941530.6785000023, 1951203.8725], [941513.5283000019, 1951019.8577], [941512.314100001, 1951015.2169000008], [941407.2414000018, 1950613.7267000035], [941376.2502000004, 1950194.0557000039], [941372.6586000004, 1950054.7365000017], [940800.9125000008, 1949977.7184999995], [940798.001200001, 1950017.6078999992], [940778.0577000019, 1950030.8219999997], [940606.1959000011, 1950030.0368000036], [940598.2048000005, 1950019.1040000005], [940589.4637000011, 1950002.8592000012], [940457.0082000021, 1949716.9497000007], [940447.7629000007, 1949696.123099999], [940447.3248000013, 1949695.1358999999], [940446.7907000011, 1949693.5095999993], [940431.5090000001, 1949646.9647000008], [940426.8074000014, 1949610.1748000009], [940450.1023000015, 1949574.1779000005], [940458.7236000022, 1949544.8366000021], [940465.0381, 1949505.4070999995], [940407.2758000002, 1949367.2363000028], [940370.6522000011, 1949352.206700001], [940323.6688000017, 1949333.1607], [940320.7886000008, 1949332.0213000015], [940318.6495000018, 1949331.3119000022], [940315.620400001, 1949331.5525000049], [940114.1933000006, 1949255.049200002], [940088.9547000015, 1949257.8932000003], [940064.4452999998, 1949260.366200001], [940009.7653000006, 1949264.061000002], [939991.3517000016, 1949264.4083999996], [939943.6219000013, 1949265.0684000012], [939908.6165000005, 1949264.7222000025], [939866.9573000001, 1949264.1931999992], [939741.5201000005, 1949255.9863999998], [939646.0621000003, 1949248.6832000036], [939634.8452000015, 1949247.1135000032], [939623.6805000014, 1949245.5526000008], [939601.119300001, 1949244.7978000054], [939515.9633000002, 1949247.9984000013], [939353.8929000021, 1949255.6190000046], [939336.6427000012, 1949256.6768], [939313.0519000022, 1949258.7393999998], [939249.826600001, 1949267.9154000026], [939266.0913000016, 1949282.5565000027], [939310.1797000003, 1949347.2109999987], [939480.5171, 1949645.5543000011], [939509.5705000008, 1949709.9605000003], [939548.7349000004, 1950130.8153], [939447.5977000017, 1950371.4368999996], [939430.6168999998, 1950388.9299000073], [939597.4241000025, 1950546.9212999982], [939690.5285000014, 1950634.6384999992], [939854.1750999999, 1950787.1288000005], [940137.0439000002, 1951050.0650000009], [940237.5828000011, 1951134.2785000047], [940237.6826000019, 1951134.6278000032], [940243.1581000003, 1951153.7936000028], [940253.0359000002, 1951201.1269000021], [940273.9592000009, 1951364.3504000008], [940252.2589999997, 1951376.2673000013], [940303.5132000018, 1951369.2428000006]]]}, "properties": {"x": "940411", "y": "1950343", "adm_cd": "11160670", "adm_nm": "서울특별시 강서구 발산1동"}}, {"type": "Feature", "geometry": {"type": "Polygon", "coordinates": [[[937461.0071000016, 1952861.5968000023], [937927.3229000013, 1952499.8478000006], [938051.1429000015, 1952224.6752000006], [937962.4703000005, 1952003.5133999984], [937967.4753000012, 1951921.8355999999], [938103.6643000019, 1951744.0651999996], [938339.9567000011, 1951560.4360000063], [938607.0391, 1951521.8524000004], [938618.3953000016, 1951521.3034000015], [938654.5379000014, 1951523.0760000031], [938680.0381, 1951528.374800002], [938695.8941000013, 1951531.669600003], [938724.4569000013, 1951538.629599999], [938841.4475, 1951588.8900000032], [938850.7121000013, 1951593.9034000002], [938851.1981000013, 1951594.1664000025], [938883.4355000003, 1951615.6038000034], [939003.3463000022, 1951717.5708000036], [939153.0181, 1951853.9345999986], [939154.2379000008, 1951856.156000001], [939166.9159000011, 1951879.4930000065], [939174.6697000025, 1951893.7660000022], [939175.0353, 1951894.4389999993], [939179.436200001, 1951902.5408999983], [939270.9507000017, 1951845.2659], [939637.3099, 1951746.6527], [939638.2413000003, 1951746.4432999992], [939750.2523000007, 1951721.272500002], [939785.6955000024, 1951713.307900006], [940019.3997999998, 1951674.9121000026], [940065.1131999996, 1951669.0796000008], [940252.2589999997, 1951376.2673000013], [940273.9592000009, 1951364.3504000008], [940253.0359000002, 1951201.1269000021], [940243.1581000003, 1951153.7936000028], [940237.6826000019, 1951134.6278000032], [940237.5828000011, 1951134.2785000047], [940137.0439000002, 1951050.0650000009], [939854.1750999999, 1950787.1288000005], [939690.5285000014, 1950634.6384999992], [939597.4241000025, 1950546.9212999982], [939430.6168999998, 1950388.9299000073], [939447.5977000017, 1950371.4368999996], [939548.7349000004, 1950130.8153], [939509.5705000008, 1949709.9605000003], [939480.5171, 1949645.5543000011], [939310.1797000003, 1949347.2109999987], [939266.0913000016, 1949282.5565000027], [939249.826600001, 1949267.9154000026], [938862.0513000013, 1949551.3092000019], [938843.0313, 1949568.8100000024], [938825.2443000011, 1949582.3680000035], [938815.6913000015, 1949586.4174000043], [938806.5909000004, 1949587.891000003], [938802.0363000007, 1949588.0378000024], [938797.9963000016, 1949588.1680000015], [938792.1555000022, 1949588.355000005], [938763.7772000011, 1949588.6923999991], [938551.9667000005, 1949551.5478000029], [938435.6397000011, 1949523.2896000012], [938325.235300002, 1949494.288800003], [938310.2112999998, 1949482.7166000064], [938286.9259000004, 1949462.816200005], [938202.4929, 1949390.2894000015], [938095.9313000019, 1949264.778200001], [938072.322900002, 1949221.5516000073], [938058.7765000002, 1949194.1640000022], [938053.3715000015, 1949151.2582000005], [938061.4683000013, 1949127.579200002], [938096.752300001, 1949069.8068000022], [938111.6963000005, 1948946.8762000026], [938111.6879000019, 1948946.8399999999], [938110.1801000027, 1948942.2172000054], [938076.989500001, 1948924.6493999998], [937892.6617000019, 1948870.0337999999], [937696.3285000019, 1948749.8980000005], [937673.4777000004, 1948739.2706000013], [937664.1015000015, 1948735.3535999993], [937663.5897000018, 1948735.1399000026], [937658.7131000005, 1948749.2227000054], [937624.0683000011, 1948905.3516999995], [937612.0685, 1949197.7073000022], [937660.7799000018, 1949358.610700002], [937329.3033000004, 1949635.6476000017], [937011.3741000018, 1949866.7210000008], [936882.0309000001, 1949870.030799999], [936746.4613000015, 1949871.4994000015], [936676.7919000002, 1949876.3054000018], [936213.3855000013, 1949948.8], [936117.9883000003, 1950109.1561], [936111.9847000011, 1950119.966299999], [936025.2409000006, 1950183.1234999998], [936012.4137000018, 1950191.2817000025], [936006.7911000012, 1950194.404300002], [935993.8507000022, 1950201.1931000017], [935984.532900001, 1950206.0813000002], [935944.0489, 1950206.4519000002], [935876.337900001, 1950200.4691000024], [935863.7741000017, 1950199.3170999992], [935832.7363000013, 1950196.201900002], [935816.6379000016, 1950194.101100002], [935778.6083000016, 1950189.0545000008], [935744.7007000011, 1950183.7042999999], [935738.7879000001, 1950178.9873000067], [935725.6723000009, 1950165.186700001], [935716.3503000005, 1950156.8959000015], [935689.3141000012, 1950142.4505000021], [935677.0107000008, 1950137.4234999993], [935665.7351000011, 1950134.8280999986], [935653.4651, 1950136.1107000005], [935648.4269000019, 1950140.4491000033], [935295.6113000022, 1950542.0034000017], [935288.2375000007, 1950673.0802000011], [935200.0415000024, 1950743.8797999988], [935186.2357000005, 1950797.1216000007], [935044.7007000004, 1950902.0549999995], [935036.1361000009, 1950912.8776000012], [935035.2549000017, 1950923.3476000074], [935041.9672000001, 1950931.559200001], [935284.3629000005, 1951060.3224000058], [935440.1248000024, 1951113.8524000016], [935440.9695000005, 1951114.0692000003], [935444.2999000004, 1951114.9238000028], [935445.067600001, 1951115.1014000047], [935448.7889000021, 1951115.9618000025], [935617.190500001, 1951139.643300001], [935807.7909000011, 1951351.9438000014], [935984.7033000004, 1951579.8315999997], [936016.8621000017, 1951632.361700002], [936025.8213000012, 1951639.9676], [936036.7176999999, 1951644.7520000022], [936067.5969000021, 1951635.8722000017], [936126.915500001, 1951549.5876000025], [936175.7217000009, 1951463.3277000058], [936179.6835000017, 1951459.2450000066], [936214.2023000012, 1951423.7624000018], [936219.0265000018, 1951420.5189999982], [936225.303300002, 1951434.6687000028], [936227.5137000021, 1951445.0594000001], [936227.3649000009, 1951452.4635000012], [936227.0915000001, 1951459.6816000065], [936218.9449000009, 1951514.080600001], [936192.4813000008, 1951645.8622000052], [936151.7411000005, 1951839.2918000016], [936002.9023000004, 1952074.1385999992], [935981.6431000007, 1952118.7540000014], [935952.458100002, 1952241.0222000023], [935953.6605000016, 1952285.2503999998], [936008.8431000006, 1952340.813200003], [936021.9913000001, 1952346.0536000018], [936022.6953000017, 1952302.1900000032], [936017.6549000017, 1952267.6977999979], [936009.7999000011, 1952241.5616000018], [936149.4689, 1952135.4196000043], [936457.2351000011, 1952308.6948000016], [936513.4979000017, 1952401.4137000015], [936534.5115000003, 1952554.4798000026], [936609.8241000015, 1952886.0892000003], [936612.8293000015, 1952893.2897999992], [936629.2199000013, 1952926.7222000023], [936633.9001000015, 1952934.4135999996], [936885.8223000015, 1953071.8093999992], [937048.3259000016, 1953133.3004000022], [937066.2593000003, 1953139.6720000026], [937090.3547000012, 1953148.095799998], [937461.0071000016, 1952861.5968000023]]]}, "properties": {"x": "937696", "y": "1950939", "adm_cd": "11160690", "adm_nm": "서울특별시 강서구 공항동"}}, {"type": "Feature", "geometry": {"type": "Polygon", "coordinates": [[[939024.1359000022, 1953096.1449000046], [939646.7607000016, 1953070.5492999996], [939646.442500002, 1953049.9603000025], [939644.2315000005, 1952906.9905999997], [939644.2195000018, 1952906.2507000011], [939727.8463000004, 1952871.6391000012], [940141.6267000011, 1952850.2605000045], [940150.2787000011, 1952841.757700003], [940158.4958, 1952832.317400003], [940159.9518, 1952829.790600001], [940165.4275000003, 1952808.643000001], [940188.2841000014, 1952568.3285000022], [940304.5055000002, 1952172.7310000025], [940317.5770000009, 1952171.3510000054], [940378.0251000003, 1952164.9693000005], [940642.5496000007, 1952131.9353000019], [940611.9041000019, 1951882.5318000012], [940577.5975000022, 1951603.3331000041], [940065.1131999996, 1951669.0796000008], [940019.3997999998, 1951674.9121000026], [939785.6955000024, 1951713.307900006], [939750.2523000007, 1951721.272500002], [939638.2413000003, 1951746.4432999992], [939637.3099, 1951746.6527], [939270.9507000017, 1951845.2659], [939179.436200001, 1951902.5408999983], [939258.0591000011, 1952032.019400003], [939286.4553000015, 1952081.4294000017], [939290.3729000005, 1952089.7046000022], [939290.9765000017, 1952092.4923999999], [939293.8263000019, 1952105.6625999995], [939297.1915000018, 1952122.3110000012], [939297.8720000017, 1952125.680200005], [939299.7379000019, 1952136.0232000034], [939300.3161000009, 1952139.2284000025], [939316.935900002, 1952306.6882000002], [939320.1838999998, 1952396.2144000027], [939320.5613000009, 1952408.1862000022], [939321.0925000013, 1952427.1015999997], [939321.9657000013, 1952465.4506000022], [939314.2239000009, 1952510.1746000033], [939306.2723000023, 1952535.8686000018], [939303.4977000018, 1952544.8307999999], [939303.3729000003, 1952545.233600001], [939284.4204000024, 1952590.8832000028], [939283.2781000019, 1952593.0406000074], [939273.7687000005, 1952610.9970000004], [939244.8449000019, 1952665.6104000006], [939202.5265000013, 1952745.5148000028], [939201.9775000002, 1952746.551400002], [939129.4349000005, 1952880.5428000004], [939095.8730000005, 1952873.2320000003], [939069.6689000013, 1952867.524199999], [939039.9137000008, 1952861.0432000002], [938966.7966999998, 1952845.1992000022], [938894.2549000015, 1952832.7182], [938747.4003000013, 1952807.4518000057], [938702.2745000023, 1952803.8554000026], [938554.4825000002, 1952804.6394000002], [938507.3731000007, 1952806.2602000018], [938505.0662000013, 1952806.3407999994], [938435.0125000018, 1953019.6835999996], [938531.5853000018, 1952977.2783000013], [938551.4479000004, 1952970.478300002], [938627.0609000006, 1952962.8182999997], [938650.1051000024, 1952965.1113000037], [938797.2199000018, 1952991.610100001], [938850.1293000014, 1953055.0929000033], [938956.1511000006, 1953103.9132000026], [938957.9795000008, 1953103.7435000015], [939022.4746000019, 1953097.683300002], [939024.1359000022, 1953096.1449000046]]]}, "properties": {"x": "939733", "y": "1952357", "adm_cd": "11160700", "adm_nm": "서울특별시 강서구 방화1동"}}, {"type": "Feature", "geometry": {"type": "Polygon", "coordinates": [[[939006.040100001, 1955916.4607999995], [939033.6295000005, 1955891.1248000013], [939036.1487000006, 1955888.8116000018], [939139.1421000013, 1955794.3906000045], [939211.890300002, 1955728.2775999992], [939300.8614999996, 1955669.825999999], [939438.9331000015, 1955577.781600004], [939752.4777000004, 1955321.519400001], [939825.6185000013, 1955191.1461999991], [939853.3065000009, 1955141.6500000008], [939521.7751000016, 1954513.6009999993], [939503.1133000023, 1954476.621000005], [939500.4647000019, 1954470.8612000004], [939488.8363000003, 1954445.5318000005], [939481.8720000018, 1954430.1472000014], [939484.3383000006, 1954426.9802000048], [939509.8103000004, 1954411.7264], [939521.6553000007, 1954404.9527999996], [939545.7407000004, 1954368.2039999994], [939549.4753000019, 1954302.2904000008], [939482.2465000008, 1954054.1098000025], [939443.858700001, 1953914.0910000005], [939264.5249000004, 1953971.5124000004], [939068.4505000012, 1954024.1780000012], [939021.5895000019, 1954027.6816000016], [938978.8723000019, 1954014.2480000001], [938907.2631000002, 1953976.5276], [938753.3883000017, 1953852.0022000023], [938745.0755000003, 1953823.471600001], [938689.0443000002, 1953580.4292000015], [938676.4981000018, 1953361.5938000004], [938571.6947000006, 1953060.4519999991], [938531.5853000018, 1952977.2783000013], [938435.0125000018, 1953019.6835999996], [938505.0662000013, 1952806.3407999994], [938507.3731000007, 1952806.2602000018], [938554.4825000002, 1952804.6394000002], [938702.2745000023, 1952803.8554000026], [938747.4003000013, 1952807.4518000057], [938894.2549000015, 1952832.7182], [938966.7966999998, 1952845.1992000022], [939039.9137000008, 1952861.0432000002], [939069.6689000013, 1952867.524199999], [939095.8730000005, 1952873.2320000003], [939129.4349000005, 1952880.5428000004], [939201.9775000002, 1952746.551400002], [939202.5265000013, 1952745.5148000028], [939244.8449000019, 1952665.6104000006], [939273.7687000005, 1952610.9970000004], [939283.2781000019, 1952593.0406000074], [939284.4204000024, 1952590.8832000028], [939303.3729000003, 1952545.233600001], [939303.4977000018, 1952544.8307999999], [939306.2723000023, 1952535.8686000018], [939314.2239000009, 1952510.1746000033], [939321.9657000013, 1952465.4506000022], [939321.0925000013, 1952427.1015999997], [939320.5613000009, 1952408.1862000022], [939320.1838999998, 1952396.2144000027], [939316.935900002, 1952306.6882000002], [939300.3161000009, 1952139.2284000025], [939299.7379000019, 1952136.0232000034], [939297.8720000017, 1952125.680200005], [939297.1915000018, 1952122.3110000012], [939293.8263000019, 1952105.6625999995], [939290.9765000017, 1952092.4923999999], [939290.3729000005, 1952089.7046000022], [939286.4553000015, 1952081.4294000017], [939258.0591000011, 1952032.019400003], [939179.436200001, 1951902.5408999983], [939175.0353, 1951894.4389999993], [939174.6697000025, 1951893.7660000022], [939166.9159000011, 1951879.4930000065], [939154.2379000008, 1951856.156000001], [939153.0181, 1951853.9345999986], [939003.3463000022, 1951717.5708000036], [938883.4355000003, 1951615.6038000034], [938851.1981000013, 1951594.1664000025], [938850.7121000013, 1951593.9034000002], [938841.4475, 1951588.8900000032], [938724.4569000013, 1951538.629599999], [938695.8941000013, 1951531.669600003], [938680.0381, 1951528.374800002], [938654.5379000014, 1951523.0760000031], [938618.3953000016, 1951521.3034000015], [938607.0391, 1951521.8524000004], [938339.9567000011, 1951560.4360000063], [938103.6643000019, 1951744.0651999996], [937967.4753000012, 1951921.8355999999], [937962.4703000005, 1952003.5133999984], [938051.1429000015, 1952224.6752000006], [937927.3229000013, 1952499.8478000006], [937461.0071000016, 1952861.5968000023], [937090.3547000012, 1953148.095799998], [937191.2053000018, 1953311.2298000022], [937399.4053, 1953724.7618000028], [937427.839300001, 1953773.1248000017], [937454.5933000012, 1953772.6082000034], [937504.2265000017, 1953656.885000001], [937637.2747000009, 1953813.0611999999], [937641.6870000014, 1953973.3254000042], [937617.2569000021, 1954137.831000002], [938004.296400001, 1954378.6952000023], [938234.4019000006, 1954506.2106000027], [938249.3944000001, 1954501.6948000002], [938264.3254000021, 1954501.3656000006], [938282.3696000016, 1954537.4452000014], [938303.1653000019, 1954674.0046999995], [938227.9096000014, 1954967.8658000028], [938085.5785000019, 1955149.306200001], [938068.0532000014, 1955169.9540000022], [938055.2792, 1955185.1106000077], [938047.2296000005, 1955195.7746000001], [938042.576200001, 1955201.9840000002], [938034.825900001, 1955213.272300003], [938011.7919000001, 1955252.2558000018], [938003.2163000004, 1955266.9833000035], [937998.0482000016, 1955276.258500001], [937993.7520000009, 1955284.7773000048], [937989.0881000019, 1955294.8604999995], [937985.6923000016, 1955302.5639], [937983.6370000006, 1955309.5423000047], [937982.2799000014, 1955315.7961999984], [937980.3806000018, 1955325.8018999994], [937958.5509000015, 1955518.3821], [937957.8069000021, 1955525.3216], [937950.4852000006, 1955593.6177000017], [937949.7183000012, 1955602.0567000008], [938025.8649000013, 1955853.8139000016], [938028.4384000008, 1955858.9852000033], [938037.4594000007, 1955875.3686000053], [938206.0523000014, 1956133.3518000015], [938245.0944000018, 1956179.2854000023], [938304.7713000015, 1956248.8808000004], [938441.1760999999, 1956407.6625999985], [939006.040100001, 1955916.4607999995]]]}, "properties": {"x": "938237", "y": "1953923", "adm_cd": "11160710", "adm_nm": "서울특별시 강서구 방화2동"}}, {"type": "Feature", "geometry": {"type": "Polygon", "coordinates": [[[941951.7289000016, 1948941.6299999997], [942016.782700002, 1948798.9538000012], [942196.6783000014, 1948426.625200002], [942260.1545000008, 1948291.9433], [942330.7913000009, 1948142.0665000028], [942469.8444999999, 1947820.7738000033], [942467.7346000008, 1947820.4297000007], [941728.3538000018, 1947669.114900004], [941722.9341000022, 1947674.0304999999], [941443.5097000009, 1948258.4097000023], [941277.4905000018, 1948608.0252000003], [941270.232300002, 1948623.3370999978], [941205.8787000012, 1948760.3689000001], [941197.459900002, 1948778.5001000026], [941263.5736000007, 1948829.0543000028], [941139.2151000012, 1949156.7973000016], [941729.905500002, 1949352.9249000004], [941733.2512, 1949348.5749000008], [941951.7289000016, 1948941.6299999997]]]}, "properties": {"x": "941767", "y": "1948478", "adm_cd": "11160730", "adm_nm": "서울특별시 강서구 화곡1동"}}, {"type": "Feature", "geometry": {"type": "Polygon", "coordinates": [[[942145.3555000006, 1950398.4677000032], [942324.7231000002, 1950146.8347], [942091.2493000012, 1949741.9052000009], [942086.0345000002, 1949733.0895999998], [942032.8954999998, 1949643.2725999998], [942032.5463, 1949642.6827999996], [942032.1837000011, 1949642.0704000024], [942019.3865000013, 1949622.8214000016], [942015.725700001, 1949617.3151999996], [941978.2401000017, 1949560.9348], [941970.5163000016, 1949549.3181999996], [941956.8061000012, 1949531.7396000025], [941935.8863000019, 1949504.9176000028], [941912.7991000013, 1949475.316800001], [941891.2103000025, 1949449.1234000032], [941862.1429000008, 1949421.9959999996], [941822.9403000011, 1949395.7789999994], [941819.7427000018, 1949393.6406000005], [941733.2512, 1949348.5749000008], [941729.905500002, 1949352.9249000004], [941731.5485000012, 1949353.5198999988], [941507.259300001, 1949648.7486999999], [941496.7341000019, 1949662.6023000013], [941488.5294000012, 1949673.4006999992], [941445.6357000014, 1949725.0679000032], [941442.7928000008, 1949728.4930000023], [941414.8180999998, 1949782.0322000005], [941409.1581000003, 1949796.2562000002], [941394.6933000024, 1949832.6120999993], [941391.4359000003, 1949850.879500003], [941379.6991000017, 1949916.7160999998], [941372.6586000004, 1950054.7365000017], [941376.2502000004, 1950194.0557000039], [941407.2414000018, 1950613.7267000035], [941512.314100001, 1951015.2169000008], [941513.5283000019, 1951019.8577], [941530.6785000023, 1951203.8725], [941525.1035000016, 1951212.1701], [941514.5557000011, 1951213.564699999], [941506.2605000003, 1951214.6603999985], [941499.8911000016, 1951215.5017000008], [941478.6130000015, 1951218.3112000022], [941552.6723000017, 1951228.6960999996], [942212.4476000003, 1951141.4316000002], [942218.9365000016, 1950774.1331000011], [942206.7211000007, 1950723.9334999984], [942204.3169000008, 1950718.1995], [942192.2473000003, 1950701.2687999983], [942150.9357000017, 1950654.4425000024], [942125.4669000024, 1950633.7339999983], [942120.894700002, 1950630.0166000025], [942095.1921000006, 1950615.5175000029], [942083.0972999998, 1950604.9311000027], [942076.6659000008, 1950532.243900001], [942079.9681000017, 1950506.2393000005], [942080.6595000006, 1950500.794900001], [942081.1157000014, 1950499.571100003], [942092.0317000006, 1950470.2915000017], [942145.3555000006, 1950398.4677000032]]]}, "properties": {"x": "941803", "y": "1950345", "adm_cd": "11160740", "adm_nm": "서울특별시 강서구 우장산동"}}, {"type": "Feature", "geometry": {"type": "Polygon", "coordinates": [[[941249.7794000024, 1954065.4831000022], [941431.4426000006, 1953926.0371000033], [941474.7973000018, 1953892.6616000033], [941936.8285000003, 1953523.1223000009], [942401.619000001, 1953122.8322000005], [942460.8295000014, 1953064.0352000003], [942721.1936000003, 1952860.5413999995], [942674.435000001, 1952800.4759000014], [942448.8095000007, 1952420.7483], [942449.9125000011, 1952413.8449], [942543.1941, 1952333.586699999], [942663.1823000011, 1952201.3363000005], [942492.1567000009, 1951870.5745000052], [942263.3241000008, 1951908.2449000042], [942240.0909000022, 1951908.9827], [942236.134900001, 1951909.1085000003], [942235.7411000023, 1951909.1211000006], [941977.9413000008, 1952063.0004999978], [941957.095900002, 1952086.4653000014], [941894.364700001, 1952166.1737000044], [941893.3861000002, 1952167.4273000017], [941867.9185000018, 1952200.0517000032], [941838.4087000005, 1952239.0465000046], [941832.2843000015, 1952247.4873000016], [941829.3255000006, 1952252.823100004], [941831.0441000012, 1952261.7096999986], [941831.2167000001, 1952262.602100002], [941832.285700002, 1952268.128300002], [941749.8955000013, 1952031.936500005], [941652.8215, 1951665.5017000008], [941599.4101000021, 1951461.296500001], [941590.7984999996, 1951428.013100001], [941570.9565000003, 1951351.3205000008], [941552.6723000017, 1951228.6960999996], [941478.6130000015, 1951218.3112000022], [940303.5132000018, 1951369.2428000006], [940252.2589999997, 1951376.2673000013], [940065.1131999996, 1951669.0796000008], [940577.5975000022, 1951603.3331000041], [940611.9041000019, 1951882.5318000012], [940642.5496000007, 1952131.9353000019], [940378.0251000003, 1952164.9693000005], [940317.5770000009, 1952171.3510000054], [940304.5055000002, 1952172.7310000025], [940188.2841000014, 1952568.3285000022], [940165.4275000003, 1952808.643000001], [940159.9518, 1952829.790600001], [940158.4958, 1952832.317400003], [940150.2787000011, 1952841.757700003], [940141.6267000011, 1952850.2605000045], [940051.5646000004, 1952949.3334999983], [940044.770900001, 1952957.6569000003], [940030.6393, 1953049.6643000026], [940026.4089000016, 1953109.201800003], [940039.9604000004, 1953213.237100002], [940067.7286000004, 1953292.7755999994], [940191.9512000019, 1953453.3674000003], [940645.6997999998, 1953953.350000007], [940650.3481000022, 1953958.4346000042], [940734.1830000023, 1954041.2171], [941016.2498000026, 1954246.7376000031], [941249.7794000024, 1954065.4831000022]]]}, "properties": {"x": "941252", "y": "1952685", "adm_cd": "11160751", "adm_nm": "서울특별시 강서구 가양1동"}}, {"type": "Feature", "geometry": {"type": "Polygon", "coordinates": [[[939973.291900001, 1954995.1812000002], [940156.4402000005, 1954846.8343000007], [940202.7694000001, 1954809.0284999998], [940289.1021000018, 1954739.1887000012], [940426.6513000013, 1954628.0289000033], [940640.8290000004, 1954458.0139000025], [941016.2498000026, 1954246.7376000031], [940734.1830000023, 1954041.2171], [940650.3481000022, 1953958.4346000042], [940645.6997999998, 1953953.350000007], [940191.9512000019, 1953453.3674000003], [940067.7286000004, 1953292.7755999994], [940039.9604000004, 1953213.237100002], [940026.4089000016, 1953109.201800003], [940030.6393, 1953049.6643000026], [940044.770900001, 1952957.6569000003], [940051.5646000004, 1952949.3334999983], [940141.6267000011, 1952850.2605000045], [939727.8463000004, 1952871.6391000012], [939644.2195000018, 1952906.2507000011], [939644.2315000005, 1952906.9905999997], [939646.442500002, 1953049.9603000025], [939646.7607000016, 1953070.5492999996], [939024.1359000022, 1953096.1449000046], [939022.4746000019, 1953097.683300002], [938957.9795000008, 1953103.7435000015], [938956.1511000006, 1953103.9132000026], [938850.1293000014, 1953055.0929000033], [938797.2199000018, 1952991.610100001], [938650.1051000024, 1952965.1113000037], [938627.0609000006, 1952962.8182999997], [938551.4479000004, 1952970.478300002], [938531.5853000018, 1952977.2783000013], [938571.6947000006, 1953060.4519999991], [938676.4981000018, 1953361.5938000004], [938689.0443000002, 1953580.4292000015], [938745.0755000003, 1953823.471600001], [938753.3883000017, 1953852.0022000023], [938907.2631000002, 1953976.5276], [938978.8723000019, 1954014.2480000001], [939021.5895000019, 1954027.6816000016], [939068.4505000012, 1954024.1780000012], [939264.5249000004, 1953971.5124000004], [939443.858700001, 1953914.0910000005], [939482.2465000008, 1954054.1098000025], [939549.4753000019, 1954302.2904000008], [939545.7407000004, 1954368.2039999994], [939521.6553000007, 1954404.9527999996], [939509.8103000004, 1954411.7264], [939484.3383000006, 1954426.9802000048], [939481.8720000018, 1954430.1472000014], [939488.8363000003, 1954445.5318000005], [939500.4647000019, 1954470.8612000004], [939503.1133000023, 1954476.621000005], [939521.7751000016, 1954513.6009999993], [939853.3065000009, 1955141.6500000008], [939973.291900001, 1954995.1812000002]]]}, "properties": {"x": "939744", "y": "1953858", "adm_cd": "11160761", "adm_nm": "서울특별시 강서구 방화3동"}}, {"type": "Feature", "geometry": {"type": "Polygon", "coordinates": [[[945169.2071018219, 1946683.8171024323], [945425.8615016937, 1946476.9134998322], [945450.4307994843, 1946455.7908992767], [945450.3177013397, 1946438.2376003265], [945450.0691013336, 1946401.1531009674], [945449.9842014313, 1946388.4775028229], [945599.7775020599, 1946240.766401291], [945605.8752002716, 1946236.5604991913], [945615.8727016449, 1946229.6650028229], [945759.1516017914, 1946193.3443012238], [945926.7249011993, 1946115.2987003326], [946064.4003009796, 1946023.761800766], [946271.9316005707, 1945746.927602768], [946295.1760005951, 1945708.0389995575], [946290.1261997223, 1945705.38530159], [946290.04129982, 1945705.3407993317], [946275.3657016754, 1945697.6114025116], [946229.8948993683, 1945673.6410007477], [946178.7580013275, 1945644.2824993134], [946170.6787014008, 1945639.5766010284], [946122.0631008148, 1945611.244802475], [945898.0641002655, 1945441.4930019379], [945410.5697002411, 1945081.1658000946], [945382.0697002411, 1945090.543302536], [945304.863702774, 1945144.9152011871], [945288.3171024323, 1945172.4106998444], [945283.888502121, 1945177.236902237], [945232.4820995331, 1945233.224401474], [945160.3393001556, 1945297.829000473], [945096.8426990509, 1945283.497800827], [945071.4409008026, 1945258.991601944], [945064.7305011749, 1945252.517999649], [945064.4503002167, 1945252.6415996552], [945062.279302597, 1945253.5999011993], [945061.5083026886, 1945253.9403018951], [945004.9592990875, 1945283.269399643], [944922.588300705, 1945327.1532993317], [944883.3677997589, 1945364.0079021454], [944874.1955013275, 1945373.383802414], [944869.4480991364, 1945378.2366008759], [944836.0080013275, 1945416.507200241], [944822.0335025787, 1945456.7535991669], [944826.6882991791, 1945465.6126003265], [944734.8224010468, 1945445.4158992767], [944716.6811008453, 1945529.7970027924], [944655.7711009979, 1945688.8873996735], [944655.3549022675, 1945696.0641994476], [944655.1391010284, 1945699.7870006561], [944655.4705028534, 1945711.420999527], [944661.0407009125, 1945726.9160022736], [944739.233877182, 1945899.2479610443], [944742.0170993805, 1945901.5142002106], [944749.9745006561, 1945909.1095027924], [944755.4747028351, 1945918.966600418], [944760.9721012115, 1945947.1574001312], [944739.233877182, 1945899.2479610443], [944734.8085002899, 1945895.644601822], [944721.6709003448, 1945889.5464000702], [944702.8089008331, 1945887.9170017242], [944692.0156993866, 1945892.2325992584], [944678.5599002838, 1945905.3393001556], [944675.6620998383, 1945909.313299179], [944675.5706996918, 1945963.7236995697], [944676.2151012421, 1945964.6305027008], [944766.1825008392, 1946077.7730007172], [944773.8905010223, 1946087.3488025665], [944781.077299118, 1946090.5956020355], [944790.9203014374, 1946072.8061008453], [944793.5510997772, 1946068.0515995026], [944803.6045017242, 1946061.8004016876], [944817.7157001495, 1946059.216600418], [944829.7457027435, 1946061.9218006134], [944837.708902359, 1946066.827802658], [944862.6611003876, 1946085.8990001678], [944871.7555027008, 1946096.8066997528], [944998.3397006989, 1946270.2838001251], [944992.9717006683, 1946314.020002365], [945134.5011997223, 1946688.552602768], [945169.2071018219, 1946683.8171024323]]]}, "properties": {"x": "945389", "y": "1945813", "adm_cd": "11170510", "adm_nm": "서울특별시 구로구 신도림동"}}, {"type": "Feature", "geometry": {"type": "Polygon", "coordinates": [[[945152.5379000013, 1944668.9108000002], [945147.861300001, 1944654.151000001], [945140.8737000009, 1944620.1401999993], [945133.6391000013, 1944575.3646000032], [945130.9391000012, 1944531.7846000018], [945130.015800001, 1944508.417799999], [945129.2008000013, 1944482.9111000025], [945128.5838000006, 1944458.8732000017], [945184.3933000003, 1943341.338400003], [945185.0711000003, 1943327.8169999998], [945185.6048999999, 1943317.1705000026], [945187.9033000019, 1943311.3604000024], [945187.943300002, 1943311.3602000026], [945188.6635000017, 1943311.456400001], [945203.8317000017, 1943314.045200001], [945205.9318000015, 1943314.9110000033], [945209.9831000012, 1943316.5816000022], [945265.8099999998, 1943122.6866999995], [945134.0745000006, 1943182.1902000015], [944705.9237000004, 1943086.5375000015], [944737.2501000008, 1943117.6566000017], [944858.0735000039, 1943293.3135000006], [944896.2629000049, 1943361.0875000032], [944902.7599000018, 1943390.417500001], [944906.4922000006, 1943416.9806999997], [944905.7741000041, 1943440.6955000015], [944895.1079000009, 1943458.6205000016], [944869.9590000005, 1943482.0269000027], [944840.0959000011, 1943493.993300002], [944836.0568000022, 1943493.5931000023], [944834.0851000017, 1943493.3977000022], [944820.0455000042, 1943492.0063000058], [944722.3971000017, 1943442.6351000022], [944577.3264000015, 1943407.6036999996], [944566.545700001, 1943412.9713000036], [944335.7897000004, 1943552.5496999994], [944326.4015000005, 1943558.316500002], [944321.3515000013, 1943566.0595000014], [944318.3681000015, 1943572.0100999982], [944295.8719000019, 1943636.1692999979], [944252.0107000023, 1943827.583200003], [944252.7651000025, 1943905.113500001], [944253.2029000011, 1943911.1719000002], [944265.7859000014, 1944083.7611999996], [944096.9506000002, 1944138.980200003], [944093.1687000017, 1944166.3904000027], [944345.7749000009, 1944296.7088000025], [944388.2565000008, 1944320.6649999996], [944418.0950999999, 1944337.5009000008], [944441.1361000012, 1944350.5642000027], [944528.2739000025, 1944401.3344000024], [944528.4404000009, 1944428.9467000018], [944528.6023000006, 1944455.7930999985], [944825.3595000023, 1944622.5610000012], [944855.4983000008, 1944639.4454000005], [944984.5641000019, 1944711.5755000007], [945158.5933000019, 1944759.0562999994], [945159.1903000001, 1944758.8114000028], [945166.0445000003, 1944755.9980000008], [945178.8017, 1944750.6624], [945166.9779000005, 1944711.4191999985], [945152.5379000013, 1944668.9108000002]]]}, "properties": {"x": "944780", "y": "1943950", "adm_cd": "11170520", "adm_nm": "서울특별시 구로구 구로1동"}}, {"type": "Feature", "geometry": {"type": "Polygon", "coordinates": [[[947199.9552975481, 1943043.0515913926], [947237.7199000013, 1943029.580600004], [947047.5186000012, 1942741.9455000004], [946958.0442000023, 1942606.6281000038], [946937.2132000017, 1942572.960599999], [946933.1087, 1942566.1945999982], [946929.1041000002, 1942559.378400005], [946925.1792000023, 1942552.5113999983], [946921.3540000021, 1942545.5844], [946918.3191000016, 1942539.9238000035], [946916.5578000008, 1942536.5329999994], [946910.5065000006, 1942524.579400002], [946904.2116999999, 1942511.484600002], [946903.6333000013, 1942510.2510000004], [946900.3761000012, 1942503.0508000012], [946897.2091000003, 1942495.8002000009], [946894.1515000019, 1942488.5089999991], [946891.1837000009, 1942481.1774000018], [946888.3158000016, 1942473.8051999984], [946885.5376000011, 1942466.4026000008], [946882.8690000006, 1942458.959300005], [946880.3004000008, 1942451.4756000007], [946877.8318000013, 1942443.9714000023], [946875.4626000011, 1942436.4267000032], [946873.1932000016, 1942428.851399999], [946871.0236000008, 1942421.2458000018], [946866.9940000002, 1942405.9526000004], [946865.1342000003, 1942398.2652000026], [946863.3838000007, 1942390.5472], [946861.7236000001, 1942382.819000003], [946861.6988000015, 1942382.6948999995], [946861.6924000003, 1942382.6622000025], [946615.6099, 1942315.764200001], [946601.1099000005, 1942342.438300002], [946440.9278, 1942498.5058000032], [946398.6123000013, 1942492.7318000002], [946260.0467000003, 1942554.0136999986], [946251.5871000019, 1942565.7926000026], [946160.5741000012, 1942780.8242000062], [946158.8719000007, 1942787.2430000026], [946153.3581000012, 1942815.1250000019], [946156.2799000025, 1942823.7910000004], [946159.4791000021, 1942833.2796000005], [946171.2913000002, 1942843.4098], [946187.8401000008, 1942861.2657999997], [946205.429900002, 1942883.224600004], [946207.1385000013, 1942886.8244000007], [946197.4841000007, 1942898.4668000028], [946195.1989000005, 1942901.2224000022], [946168.5899000017, 1942912.789200003], [946158.7185000007, 1942916.7260999996], [946151.6717000015, 1942919.5364], [946129.1629000017, 1942927.6926000009], [945979.3029000018, 1942977.9384000027], [945861.2038000014, 1943017.2698000013], [945740.3960000018, 1943032.1242000032], [945726.9477000018, 1943032.245800002], [945732.7268000019, 1943040.5106000062], [945891.207500001, 1943267.3409999998], [945894.5913000025, 1943272.0612000024], [945897.4715000013, 1943276.0546000004], [945901.7603000021, 1943281.799800003], [945936.3623000002, 1943327.9500000002], [945939.798900002, 1943331.3206000023], [945970.5571000003, 1943361.3668], [945990.9494000024, 1943380.1420000014], [945998.3419000022, 1943386.8304000031], [946002.4502000015, 1943390.5274000017], [946075.0243000017, 1943451.0111999987], [946512.4257000003, 1943811.3443000019], [946550.3814000023, 1943807.9438000016], [946554.8804000006, 1943807.540700002], [946567.3103000018, 1943742.4684000008], [946640.6013000021, 1943477.4954000027], [946792.3953000007, 1943246.9446000014], [946832.1632000004, 1943217.674600002], [946837.0129000023, 1943214.153000001], [946937.4435000004, 1943150.7107999981], [946963.7217000016, 1943135.1574], [946969.4206000016, 1943131.8826000013], [947066.6811000016, 1943085.4744000023], [947075.6227000003, 1943081.569800003], [947098.4181000025, 1943072.2677999982], [947105.6425000012, 1943069.864200002], [947137.2099000019, 1943059.3617999996], [947199.9552975481, 1943043.0515913926]]]}, "properties": {"x": "946603", "y": "1943020", "adm_cd": "11170540", "adm_nm": "서울특별시 구로구 구로3동"}}, {"type": "Feature", "geometry": {"type": "Polygon", "coordinates": [[[946453.2441000014, 1944371.3460999997], [946553.468000001, 1943814.5058000018], [946554.8804000006, 1943807.540700002], [946550.3814000023, 1943807.9438000016], [946512.4257000003, 1943811.3443000019], [946075.0243000017, 1943451.0111999987], [946002.4502000015, 1943390.5274000017], [945998.3419000022, 1943386.8304000031], [945990.9494000024, 1943380.1420000014], [945970.5571000003, 1943361.3668], [945939.798900002, 1943331.3206000023], [945936.3623000002, 1943327.9500000002], [945901.7603000021, 1943281.799800003], [945897.4715000013, 1943276.0546000004], [945894.5913000025, 1943272.0612000024], [945891.207500001, 1943267.3409999998], [945732.7268000019, 1943040.5106000062], [945721.0876000023, 1943063.9762], [945714.7837000005, 1943080.2962000011], [945638.5133, 1943309.4644000065], [945554.1977000013, 1943582.7678], [945550.9820000008, 1943598.1042000023], [945544.8675000018, 1943630.8550000035], [945543.701900002, 1943637.2687999993], [945541.9569000001, 1943651.293], [945576.4521000015, 1943658.4078000032], [945592.8023000017, 1943653.8627000018], [945631.4213, 1943643.0920000002], [945641.8620000009, 1943640.1278000083], [945653.6895000015, 1943636.6964000023], [945656.3335000008, 1943635.8784000017], [945792.1369000017, 1943607.8333999985], [945876.7451, 1943591.5996000012], [946139.2468999997, 1943952.3105999993], [946138.8007000003, 1943953.0128000006], [946009.2435000013, 1944154.2368], [946444.4813000006, 1944428.2805999997], [946453.2441000014, 1944371.3460999997]]]}, "properties": {"x": "946089", "y": "1943754", "adm_cd": "11170550", "adm_nm": "서울특별시 구로구 구로4동"}}, {"type": "Feature", "geometry": {"type": "Polygon", "coordinates": [[[946332.6683000016, 1945083.5460000057], [946444.4813000006, 1944428.2805999997], [946009.2435000013, 1944154.2368], [945904.9998000024, 1944280.812], [945583.7777000016, 1944613.1058000005], [945564.7885000005, 1944623.1630000023], [945556.7149000014, 1944627.8146000018], [945548.5264999999, 1944633.0856000055], [945537.8612000011, 1944640.8590000009], [945536.0581, 1944642.2568000052], [945528.8115000017, 1944647.8749999998], [945517.2923000006, 1944658.6317999994], [945509.3667000015, 1944666.390799999], [945504.288500001, 1944672.0162000027], [945272.0843000021, 1944931.1442000065], [945184.211000001, 1945041.5497999997], [945304.8637000017, 1945144.915200008], [945382.069700002, 1945090.5432999996], [945410.5697000006, 1945081.165800001], [945898.0641000003, 1945441.4930000012], [946122.0631000003, 1945611.2448000018], [946170.6787000009, 1945639.576600003], [946178.7580000008, 1945644.2824999997], [946229.8949, 1945673.6410000017], [946275.3657000015, 1945697.6114000035], [946290.0413000009, 1945705.340799999], [946290.1262000009, 1945705.3853000016], [946416.036100002, 1945320.1826000018], [946436.8711000023, 1945254.796800003], [946436.3209000004, 1945251.8978000027], [946436.1116000006, 1945250.8359999987], [946432.714300001, 1945233.6104000036], [946371.4408999998, 1945127.1114000003], [946363.2025000013, 1945114.9524000022], [946332.6683000016, 1945083.5460000057]]]}, "properties": {"x": "945960", "y": "1944911", "adm_cd": "11170560", "adm_nm": "서울특별시 구로구 구로5동"}}, {"type": "Feature", "geometry": {"type": "Polygon", "coordinates": [[[943691.3868000024, 1945449.7718000016], [943669.5067000012, 1945432.815800001], [943675.9671000005, 1945388.6530000013], [943680.0163000015, 1945374.9508000002], [943681.4941000016, 1945371.233600002], [943685.5801000003, 1945360.9563000025], [943711.0479000006, 1945316.957100002], [943713.3367000009, 1945313.1062000007], [943720.2437000013, 1945301.7036000022], [943726.8071000018, 1945291.442600004], [943729.6163000002, 1945287.7090000012], [943733.4953000017, 1945284.0398000022], [943745.3835000007, 1945276.9494000005], [943844.5567000017, 1945255.9014000017], [944230.0509000015, 1945252.3418000005], [944242.7193000002, 1945253.2754000048], [944247.1629000016, 1945257.4541999993], [944266.9819000021, 1945277.8550000011], [944298.3259000012, 1945310.9269999983], [944341.9036000001, 1945359.0186000005], [944342.5891000007, 1945359.7750000004], [944368.7133000003, 1945353.9993999994], [944371.6345000002, 1945353.3533999985], [944375.3837000018, 1945350.9552000025], [944375.5897000023, 1945350.8234000006], [944424.255300002, 1945281.5503000026], [944444.3319000003, 1945250.1852000016], [944478.3059000003, 1945181.9505000007], [944482.3035000019, 1945169.5587000009], [944467.3311000013, 1945110.083699999], [944399.3935000023, 1945004.0615000003], [944337.3909000016, 1944963.484699999], [944328.0253000008, 1944956.1469000024], [944325.9451000023, 1944954.0887000016], [944292.628100001, 1944856.7541000042], [944287.469100001, 1944840.9031000035], [944168.0633000003, 1944397.6642000023], [944081.467500002, 1944220.8362000026], [943989.7171000005, 1944165.5220000013], [943817.6333000008, 1944070.1378000001], [943791.396100001, 1944063.1192000024], [943781.8767000005, 1944094.788399999], [943770.5503000005, 1944132.4749999982], [943770.5839000018, 1944132.485400008], [943789.7951000016, 1944138.4607999993], [943785.3083000018, 1944153.3792000033], [943775.2163000023, 1944186.9346000012], [943753.6597, 1944258.6087999996], [943746.4433000025, 1944282.5990000018], [943710.7927000022, 1944330.8208000057], [943364.1691000015, 1944408.7594000082], [943159.9721000006, 1944446.5478000012], [943032.2987000011, 1944642.9742000012], [943035.4925000006, 1944681.7134000026], [943037.7779000006, 1944707.252200003], [943039.6059000014, 1944724.126600001], [943039.9524999998, 1944727.303600003], [943076.845700002, 1944939.8624000037], [943085.8181000011, 1944963.586400003], [943169.1209000007, 1945094.8425999996], [943472.9151000001, 1945164.563400005], [943544.6967000009, 1945214.9451999995], [943630.4191000017, 1945311.0296], [943667.4504000015, 1945398.9715999984], [943671.1340000007, 1945468.0713000027], [943691.3868000024, 1945449.7718000016]]]}, "properties": {"x": "943764", "y": "1944781", "adm_cd": "11170610", "adm_nm": "서울특별시 구로구 고척1동"}}, {"type": "Feature", "geometry": {"type": "Polygon", "coordinates": [[[942911.901400001, 1945848.8369000014], [943280.6528000005, 1945811.6508000009], [943359.1430000009, 1945670.9752000044], [943628.1174000005, 1945524.5568000027], [943671.1340000007, 1945468.0713000027], [943667.4504000015, 1945398.9715999984], [943630.4191000017, 1945311.0296], [943544.6967000009, 1945214.9451999995], [943472.9151000001, 1945164.563400005], [943169.1209000007, 1945094.8425999996], [943085.8181000011, 1944963.586400003], [942979.2075000004, 1945003.4870000025], [942961.2265000017, 1945005.861400003], [942956.6771000002, 1945003.7864000006], [942884.449500002, 1944888.0202000013], [942865.0789000003, 1944854.960000001], [942843.9561000012, 1944809.1522000004], [942839.6071000004, 1944799.0740000021], [942848.6425000005, 1944795.4236000003], [942858.1851000016, 1944791.5681999992], [942846.1721000012, 1944755.6701999996], [942822.6439000014, 1944697.865600001], [942812.8401000004, 1944673.8160000024], [942792.5132999998, 1944663.6373999994], [942770.0349000008, 1944680.7264000007], [942759.4293000018, 1944690.2942000001], [942522.6635000006, 1944930.5321999998], [942424.8483000009, 1945032.4042000046], [942417.9651000005, 1945040.4384000027], [942407.7797000015, 1945052.3276000028], [942397.0997000018, 1945068.568399998], [942386.7647000023, 1945093.3544000033], [942384.5745000021, 1945102.5826000068], [942370.6609000002, 1945136.8442000058], [942351.8717000004, 1945181.0480000062], [942343.6351000018, 1945200.0150000032], [942296.5765000007, 1945294.293200003], [942213.1941000001, 1945442.0402000023], [942192.3985000008, 1945475.631400003], [942185.7197000007, 1945482.7412000059], [942139.5410000014, 1945594.1764999987], [942135.335900002, 1945611.7654000022], [942222.2843000025, 1945721.9222000004], [942286.6558000005, 1945768.0449000034], [942312.1364000009, 1945783.0744000021], [942811.208300001, 1945903.7364000035], [942911.901400001, 1945848.8369000014]]]}, "properties": {"x": "942859", "y": "1945382", "adm_cd": "11170620", "adm_nm": "서울특별시 구로구 고척2동"}}, {"type": "Feature", "geometry": {"type": "Polygon", "coordinates": [[[942559.7923000007, 1944285.4350000008], [942616.8585000017, 1944279.054900005], [942742.7133000022, 1944256.376200002], [942778.2451000004, 1944247.7809999995], [942820.8831000011, 1944237.0289999987], [943097.1361000002, 1944165.1154000005], [943223.1439000012, 1944132.1052000015], [943381.5659000017, 1944086.5722000003], [943602.4880999998, 1944033.8806000021], [943634.7573000002, 1944026.492200003], [943642.1195000001, 1944025.5036000009], [943681.1087000016, 1944020.4488000008], [943702.4294999999, 1944020.1260000025], [943724.571700001, 1944020.1086000013], [943747.8931000012, 1944021.9344000027], [943751.9431000014, 1944022.2529999996], [943769.9749000004, 1944023.8168000018], [943884.2231000017, 1944047.5908000025], [944098.7808000005, 1944124.7886000015], [943971.9739000016, 1943887.1574], [943822.8256000015, 1943739.9815999991], [943808.4523000021, 1943763.5460000015], [943804.1142000002, 1943765.4682000012], [943783.1250000009, 1943764.2098000008], [943755.5450999998, 1943756.7285999989], [943665.7183000006, 1943730.5136999995], [943652.781300002, 1943726.4338000012], [943648.6157000002, 1943724.943400001], [943642.1549000016, 1943722.6316000018], [943629.4616000009, 1943717.3506000014], [943618.7157000003, 1943711.7496000035], [943604.0571000002, 1943703.4901999994], [943594.3483000014, 1943697.3838000027], [943587.7385000016, 1943693.2202000031], [943531.6477000008, 1943653.3916000028], [943311.2619000012, 1943628.5803999994], [942828.1070000016, 1943594.3250999982], [942626.0283000006, 1943598.0166000023], [942607.0921000019, 1943600.3036000002], [942580.3248000011, 1943603.5365999988], [942560.018600002, 1943610.6600000025], [942549.1597000011, 1943614.4695999995], [942450.982300002, 1943649.7790000015], [942383.6113000005, 1944126.1752000037], [942380.8615000009, 1944132.5155000014], [942557.7414999998, 1944285.2354000057], [942559.7923000007, 1944285.4350000008]]]}, "properties": {"x": "943096", "y": "1944006", "adm_cd": "11170640", "adm_nm": "서울특별시 구로구 개봉2동"}}, {"type": "Feature", "geometry": {"type": "Polygon", "coordinates": [[[943808.4523000021, 1943763.5460000015], [943822.8256000015, 1943739.9815999991], [943690.8567000018, 1943704.599700002], [943681.5011000021, 1943702.0795000033], [943671.6332, 1943699.4210000024], [943664.7787000013, 1943696.8332000016], [943651.7571000012, 1943691.842599999], [943634.0912000004, 1943683.1257000035], [943615.2109000013, 1943671.9798000003], [943607.6247000005, 1943666.8978000002], [943595.2677000007, 1943657.7479999992], [943584.5848000012, 1943648.932800002], [943579.0624000011, 1943644.3386000018], [943566.1365000011, 1943630.8490000018], [943553.5453000017, 1943615.7959999994], [943544.8653000003, 1943604.8458000016], [943542.9368000007, 1943602.1495000003], [943522.5858000005, 1943573.6954000005], [943521.182500002, 1943571.733200003], [943519.5450000017, 1943569.3467000024], [943512.8542000005, 1943559.5950000016], [943512.020900002, 1943558.380400001], [943482.5287000014, 1943516.5206000027], [943462.224600001, 1943487.7605000017], [943437.8816000012, 1943453.2795999995], [943405.0289000007, 1943406.7722999998], [943354.8667000015, 1943335.7612999994], [943291.3995000024, 1943246.3165000023], [943262.8709000008, 1943206.4817999993], [943253.1153000011, 1943192.9133000032], [943240.1717000015, 1943176.0508999994], [943230.5595000007, 1943167.2157], [943228.0067000017, 1943164.869300001], [943209.8677000019, 1943152.1257000004], [943196.8687000008, 1943145.541300001], [943193.8155000014, 1943144.1829], [943179.7549000008, 1943140.5087000006], [943173.0819000001, 1943139.856300003], [943161.7051000013, 1943138.7609], [943133.5469000025, 1943136.441900001], [943122.3779, 1943135.5890999981], [943114.4209000012, 1943134.9817000015], [943113.3199000005, 1943134.938400002], [942842.1338000013, 1942794.5811999985], [942770.9579000003, 1942705.953600003], [942763.7859, 1942702.4603], [942760.8284000009, 1942701.6012999984], [942714.7646000008, 1942689.288100003], [942686.9267000002, 1942682.6878999984], [942679.4837000007, 1942681.0719000017], [942674.7005000012, 1942680.534399999], [942619.5495000016, 1942674.735100001], [942606.5205000015, 1942674.2418000023], [942594.027100001, 1942674.6517000003], [942582.648700002, 1942676.273500001], [942568.9983000022, 1942679.4077000017], [942473.1983000024, 1942710.7463999996], [942265.7942000016, 1942717.8538000006], [942303.6571000009, 1942921.3072000016], [942184.1687000006, 1943011.737700005], [942075.9285000023, 1943202.6933999988], [942080.6820000011, 1943271.603599999], [942365.0285000005, 1943580.777600001], [942450.982300002, 1943649.7790000015], [942549.1597000011, 1943614.4695999995], [942560.018600002, 1943610.6600000025], [942580.3248000011, 1943603.5365999988], [942607.0921000019, 1943600.3036000002], [942626.0283000006, 1943598.0166000023], [942828.1070000016, 1943594.3250999982], [943311.2619000012, 1943628.5803999994], [943531.6477000008, 1943653.3916000028], [943587.7385000016, 1943693.2202000031], [943594.3483000014, 1943697.3838000027], [943604.0571000002, 1943703.4901999994], [943618.7157000003, 1943711.7496000035], [943629.4616000009, 1943717.3506000014], [943642.1549000016, 1943722.6316000018], [943648.6157000002, 1943724.943400001], [943652.781300002, 1943726.4338000012], [943665.7183000006, 1943730.5136999995], [943755.5450999998, 1943756.7285999989], [943783.1250000009, 1943764.2098000008], [943804.1142000002, 1943765.4682000012], [943808.4523000021, 1943763.5460000015]]]}, "properties": {"x": "942670", "y": "1943231", "adm_cd": "11170650", "adm_nm": "서울특별시 구로구 개봉3동"}}, {"type": "Feature", "geometry": {"type": "Polygon", "coordinates": [[[941661.5153000002, 1944693.8392000012], [941715.6217000016, 1944740.9626000058], [941728.8247000012, 1944742.8724000005], [941758.2863000012, 1944747.1338000055], [941758.6079000011, 1944747.1799000017], [941800.087500002, 1944739.440999999], [942008.9533000013, 1944695.9775999999], [942035.2005000003, 1944687.7714000065], [942438.021700001, 1944467.7354000015], [942475.6887000019, 1944411.2257999992], [942487.667300002, 1944392.8790000011], [942557.7414999998, 1944285.2354000057], [942380.8615000009, 1944132.5155000014], [942021.9315000011, 1944036.5481000051], [941715.8124000018, 1943994.7694], [941564.081600002, 1943980.1776000056], [941521.2589000005, 1943976.4422000004], [941487.0417000009, 1943973.4580000062], [941483.336700001, 1943973.3391999993], [941483.283700001, 1943973.3764000032], [941482.2755000008, 1943974.0842000023], [941472.2634000009, 1943981.1225000017], [941424.5525000009, 1944130.0548000024], [941278.058500002, 1944389.4288], [941245.0601000021, 1944413.5962], [941214.7301000007, 1944445.3850000026], [941151.3213000016, 1944549.4737999998], [941141.6255000003, 1944581.6835000024], [941152.8079000022, 1944606.703999999], [941157.2127000019, 1944616.5596000017], [941162.1821000014, 1944627.6784000008], [941168.0897000019, 1944640.8923000016], [941283.6419000013, 1944796.2351999998], [941661.5153000002, 1944693.8392000012]]]}, "properties": {"x": "941810", "y": "1944381", "adm_cd": "11170670", "adm_nm": "서울특별시 구로구 오류1동"}}, {"type": "Feature", "geometry": {"type": "Polygon", "coordinates": [[[940509.3811000001, 1945683.8470000024], [940519.0488999999, 1945684.9788000057], [940585.4843000018, 1945707.684800001], [940622.1739000005, 1945711.7848000005], [940813.4775000009, 1945652.0002000018], [940842.0647, 1945642.8350000037], [940874.1803000005, 1945621.482400002], [940874.412900002, 1945605.0268000013], [940844.4569000013, 1945503.7616000006], [940842.0825000006, 1945499.0160000045], [940837.6563000004, 1945437.1512000004], [940928.0671000001, 1945299.9205999998], [940964.1433000006, 1945248.2562000034], [941132.9519, 1945106.9232], [941249.3591000016, 1945046.2682000024], [941328.0527000012, 1945063.9576000068], [941347.5533000001, 1945068.3412000034], [941283.6419000013, 1944796.2351999998], [941168.0897000019, 1944640.8923000016], [941162.1821000014, 1944627.6784000008], [941157.2127000019, 1944616.5596000017], [941152.8079000022, 1944606.703999999], [941141.6255000003, 1944581.6835000024], [941151.3213000016, 1944549.4737999998], [941214.7301000007, 1944445.3850000026], [941245.0601000021, 1944413.5962], [941278.058500002, 1944389.4288], [941424.5525000009, 1944130.0548000024], [941472.2634000009, 1943981.1225000017], [941436.5385000008, 1943979.6964999987], [941313.2675000018, 1943976.3387999996], [940958.749300002, 1943977.4866000034], [940623.4332999997, 1943978.5325000011], [940520.0543000014, 1943977.4805999994], [940428.3145000003, 1943676.9129999997], [940247.188400001, 1943497.5457999995], [940153.8707000006, 1943452.4181000018], [939956.2222000017, 1943692.6556000034], [939967.5726000015, 1943712.9882000014], [939916.9613000008, 1943714.637], [939905.4934000006, 1943716.8848000015], [939900.4066000038, 1943718.4787000013], [939890.9915, 1943721.4289000016], [939701.0039000011, 1943805.6868000005], [939409.3433000019, 1943991.7282000016], [939273.8126000015, 1944348.5705000022], [939374.856900001, 1944539.3569000005], [939379.9682000001, 1944545.9834999999], [939387.6381000003, 1944554.971700002], [939463.3635000016, 1944525.7368000005], [939475.1098999996, 1944517.1466000034], [939479.5285000002, 1944513.7803000081], [939518.7831000012, 1944484.8015999997], [939547.4587000017, 1944484.5558000077], [939558.569200001, 1944488.4014999997], [939584.5079000008, 1944499.1351999994], [939797.2455000016, 1944605.345600007], [939861.9212000007, 1944656.0930000031], [940034.3817000033, 1944981.7027000026], [940124.3548999999, 1945372.5399000007], [940121.341500001, 1945407.2693000017], [940119.4503000015, 1945418.8373000012], [940106.9315000008, 1945443.5736000014], [940315.9471000023, 1945663.5962000028], [940509.3811000001, 1945683.8470000024]]]}, "properties": {"x": "940421", "y": "1944554", "adm_cd": "11170690", "adm_nm": "서울특별시 구로구 수궁동"}}, {"type": "Feature", "geometry": {"type": "Polygon", "coordinates": [[[945240.1923000007, 1943315.0952000015], [945278.9447000013, 1943319.6308], [945500.7285000002, 1943229.7028000038], [945536.7464000017, 1943214.7474000026], [945562.4491000018, 1943201.9158000024], [945604.1886000012, 1943159.8998000005], [945726.9477000018, 1943032.245800002], [945740.3960000018, 1943032.1242000032], [945861.2038000014, 1943017.2698000013], [945979.3029000018, 1942977.9384000027], [946129.1629000017, 1942927.6926000009], [946151.6717000015, 1942919.5364], [946158.7185000007, 1942916.7260999996], [946168.5899000017, 1942912.789200003], [946195.1989000005, 1942901.2224000022], [946197.4841000007, 1942898.4668000028], [946207.1385000013, 1942886.8244000007], [946205.429900002, 1942883.224600004], [946187.8401000008, 1942861.2657999997], [946171.2913000002, 1942843.4098], [946159.4791000021, 1942833.2796000005], [946156.2799000025, 1942823.7910000004], [946153.3581000012, 1942815.1250000019], [946158.8719000007, 1942787.2430000026], [946160.5741000012, 1942780.8242000062], [946251.5871000019, 1942565.7926000026], [946260.0467000003, 1942554.0136999986], [946398.6123000013, 1942492.7318000002], [946440.9278, 1942498.5058000032], [946601.1099000005, 1942342.438300002], [946615.6099, 1942315.764200001], [946585.3427, 1942294.5546000008], [946116.1977000018, 1942400.8778000046], [946056.4955000005, 1942414.5311999987], [946053.9348999998, 1942415.7021999985], [946053.8488999999, 1942415.7420000012], [945959.7947000009, 1942459.5580000002], [945958.5595000011, 1942460.4950000003], [945947.8291000006, 1942468.6392000024], [945922.6495000008, 1942487.8026000005], [945912.6585000007, 1942495.4198000014], [945909.3247000005, 1942498.061599999], [945890.2903000012, 1942513.5202000015], [945876.9401000006, 1942524.362600008], [945866.9841000002, 1942532.448400001], [945864.4435000017, 1942536.344200002], [945861.2735000022, 1942541.2724000006], [945850.876100001, 1942557.4366000027], [945842.7181000002, 1942570.1194000016], [945838.2605000003, 1942577.0494000074], [945835.8753000017, 1942580.7730000024], [945817.5803000006, 1942609.3346000016], [945809.8223000021, 1942621.446300001], [945793.3239000023, 1942647.1739000028], [945760.2093000014, 1942698.7792000012], [945751.2249000014, 1942712.2627999992], [945736.6739000017, 1942733.9201999991], [945729.1497000009, 1942745.0569999989], [945724.5537000005, 1942749.6875999994], [945705.0883000009, 1942769.0537999996], [945692.3888999999, 1942781.6650000014], [945433.385900002, 1943007.935600007], [945420.879300002, 1943018.1744000008], [945401.3253000013, 1943033.1124000032], [945379.6571000011, 1943049.5858000026], [945318.0377000009, 1943096.1394000002], [945307.0062999998, 1943104.3638000004], [945273.4067000023, 1943119.3402000004], [945265.8099999998, 1943122.6866999995], [945209.9831000012, 1943316.5816000022], [945240.1923000007, 1943315.0952000015]]]}, "properties": {"x": "945911", "y": "1942867", "adm_cd": "11170700", "adm_nm": "서울특별시 구로구 가리봉동"}}, {"type": "Feature", "geometry": {"type": "Polygon", "coordinates": [[[944826.6883000016, 1945465.6125999992], [944822.0335000015, 1945456.7536], [944836.0080000015, 1945416.5072000013], [944869.4481000009, 1945378.2366000032], [944874.1955000015, 1945373.3838000018], [944883.3678000008, 1945364.0079000015], [944922.588300002, 1945327.1533000078], [945004.9593000016, 1945283.2694000062], [945061.5083000008, 1945253.9403000036], [945062.2793000006, 1945253.5999000021], [945064.4502999998, 1945252.6416000025], [945064.7305000012, 1945252.5180000016], [945071.4409000007, 1945258.991599998], [945096.8427000013, 1945283.4977999993], [945160.3393000003, 1945297.829000002], [945232.4821000018, 1945233.2244000044], [945283.8885000008, 1945177.2369000008], [945288.3171000006, 1945172.4107000027], [945304.8637000017, 1945144.915200008], [945184.211000001, 1945041.5497999997], [945272.0843000021, 1944931.1442000065], [945504.288500001, 1944672.0162000027], [945509.3667000015, 1944666.390799999], [945517.2923000006, 1944658.6317999994], [945528.8115000017, 1944647.8749999998], [945536.0581, 1944642.2568000052], [945537.8612000011, 1944640.8590000009], [945548.5264999999, 1944633.0856000055], [945556.7149000014, 1944627.8146000018], [945564.7885000005, 1944623.1630000023], [945583.7777000016, 1944613.1058000005], [945904.9998000024, 1944280.812], [946009.2435000013, 1944154.2368], [946138.8007000003, 1943953.0128000006], [946139.2468999997, 1943952.3105999993], [945876.7451, 1943591.5996000012], [945792.1369000017, 1943607.8333999985], [945656.3335000008, 1943635.8784000017], [945653.6895000015, 1943636.6964000023], [945641.8620000009, 1943640.1278000083], [945631.4213, 1943643.0920000002], [945592.8023000017, 1943653.8627000018], [945576.4521000015, 1943658.4078000032], [945541.9569000001, 1943651.293], [945543.701900002, 1943637.2687999993], [945544.8675000018, 1943630.8550000035], [945550.9820000008, 1943598.1042000023], [945554.1977000013, 1943582.7678], [945638.5133, 1943309.4644000065], [945714.7837000005, 1943080.2962000011], [945721.0876000023, 1943063.9762], [945732.7268000019, 1943040.5106000062], [945726.9477000018, 1943032.245800002], [945604.1886000012, 1943159.8998000005], [945562.4491000018, 1943201.9158000024], [945536.7464000017, 1943214.7474000026], [945500.7285000002, 1943229.7028000038], [945278.9447000013, 1943319.6308], [945240.1923000007, 1943315.0952000015], [945209.9831000012, 1943316.5816000022], [945205.9318000015, 1943314.9110000033], [945203.8317000017, 1943314.045200001], [945188.6635000017, 1943311.456400001], [945187.943300002, 1943311.3602000026], [945187.9033000019, 1943311.3604000024], [945185.6048999999, 1943317.1705000026], [945185.0711000003, 1943327.8169999998], [945184.3933000003, 1943341.338400003], [945128.5838000006, 1944458.8732000017], [945129.2008000013, 1944482.9111000025], [945130.015800001, 1944508.417799999], [945130.9391000012, 1944531.7846000018], [945133.6391000013, 1944575.3646000032], [945140.8737000009, 1944620.1401999993], [945147.861300001, 1944654.151000001], [945152.5379000013, 1944668.9108000002], [945166.9779000005, 1944711.4191999985], [945178.8017, 1944750.6624], [945166.0445000003, 1944755.9980000008], [945159.1903000001, 1944758.8114000028], [945158.5933000019, 1944759.0562999994], [944984.5641000019, 1944711.5755000007], [944855.4983000008, 1944639.4454000005], [944825.3595000023, 1944622.5610000012], [944528.6023000006, 1944455.7930999985], [944528.4404000009, 1944428.9467000018], [944528.2739000025, 1944401.3344000024], [944441.1361000012, 1944350.5642000027], [944418.0950999999, 1944337.5009000008], [944388.2565000008, 1944320.6649999996], [944345.7749000009, 1944296.7088000025], [944093.1687000017, 1944166.3904000027], [944081.467500002, 1944220.8362000026], [944168.0633000003, 1944397.6642000023], [944287.469100001, 1944840.9031000035], [944292.628100001, 1944856.7541000042], [944325.9451000023, 1944954.0887000016], [944328.0253000008, 1944956.1469000024], [944337.3909000016, 1944963.484699999], [944399.3935000023, 1945004.0615000003], [944467.3311000013, 1945110.083699999], [944482.3035000019, 1945169.5587000009], [944632.2121000006, 1945105.1097999993], [944633.0427000013, 1945105.5754000018], [944734.8224000017, 1945445.4159000015], [944826.6883000016, 1945465.6125999992]]]}, "properties": {"x": "945529", "y": "1944352", "adm_cd": "11170710", "adm_nm": "서울특별시 구로구 구로2동"}}, {"type": "Feature", "geometry": {"type": "Polygon", "coordinates": [[[942185.7197000007, 1945482.7412000059], [942192.3985000008, 1945475.631400003], [942213.1941000001, 1945442.0402000023], [942296.5765000007, 1945294.293200003], [942343.6351000018, 1945200.0150000032], [942351.8717000004, 1945181.0480000062], [942370.6609000002, 1945136.8442000058], [942384.5745000021, 1945102.5826000068], [942386.7647000023, 1945093.3544000033], [942397.0997000018, 1945068.568399998], [942407.7797000015, 1945052.3276000028], [942417.9651000005, 1945040.4384000027], [942424.8483000009, 1945032.4042000046], [942522.6635000006, 1944930.5321999998], [942759.4293000018, 1944690.2942000001], [942770.0349000008, 1944680.7264000007], [942792.5132999998, 1944663.6373999994], [942812.8401000004, 1944673.8160000024], [942822.6439000014, 1944697.865600001], [942846.1721000012, 1944755.6701999996], [942858.1851000016, 1944791.5681999992], [942848.6425000005, 1944795.4236000003], [942839.6071000004, 1944799.0740000021], [942843.9561000012, 1944809.1522000004], [942865.0789000003, 1944854.960000001], [942884.449500002, 1944888.0202000013], [942956.6771000002, 1945003.7864000006], [942961.2265000017, 1945005.861400003], [942979.2075000004, 1945003.4870000025], [943085.8181000011, 1944963.586400003], [943076.845700002, 1944939.8624000037], [943039.9524999998, 1944727.303600003], [943039.6059000014, 1944724.126600001], [943037.7779000006, 1944707.252200003], [943035.4925000006, 1944681.7134000026], [943032.2987000011, 1944642.9742000012], [943159.9721000006, 1944446.5478000012], [943364.1691000015, 1944408.7594000082], [943710.7927000022, 1944330.8208000057], [943746.4433000025, 1944282.5990000018], [943753.6597, 1944258.6087999996], [943775.2163000023, 1944186.9346000012], [943785.3083000018, 1944153.3792000033], [943789.7951000016, 1944138.4607999993], [943770.5839000018, 1944132.485400008], [943770.5503000005, 1944132.4749999982], [943781.8767000005, 1944094.788399999], [943791.396100001, 1944063.1192000024], [943817.6333000008, 1944070.1378000001], [943989.7171000005, 1944165.5220000013], [944081.467500002, 1944220.8362000026], [944093.1687000017, 1944166.3904000027], [944096.9506000002, 1944138.980200003], [944098.7808000005, 1944124.7886000015], [943884.2231000017, 1944047.5908000025], [943769.9749000004, 1944023.8168000018], [943751.9431000014, 1944022.2529999996], [943747.8931000012, 1944021.9344000027], [943724.571700001, 1944020.1086000013], [943702.4294999999, 1944020.1260000025], [943681.1087000016, 1944020.4488000008], [943642.1195000001, 1944025.5036000009], [943634.7573000002, 1944026.492200003], [943602.4880999998, 1944033.8806000021], [943381.5659000017, 1944086.5722000003], [943223.1439000012, 1944132.1052000015], [943097.1361000002, 1944165.1154000005], [942820.8831000011, 1944237.0289999987], [942778.2451000004, 1944247.7809999995], [942742.7133000022, 1944256.376200002], [942616.8585000017, 1944279.054900005], [942559.7923000007, 1944285.4350000008], [942557.7414999998, 1944285.2354000057], [942487.667300002, 1944392.8790000011], [942475.6887000019, 1944411.2257999992], [942438.021700001, 1944467.7354000015], [942035.2005000003, 1944687.7714000065], [942008.9533000013, 1944695.9775999999], [941800.087500002, 1944739.440999999], [941758.6079000011, 1944747.1799000017], [941758.2863000012, 1944747.1338000055], [941728.8247000012, 1944742.8724000005], [941715.6217000016, 1944740.9626000058], [941661.5153000002, 1944693.8392000012], [941283.6419000013, 1944796.2351999998], [941347.5533000001, 1945068.3412000034], [941628.5553000002, 1945225.675000003], [942057.4329000008, 1945355.856000001], [942080.3510000014, 1945366.4610000008], [942052.5215000018, 1945453.3775000013], [942095.3129000004, 1945549.0069000018], [942124.2165000013, 1945591.2286000014], [942139.5410000014, 1945594.1764999987], [942185.7197000007, 1945482.7412000059]]]}, "properties": {"x": "942672", "y": "1944725", "adm_cd": "11170720", "adm_nm": "서울특별시 구로구 개봉1동"}}, {"type": "Feature", "geometry": {"type": "Polygon", "coordinates": [[[942383.6113000005, 1944126.1752000037], [942450.982300002, 1943649.7790000015], [942365.0285000005, 1943580.777600001], [942080.6820000011, 1943271.603599999], [942075.9285000023, 1943202.6933999988], [942184.1687000006, 1943011.737700005], [942303.6571000009, 1942921.3072000016], [942265.7942000016, 1942717.8538000006], [942231.6401000019, 1942693.325999999], [942227.6402000019, 1942689.149100001], [942224.1053000009, 1942685.3573000024], [942215.4767000013, 1942675.2185000041], [942214.3923000025, 1942673.943700004], [942201.4095000019, 1942652.7075000028], [942197.4829000004, 1942645.7309000003], [942182.2260000005, 1942610.9174999995], [942178.4039000019, 1942596.8493000055], [942177.2548000009, 1942589.9183999998], [942176.5151000018, 1942585.4568000003], [942175.8569000002, 1942581.1978000011], [942175.5939000002, 1942579.4954000008], [942171.5744000018, 1942543.247899999], [942122.8684, 1941894.3973000012], [942116.3502000023, 1941827.419700001], [942115.8388000021, 1941822.205000001], [942086.7013000002, 1941794.2765000015], [942012.7988000003, 1941845.3928000014], [941992.5090000012, 1941897.449000001], [941917.8345000006, 1941940.8998000044], [941914.7817000007, 1941942.6017000019], [941903.778400002, 1941947.0969999991], [941888.7023000021, 1941952.3940000068], [941503.3214000012, 1941999.061300003], [941489.1588000022, 1942000.2498000006], [941298.4472000018, 1941923.6856999984], [941168.1213000012, 1941896.3839000023], [941030.1552999998, 1942210.7829000019], [940915.2134000013, 1942256.521700004], [940980.2953000017, 1942346.8796000027], [940996.5163000013, 1942457.6846000012], [940958.1041000001, 1942953.1524000019], [940617.2217000001, 1943322.6174000003], [940229.7345000023, 1943444.526800002], [940273.6389000005, 1943503.0135999997], [940247.188400001, 1943497.5457999995], [940428.3145000003, 1943676.9129999997], [940520.0543000014, 1943977.4805999994], [940623.4332999997, 1943978.5325000011], [940958.749300002, 1943977.4866000034], [941313.2675000018, 1943976.3387999996], [941436.5385000008, 1943979.6964999987], [941472.2634000009, 1943981.1225000017], [941482.2755000008, 1943974.0842000023], [941483.283700001, 1943973.3764000032], [941483.336700001, 1943973.3391999993], [941487.0417000009, 1943973.4580000062], [941521.2589000005, 1943976.4422000004], [941564.081600002, 1943980.1776000056], [941715.8124000018, 1943994.7694], [942021.9315000011, 1944036.5481000051], [942380.8615000009, 1944132.5155000014], [942383.6113000005, 1944126.1752000037]]]}, "properties": {"x": "941495", "y": "1943106", "adm_cd": "11170730", "adm_nm": "서울특별시 구로구 오류2동"}}, {"type": "Feature", "geometry": {"type": "Polygon", "coordinates": [[[940273.6389000005, 1943503.0135999997], [940229.7345000023, 1943444.526800002], [940617.2217000001, 1943322.6174000003], [940958.1041000001, 1942953.1524000019], [940996.5163000013, 1942457.6846000012], [940980.2953000017, 1942346.8796000027], [940915.2134000013, 1942256.521700004], [940726.5932000013, 1942174.0180000048], [940429.4528000013, 1942099.1519000037], [940156.0716000022, 1942092.6293000025], [939977.0842000025, 1942113.4146000019], [939837.9368000003, 1942120.4930000005], [939824.4246000013, 1942117.503599999], [939814.1572000019, 1942113.3403000068], [939813.1702000003, 1942112.8768000007], [939799.5506000009, 1942104.1400000015], [939793.8380000009, 1942096.0792000024], [939734.2312000014, 1941962.9028000017], [939752.6988000015, 1941868.7321999995], [939664.2596000012, 1941770.300400001], [939624.5991000017, 1941779.4399000024], [939614.4478000023, 1941781.7792000002], [939473.3411000001, 1941867.402200004], [939399.1140000018, 1941934.395899999], [939408.3950000011, 1941979.581600002], [939429.828500001, 1942068.4977999998], [939452.8611000015, 1942111.705600003], [939459.4708000023, 1942123.979200002], [939559.0828000007, 1942253.5808000003], [939616.8790000004, 1942307.316799999], [939630.2048000018, 1942319.461000002], [939640.2492000012, 1942319.8446000041], [939722.7004000011, 1942321.969200002], [939733.1934000016, 1942339.0956000001], [939769.5146000019, 1942399.1640000027], [939789.026000001, 1942432.2359999998], [939822.3010000001, 1942509.7824000036], [939838.1890000023, 1942560.7114000013], [939878.4677000009, 1942706.9849999994], [939878.3761999999, 1942712.3650000016], [939997.527900002, 1943209.0905000004], [940103.4090000001, 1943290.9066999992], [940201.6569000012, 1943381.2405000017], [940199.3801000018, 1943384.882200002], [940153.8707000006, 1943452.4181000018], [940247.188400001, 1943497.5457999995], [940273.6389000005, 1943503.0135999997]]]}, "properties": {"x": "940306", "y": "1942623", "adm_cd": "11170740", "adm_nm": "서울특별시 구로구 항동"}}, {"type": "Feature", "geometry": {"type": "Polygon", "coordinates": [[[945134.0745000006, 1943182.1902000015], [945265.8099999998, 1943122.6866999995], [945273.4067000023, 1943119.3402000004], [945307.0062999998, 1943104.3638000004], [945318.0377000009, 1943096.1394000002], [945379.6571000011, 1943049.5858000026], [945401.3253000013, 1943033.1124000032], [945420.879300002, 1943018.1744000008], [945433.385900002, 1943007.935600007], [945692.3888999999, 1942781.6650000014], [945705.0883000009, 1942769.0537999996], [945724.5537000005, 1942749.6875999994], [945729.1497000009, 1942745.0569999989], [945736.6739000017, 1942733.9201999991], [945751.2249000014, 1942712.2627999992], [945760.2093000014, 1942698.7792000012], [945793.3239000023, 1942647.1739000028], [945809.8223000021, 1942621.446300001], [945817.5803000006, 1942609.3346000016], [945835.8753000017, 1942580.7730000024], [945838.2605000003, 1942577.0494000074], [945842.7181000002, 1942570.1194000016], [945850.876100001, 1942557.4366000027], [945861.2735000022, 1942541.2724000006], [945864.4435000017, 1942536.344200002], [945866.9841000002, 1942532.448400001], [945876.9401000006, 1942524.362600008], [945890.2903000012, 1942513.5202000015], [945909.3247000005, 1942498.061599999], [945912.6585000007, 1942495.4198000014], [945922.6495000008, 1942487.8026000005], [945947.8291000006, 1942468.6392000024], [945958.5595000011, 1942460.4950000003], [945959.7947000009, 1942459.5580000002], [946053.8488999999, 1942415.7420000012], [946053.9348999998, 1942415.7021999985], [946056.4955000005, 1942414.5311999987], [946116.1977000018, 1942400.8778000046], [946585.3427, 1942294.5546000008], [946586.8115000001, 1942288.7487999988], [946589.0215000006, 1942279.8584], [946594.4222999999, 1942258.0876000025], [946648.635900002, 1942039.2644000023], [946654.7264999999, 1942014.486000001], [946404.7289000009, 1941616.6046000007], [946004.9367000023, 1941594.168000002], [945862.0321000017, 1941597.015800002], [945851.6715000024, 1941597.5326], [945814.7903000012, 1941599.329199999], [945795.2867000013, 1941600.1642000035], [945798.1541, 1941591.5520000018], [945843.4782999998, 1941457.5532000011], [945955.570100002, 1941132.7173999995], [945997.688900001, 1941043.6340000005], [946009.5809000019, 1941013.8697999995], [946054.8663000001, 1940880.3882000055], [946055.1641000002, 1940879.478800003], [946063.2247000017, 1940854.8638000009], [946072.3749000023, 1940826.9213999994], [946033.9615000003, 1940812.8480000007], [945684.6233000017, 1940738.7166000006], [945577.2913000007, 1940893.0528000023], [945512.7125000004, 1941011.3060000027], [945310.896500001, 1941298.9746], [945194.7199000011, 1941482.1170000057], [945166.1585000016, 1941536.2564000024], [945158.0265000004, 1941549.3812000016], [945145.9477000021, 1941569.1099999985], [945138.2057000019, 1941581.7556000073], [945086.3614999999, 1941666.5938000013], [945066.447100002, 1941699.2193999991], [945041.4093000008, 1941740.5551999994], [945002.9167000019, 1941804.330200002], [944876.2021000006, 1942065.4193999977], [944839.9725000024, 1942140.1347999987], [944826.2079000014, 1942168.9781999998], [944768.3205000015, 1942310.1402000024], [944764.0031000022, 1942320.7544], [944736.8365000017, 1942387.9362000003], [944678.2225000013, 1942533.4754000031], [944656.6033000016, 1942600.406600004], [944599.6629000008, 1942761.8098000025], [944543.5399000014, 1942761.2332000015], [944546.9590999999, 1942802.2603999996], [944548.0693000028, 1942879.2290000021], [944461.7089000004, 1943047.1881000046], [944461.2589000011, 1943051.9460000005], [944458.8539000021, 1943077.3805000023], [944519.7769000006, 1943170.2435000036], [944540.1146000024, 1943182.3186000008], [944545.4993000046, 1943184.5081000007], [944559.7205000033, 1943185.7133000013], [944572.6677000007, 1943179.6469000075], [944581.0283000018, 1943174.4795000043], [944705.9237000004, 1943086.5375000015], [945134.0745000006, 1943182.1902000015]]]}, "properties": {"x": "945525", "y": "1942115", "adm_cd": "11180510", "adm_nm": "서울특별시 금천구 가산동"}}, {"type": "Feature", "geometry": {"type": "Polygon", "coordinates": [[[946851.5447000009, 1942312.4780999995], [946799.4863000016, 1941693.6368999998], [946798.0569000004, 1941676.6407000013], [946808.6533000018, 1941503.704900002], [946757.7131000021, 1941493.9721000013], [946749.7837000011, 1941403.6407000006], [946745.5723000017, 1941355.3243000004], [946741.1853000004, 1941299.8495000014], [946740.794900002, 1941294.109699999], [946765.3773000014, 1941293.975700002], [946765.7773000016, 1941293.9735000024], [946753.5599000009, 1941149.1563000018], [946739.3951000047, 1940981.3236999996], [946732.4125000029, 1940979.9389999984], [946703.2531000021, 1940655.4645999991], [946703.8340999997, 1940647.6012000022], [946708.5697000015, 1940583.5420000008], [946710.893900001, 1940552.1031999993], [946717.468700001, 1940524.639200003], [946729.6235, 1940473.8670000012], [946730.7077000011, 1940469.3384000033], [946735.488700001, 1940449.3700000043], [946760.2129000013, 1940369.2128000008], [946766.6991000003, 1940348.1842000005], [946825.8333000013, 1940191.1746999985], [946825.6133000023, 1940191.1204000034], [946800.2279000017, 1940184.846999999], [946789.593700002, 1940181.4645000035], [946653.4055000023, 1940132.843], [946434.7271000014, 1939944.2873999993], [946479.5223000003, 1939507.3586000013], [946400.0919000015, 1939453.0589000005], [946208.7220000008, 1939406.158900002], [946140.2123999996, 1939402.0468999995], [946028.0406000016, 1939406.1701000016], [946015.8663000007, 1939410.9519999993], [946008.7348000011, 1939423.9529000013], [946007.7725000017, 1939429.8856000036], [946005.3320000004, 1939444.9322999995], [946003.8956000011, 1939453.8117000004], [946006.9124000003, 1939481.0371000005], [946012.2250000001, 1939502.6023999979], [946017.0802000007, 1939522.3113000002], [946018.7494000014, 1939543.0591], [946018.8864000014, 1939544.762700003], [946017.7290000004, 1939553.2967], [946015.9312000007, 1939557.2409000043], [946012.4334000021, 1939564.914700001], [945950.1688000022, 1939679.0151000018], [945897.8852000013, 1939728.273099999], [945724.6290999998, 1939853.7020999994], [945720.0634000015, 1939861.8864000028], [945713.1752000004, 1939879.6973000006], [945686.9364000002, 1939989.2349000007], [945642.0352000013, 1940214.3287000023], [945640.6578000013, 1940225.7070000025], [945641.4577000005, 1940245.578100003], [945641.6649000018, 1940250.7237000016], [945646.1717000018, 1940266.9579999992], [945650.1744000006, 1940279.7311000007], [945656.8895, 1940294.190500001], [945668.6760000015, 1940313.5901000048], [945706.2719999999, 1940360.905100001], [945711.2627000012, 1940365.346100001], [945717.7539000008, 1940367.1541000018], [945722.3991000014, 1940368.2551000025], [945830.3761000022, 1940382.9592000016], [945832.4049000009, 1940382.6674999995], [945848.7893000017, 1940379.7069000034], [945859.3561000014, 1940376.6480999996], [945864.4008000015, 1940375.1877000027], [945872.7152000009, 1940370.3645000008], [945906.4280000008, 1940350.880100002], [945932.5000000016, 1940351.523899999], [945944.787200002, 1940356.3631000016], [945951.9647000011, 1940365.9216000019], [945954.2727000002, 1940368.995300002], [945924.2137000002, 1940411.9201000028], [945887.0071000014, 1940464.817000001], [945800.5919000013, 1940587.168500002], [945793.6564000011, 1940586.9861000015], [945783.0763999998, 1940585.8867000034], [945758.2905000022, 1940583.2687000034], [945722.9671000016, 1940575.8955000013], [945702.0531000019, 1940570.1333000062], [945686.7059000017, 1940565.4661000036], [945623.3606000021, 1940540.4953000029], [945424.5483000011, 1940740.1169999992], [945577.2913000007, 1940893.0528000023], [945684.6233000017, 1940738.7166000006], [946033.9615000003, 1940812.8480000007], [946072.3749000023, 1940826.9213999994], [946063.2247000017, 1940854.8638000009], [946055.1641000002, 1940879.478800003], [946054.8663000001, 1940880.3882000055], [946009.5809000019, 1941013.8697999995], [945997.688900001, 1941043.6340000005], [945955.570100002, 1941132.7173999995], [945843.4782999998, 1941457.5532000011], [945798.1541, 1941591.5520000018], [945795.2867000013, 1941600.1642000035], [945814.7903000012, 1941599.329199999], [945851.6715000024, 1941597.5326], [945862.0321000017, 1941597.015800002], [946004.9367000023, 1941594.168000002], [946404.7289000009, 1941616.6046000007], [946654.7264999999, 1942014.486000001], [946648.635900002, 1942039.2644000023], [946594.4222999999, 1942258.0876000025], [946589.0215000006, 1942279.8584], [946586.8115000001, 1942288.7487999988], [946585.3427, 1942294.5546000008], [946615.6099, 1942315.764200001], [946861.6924000003, 1942382.6622000025], [946857.3916000009, 1942359.5001999997], [946851.5447000009, 1942312.4780999995]]]}, "properties": {"x": "946271", "y": "1940723", "adm_cd": "11180520", "adm_nm": "서울특별시 금천구 독산1동"}}, {"type": "Feature", "geometry": {"type": "Polygon", "coordinates": [[[947770.6885000007, 1941031.6124000016], [947972.7996, 1941008.9986000005], [948039.3969000017, 1940904.219399999], [947968.7531000013, 1940863.1798000005], [947912.9025000037, 1940855.8741999983], [947896.2957000025, 1940853.7288000034], [947888.4157000012, 1940852.7110000015], [947887.6081000012, 1940852.773000002], [947848.915700001, 1940859.4576000017], [947818.7989000003, 1940868.003], [947384.6659000014, 1940622.835800001], [947297.6885000006, 1940558.3998000002], [947325.0589, 1940509.686300002], [947166.8623000009, 1940492.1252000025], [947159.8701000019, 1940380.9113999992], [947159.8003000023, 1940379.8032000028], [947154.9895000011, 1940322.6592000008], [947097.3609000018, 1940194.3205999995], [947097.1539000026, 1940194.185200002], [947094.7527000034, 1940192.6150000053], [947026.4211000014, 1940147.973000002], [946927.5967000027, 1940087.5178000014], [946866.7787000033, 1940061.5412000022], [946825.8333000013, 1940191.1746999985], [946766.6991000003, 1940348.1842000005], [946760.2129000013, 1940369.2128000008], [946735.488700001, 1940449.3700000043], [946730.7077000011, 1940469.3384000033], [946729.6235, 1940473.8670000012], [946717.468700001, 1940524.639200003], [946710.893900001, 1940552.1031999993], [946708.5697000015, 1940583.5420000008], [946703.8340999997, 1940647.6012000022], [946703.2531000021, 1940655.4645999991], [946732.4125000029, 1940979.9389999984], [946739.3951000047, 1940981.3236999996], [946888.3251000004, 1940977.969200001], [946911.1125000012, 1940977.4746000005], [947019.6651000018, 1940975.1714000022], [947092.9234999996, 1940973.8693999993], [947094.2391000015, 1940973.846200001], [947094.5809000013, 1940973.8401999995], [947096.2897000004, 1940974.0954], [947134.6265000021, 1940979.8320000018], [947153.9431000005, 1940982.722599999], [947157.7231000047, 1940983.344200003], [947158.0853000019, 1940983.4038000014], [947268.0421000056, 1941001.506400003], [947268.7863000003, 1941001.6292000026], [947283.2781000009, 1941004.071400001], [947324.6227000017, 1941011.0410000007], [947329.4639000038, 1941013.4349999996], [947392.7177000004, 1941035.2073999997], [947511.6875000003, 1941071.0918000024], [947535.9045000044, 1941075.5052000005], [947542.4057000028, 1941076.6899999992], [947599.4369000043, 1941070.2898000001], [947610.8074999994, 1941068.3064000015], [947625.9615000035, 1941065.6627999996], [947758.6250975507, 1941032.8552392242], [947770.6885000007, 1941031.6124000016]]]}, "properties": {"x": "946983", "y": "1940696", "adm_cd": "11180530", "adm_nm": "서울특별시 금천구 독산2동"}}, {"type": "Feature", "geometry": {"type": "Polygon", "coordinates": [[[947748.4753000014, 1942473.4247999988], [947719.6969000015, 1942405.4557000038], [947715.7685000023, 1942369.6152999988], [947722.9385000006, 1942357.9639999992], [947736.1355000008, 1942336.519100002], [947780.6161000023, 1942265.5571000022], [947792.039600001, 1942255.739600001], [947801.0625000019, 1942261.390100002], [947818.8881000007, 1942272.1897000028], [947840.3434000008, 1942278.1689000009], [947876.1959000011, 1942288.1603000003], [947975.8953000021, 1942261.1295000012], [947996.348800001, 1942228.145899999], [947993.3769000015, 1942120.8853], [947952.0763000005, 1941860.732200002], [947921.9837000016, 1941795.3312], [947897.157400002, 1941762.6274000015], [947671.435700001, 1941660.4958000013], [947621.1643000034, 1941590.9890999987], [947607.3543, 1941580.6039000005], [947544.5989000017, 1941573.036900003], [947216.9547000028, 1941606.1989000016], [946863.3033000019, 1941510.054300001], [946808.6533000018, 1941503.704900002], [946798.0569000004, 1941676.6407000013], [946799.4863000016, 1941693.6368999998], [946851.5447000009, 1942312.4780999995], [946857.3916000009, 1942359.5001999997], [946954.1407000006, 1942382.1900000013], [947027.5352000007, 1942399.4025999992], [947029.253200002, 1942399.8055000012], [947290.4383, 1942458.241100003], [947296.9619000023, 1942459.7000000007], [947414.8007000003, 1942486.0525000016], [947426.2725000012, 1942480.7135000005], [947430.8390000009, 1942477.5026000007], [947604.1145000011, 1942508.5316999997], [947817.0954000002, 1942555.9294000005], [947748.4753000014, 1942473.4247999988]]]}, "properties": {"x": "947364", "y": "1942015", "adm_cd": "11180540", "adm_nm": "서울특별시 금천구 독산3동"}}, {"type": "Feature", "geometry": {"type": "Polygon", "coordinates": [[[947758.6250975507, 1941032.8552392242], [947625.9615000035, 1941065.6627999996], [947610.8074999994, 1941068.3064000015], [947599.4369000043, 1941070.2898000001], [947542.4057000028, 1941076.6899999992], [947535.9045000044, 1941075.5052000005], [947511.6875000003, 1941071.0918000024], [947392.7177000004, 1941035.2073999997], [947329.4639000038, 1941013.4349999996], [947324.6227000017, 1941011.0410000007], [947283.2781000009, 1941004.071400001], [947268.7863000003, 1941001.6292000026], [947268.0421000056, 1941001.506400003], [947158.0853000019, 1940983.4038000014], [947157.7231000047, 1940983.344200003], [947153.9431000005, 1940982.722599999], [947134.6265000021, 1940979.8320000018], [947096.2897000004, 1940974.0954], [947094.5809000013, 1940973.8401999995], [947094.2391000015, 1940973.846200001], [947092.9234999996, 1940973.8693999993], [947019.6651000018, 1940975.1714000022], [946911.1125000012, 1940977.4746000005], [946888.3251000004, 1940977.969200001], [946739.3951000047, 1940981.3236999996], [946753.5599000009, 1941149.1563000018], [946765.7773000016, 1941293.9735000024], [946765.3773000014, 1941293.975700002], [946740.794900002, 1941294.109699999], [946741.1853000004, 1941299.8495000014], [946745.5723000017, 1941355.3243000004], [946749.7837000011, 1941403.6407000006], [946757.7131000021, 1941493.9721000013], [946808.6533000018, 1941503.704900002], [946863.3033000019, 1941510.054300001], [947216.9547000028, 1941606.1989000016], [947544.5989000017, 1941573.036900003], [947607.3543, 1941580.6039000005], [947621.1643000034, 1941590.9890999987], [947671.435700001, 1941660.4958000013], [947972.7996, 1941008.9986000005], [947770.6885000007, 1941031.6124000016], [947758.6250975507, 1941032.8552392242]]]}, "properties": {"x": "947295", "y": "1941382", "adm_cd": "11180550", "adm_nm": "서울특별시 금천구 독산4동"}}, {"type": "Feature", "geometry": {"type": "Polygon", "coordinates": [[[947329.8707000001, 1940499.0021000006], [947475.1563, 1939555.1381], [947472.7731000013, 1939518.1845000046], [947465.0737000003, 1939398.8065000055], [947455.1613000003, 1939245.1370999995], [947454.7517000006, 1939242.759500003], [947434.9053000023, 1939127.6027000025], [947434.7723000041, 1939126.8335000002], [947405.8959000012, 1939078.8704999993], [947236.6583000037, 1938862.9667000012], [947236.781100001, 1938862.080700003], [947241.4979000012, 1938828.044700001], [947243.3919000018, 1938814.3771], [947253.367100001, 1938742.3904999995], [946979.5647000009, 1938514.9299000015], [946978.8165, 1938515.0177000037], [946915.9375000009, 1938522.4437000016], [946848.9819000006, 1938539.511900006], [946841.4867000023, 1938538.002000006], [946948.7791000004, 1938228.3060000036], [947009.2105000012, 1938049.3408000078], [947008.4003000001, 1938045.4965000052], [947007.3981000015, 1938041.150400002], [947002.9309000021, 1938021.7791000023], [946988.1339000016, 1938003.2061000015], [946979.7666999997, 1937996.9425000031], [946886.7984999996, 1938079.6630999995], [946791.4510000015, 1938339.0331000024], [946554.1997000009, 1938666.1207999992], [946543.609600002, 1938961.2885000021], [946453.8908000002, 1939279.8357000025], [946400.0919000015, 1939453.0589000005], [946479.5223000003, 1939507.3586000013], [946434.7271000014, 1939944.2873999993], [946653.4055000023, 1940132.843], [946789.593700002, 1940181.4645000035], [946800.2279000017, 1940184.846999999], [946825.6133000023, 1940191.1204000034], [946825.8333000013, 1940191.1746999985], [946866.7787000033, 1940061.5412000022], [946927.5967000027, 1940087.5178000014], [947026.4211000014, 1940147.973000002], [947094.7527000034, 1940192.6150000053], [947097.1539000026, 1940194.185200002], [947097.3609000018, 1940194.3205999995], [947154.9895000011, 1940322.6592000008], [947159.8003000023, 1940379.8032000028], [947159.8701000019, 1940380.9113999992], [947166.8623000009, 1940492.1252000025], [947325.0589, 1940509.686300002], [947329.8707000001, 1940499.0021000006]]]}, "properties": {"x": "946946", "y": "1939404", "adm_cd": "11180570", "adm_nm": "서울특별시 금천구 시흥1동"}}, {"type": "Feature", "geometry": {"type": "Polygon", "coordinates": [[[948451.7103000025, 1939960.2157000026], [948897.3010000004, 1939870.7615000014], [948975.1291000007, 1939637.8841000013], [948994.8494000002, 1939603.957100002], [949124.0191000006, 1939450.0481000007], [949126.6798000007, 1939450.6059], [949135.7496000014, 1939453.503400001], [949141.4719000016, 1939455.3314999985], [949175.7041000008, 1939466.2676999997], [949181.1209000006, 1939468.1095000017], [949195.5374000007, 1939461.8544999992], [949201.5393000009, 1939459.1867000023], [949440.0190000006, 1939244.8480999977], [949447.4972000017, 1939222.548700001], [949452.4390000014, 1939192.9343000026], [949450.9646000017, 1939186.947300003], [949442.3711000006, 1939156.1390000023], [949438.4726000016, 1939121.347900002], [949435.6218000005, 1939097.1867000014], [949433.8938000003, 1939082.5420999997], [949431.2638000017, 1939060.8139000013], [949050.2414, 1938714.487100002], [948984.2446000001, 1938666.3539000014], [948952.3432000014, 1938600.0477000023], [948956.5084000013, 1938566.693899999], [948952.5494000016, 1938544.5349000003], [948939.6834000011, 1938474.5034999994], [948872.2917000013, 1938387.2334000026], [948769.6933000023, 1938524.142500002], [948466.0334000005, 1938726.5140000023], [948305.0389000016, 1938827.7504000023], [948302.3723000009, 1938828.6580999992], [948261.7591000015, 1938842.4890999994], [948239.6161000013, 1938850.816299999], [948048.9827000035, 1938971.3085000003], [948030.8267000045, 1938986.311100002], [948013.1479000004, 1939003.0726999994], [947990.5699000005, 1939061.0622000028], [947988.4163000025, 1939072.7114000013], [948047.3093000012, 1939247.7313000017], [948145.8781000043, 1939464.138800004], [948183.5417000004, 1939848.2789000007], [948240.3090000018, 1939960.4297999989], [948451.7103000025, 1939960.2157000026]]]}, "properties": {"x": "948671", "y": "1939247", "adm_cd": "11180580", "adm_nm": "서울특별시 금천구 시흥2동"}}, {"type": "Feature", "geometry": {"type": "Polygon", "coordinates": [[[947341.2841000033, 1938745.4156000009], [947471.3695000019, 1938746.8345000027], [947914.4015000003, 1938367.0113000022], [947934.6579000043, 1938348.2678999999], [947969.051500005, 1938316.1405000049], [947991.118500002, 1938295.1503000003], [948054.9757000045, 1938214.1547000008], [948063.4160999997, 1938203.4318999997], [948064.097500002, 1938201.8578999988], [948151.674800003, 1937954.1427000014], [948089.4663000004, 1937931.0433], [948011.1471999998, 1937874.2901000003], [947932.9138000003, 1937768.6801999991], [947912.3772000016, 1937721.9937999984], [947912.1191999998, 1937720.463700003], [947906.0824999998, 1937586.1072000032], [947806.4802000017, 1937403.4503000015], [947795.4118000012, 1937392.7937000021], [947775.3372000004, 1937374.3126000022], [947751.0764000007, 1937352.8237000005], [947750.1832000006, 1937352.3596000017], [947671.6676000021, 1937333.531700001], [947560.4554000013, 1937315.537300001], [947502.9800000023, 1937324.7179000003], [947226.3515000013, 1937389.2112000012], [947085.3740000019, 1937638.0338999992], [946846.6832000001, 1937891.4773000022], [946831.9599000022, 1937895.3027000024], [946886.7984999996, 1938079.6630999995], [946979.7666999997, 1937996.9425000031], [946988.1339000016, 1938003.2061000015], [947002.9309000021, 1938021.7791000023], [947007.3981000015, 1938041.150400002], [947008.4003000001, 1938045.4965000052], [947009.2105000012, 1938049.3408000078], [946948.7791000004, 1938228.3060000036], [946841.4867000023, 1938538.002000006], [946848.9819000006, 1938539.511900006], [946915.9375000009, 1938522.4437000016], [946978.8165, 1938515.0177000037], [946979.5647000009, 1938514.9299000015], [947253.367100001, 1938742.3904999995], [947243.3919000018, 1938814.3771], [947241.4979000012, 1938828.044700001], [947236.781100001, 1938862.080700003], [947236.6583000037, 1938862.9667000012], [947341.2841000033, 1938745.4156000009]]]}, "properties": {"x": "947458", "y": "1938041", "adm_cd": "11180590", "adm_nm": "서울특별시 금천구 시흥3동"}}, {"type": "Feature", "geometry": {"type": "Polygon", "coordinates": [[[948140.8161000018, 1940855.2956000045], [948154.9287000014, 1940856.7602999993], [948085.4545000005, 1940720.8596], [948083.6508000002, 1940710.3734000023], [948081.8394000013, 1940699.842000002], [948081.2265000013, 1940695.2802000043], [948083.2215000013, 1940679.5201999997], [948086.4520000016, 1940655.1310000005], [948086.856300002, 1940652.1999999993], [948172.6721000003, 1940471.5618000007], [948176.7664000031, 1940017.4146000012], [948107.8717000028, 1940029.197100001], [947923.1099000005, 1939837.9328999994], [947663.8563000008, 1939519.3358999996], [947475.1563, 1939555.1381], [947329.8707000001, 1940499.0021000006], [947325.0589, 1940509.686300002], [947297.6885000006, 1940558.3998000002], [947384.6659000014, 1940622.835800001], [947818.7989000003, 1940868.003], [947848.915700001, 1940859.4576000017], [947887.6081000012, 1940852.773000002], [947888.4157000012, 1940852.7110000015], [947896.2957000025, 1940853.7288000034], [947912.9025000037, 1940855.8741999983], [947968.7531000013, 1940863.1798000005], [948039.3969000017, 1940904.219399999], [948140.8161000018, 1940855.2956000045]]]}, "properties": {"x": "947758", "y": "1940257", "adm_cd": "11180600", "adm_nm": "서울특별시 금천구 시흥4동"}}, {"type": "Feature", "geometry": {"type": "Polygon", "coordinates": [[[948107.8717000028, 1940029.197100001], [948176.7664000031, 1940017.4146000012], [948240.3090000018, 1939960.4297999989], [948183.5417000004, 1939848.2789000007], [948145.8781000043, 1939464.138800004], [948047.3093000012, 1939247.7313000017], [947988.4163000025, 1939072.7114000013], [947990.5699000005, 1939061.0622000028], [948013.1479000004, 1939003.0726999994], [948030.8267000045, 1938986.311100002], [948048.9827000035, 1938971.3085000003], [948239.6161000013, 1938850.816299999], [948261.7591000015, 1938842.4890999994], [948302.3723000009, 1938828.6580999992], [948305.0389000016, 1938827.7504000023], [948466.0334000005, 1938726.5140000023], [948769.6933000023, 1938524.142500002], [948872.2917000013, 1938387.2334000026], [948755.4013000007, 1938195.9235], [948530.117000001, 1938038.328700002], [948238.5546000047, 1937963.9923000024], [948151.674800003, 1937954.1427000014], [948064.097500002, 1938201.8578999988], [948063.4160999997, 1938203.4318999997], [948054.9757000045, 1938214.1547000008], [947991.118500002, 1938295.1503000003], [947969.051500005, 1938316.1405000049], [947934.6579000043, 1938348.2678999999], [947914.4015000003, 1938367.0113000022], [947471.3695000019, 1938746.8345000027], [947341.2841000033, 1938745.4156000009], [947236.6583000037, 1938862.9667000012], [947405.8959000012, 1939078.8704999993], [947434.7723000041, 1939126.8335000002], [947434.9053000023, 1939127.6027000025], [947454.7517000006, 1939242.759500003], [947455.1613000003, 1939245.1370999995], [947465.0737000003, 1939398.8065000055], [947472.7731000013, 1939518.1845000046], [947475.1563, 1939555.1381], [947663.8563000008, 1939519.3358999996], [947923.1099000005, 1939837.9328999994], [948107.8717000028, 1940029.197100001]]]}, "properties": {"x": "947930", "y": "1938843", "adm_cd": "11180610", "adm_nm": "서울특별시 금천구 시흥5동"}}, {"type": "Feature", "geometry": {"type": "Polygon", "coordinates": [[[949183.1241000015, 1949092.9298000014], [949306.3441000005, 1949039.3226000017], [949355.2579000005, 1949020.5499999993], [949364.2543000015, 1949017.1086000013], [949387.4973000014, 1949011.1764000016], [949436.031500001, 1949015.0936000012], [949437.4487000016, 1949015.4230000027], [949675.0790000011, 1949267.6519000065], [950115.735800002, 1949042.4696000025], [950615.8762000012, 1948697.146099999], [950929.1967000004, 1948419.5117000006], [951155.2985000003, 1948068.2440000034], [951176.5165000013, 1948016.122600005], [951245.7971000022, 1947903.685199999], [951254.4745, 1947889.6254000016], [951298.1315000013, 1947818.9378000011], [951336.8065000005, 1947756.3235999998], [951353.6447000003, 1947729.0752000033], [951391.9105000019, 1947667.1360000055], [951391.0743000011, 1947485.3348000017], [951390.0713000012, 1947267.2918000012], [951386.5999000017, 1946612.1673999997], [951369.3503, 1946618.0208000017], [951364.6931000007, 1946619.9562000008], [951357.7989000004, 1946622.8212000025], [951305.9025000018, 1946613.3498000014], [951140.6981000005, 1946583.0006000032], [950987.2839000018, 1946554.815], [950886.3781000016, 1946535.892800002], [950863.5749000022, 1946531.5802000011], [950803.4127000005, 1946520.2971999994], [950747.0787000022, 1946509.7628000006], [950692.2995000014, 1946499.9488000006], [950541.4747000017, 1946473.2188000001], [950453.4805000001, 1946458.420600003], [950419.3033000006, 1946456.6576000033], [950392.8887000009, 1946455.6180000012], [949838.7384000018, 1946405.5890000022], [949350.972700002, 1946405.0494000008], [949249.3875000016, 1946415.0738000069], [949107.6101000009, 1946491.158600002], [949052.1753000021, 1946519.7072000015], [948842.6384, 1946604.6888000013], [948588.8173000021, 1946726.9578000014], [948513.5347, 1946791.4080000003], [948457.6109000003, 1946831.8482000013], [948402.9008999998, 1946871.4748000007], [948308.3195000021, 1947002.1092000003], [948273.4923, 1947050.9620000012], [948263.2459000018, 1947065.335], [948181.1141000001, 1947181.7802000064], [948168.8611000004, 1947204.8658], [948127.154700002, 1947284.5832000033], [948091.3359000018, 1947354.4088000013], [947977.8221000006, 1947577.4077999997], [947961.347300001, 1947611.7230000002], [947817.8333000015, 1948050.5370000026], [947662.2957000013, 1948696.7010000017], [947570.9075000015, 1949057.7811999994], [947565.5749000015, 1949065.9992000004], [947516.0173000024, 1949142.3697999993], [947421.7653000017, 1949287.5991999987], [948509.1094000018, 1949281.8345999997], [948920.9565000021, 1949279.6512000002], [948975.1285000015, 1949279.363900004], [948978.5839000004, 1949270.8348000003], [948992.8208999999, 1949235.6219999983], [949011.7059000011, 1949189.2156000081], [949032.936700002, 1949170.8218000028], [949183.1241000015, 1949092.9298000014]]]}, "properties": {"x": "949502", "y": "1947840", "adm_cd": "11190540", "adm_nm": "서울특별시 영등포구 여의동"}}, {"type": "Feature", "geometry": {"type": "Polygon", "coordinates": [[[947231.2433000018, 1947575.0338000031], [947224.6223000002, 1947574.0562000012], [947214.7175000019, 1947551.7409999992], [947175.7545000019, 1947424.9712000028], [947169.122100001, 1947401.0208000012], [947164.5172000013, 1947384.0876000058], [947160.8485000007, 1947370.3628000077], [947160.5455000004, 1947369.2290000024], [947143.9427000008, 1947306.2884000028], [947078.3851000001, 1947037.545200002], [947070.5626999999, 1946997.887000003], [947069.8729000012, 1946994.3369999991], [947067.4168999998, 1946979.4423999996], [947067.2083000003, 1946978.1722000001], [947065.6445000025, 1946968.6486000028], [947065.0607000014, 1946964.3523999997], [947061.452300002, 1946915.1842000026], [947061.3713000005, 1946910.0334000015], [947061.3423000001, 1946904.1868000021], [947061.3805000004, 1946896.5182000017], [947062.0621000002, 1946885.3324000016], [947062.6833000001, 1946875.990600003], [947062.8989000022, 1946873.4936000027], [947064.745100001, 1946854.6133999978], [947067.2079000007, 1946838.6889999998], [947068.7855000016, 1946828.737200001], [947074.2789000017, 1946796.3858000007], [947078.2311000007, 1946780.9796000011], [947049.6769000015, 1946810.903000004], [947031.4647000018, 1946826.270100001], [947027.2471000012, 1946829.8250000023], [947024.0081000011, 1946831.6447000075], [947008.6401000018, 1946840.2111000004], [947001.4261000016, 1946844.2310000006], [947000.768900001, 1946844.5782999992], [947000.2523000005, 1946844.8098000032], [946990.3215000005, 1946848.4881000011], [946982.0447000021, 1946851.5379], [946980.7067000007, 1946852.030900007], [946980.1111000008, 1946852.2359], [946979.5301000008, 1946852.3808999993], [946921.9373000026, 1946864.5540000014], [946897.0801000017, 1946869.7747000032], [946857.8137000019, 1946878.0033000004], [946760.7492000012, 1946898.2502000015], [946549.5197000005, 1946940.9954000008], [946482.5867000016, 1946954.5234000005], [946412.4877000006, 1946968.6349000027], [946383.7015000014, 1946974.3090000062], [946312.6555000013, 1946988.2468999997], [946309.9345000023, 1946988.7753000057], [946299.359900001, 1946990.8285000015], [946278.6107000008, 1946994.8429000026], [946253.877000002, 1946999.6204000013], [946251.6204000025, 1947000.0559000014], [946241.8806000013, 1947001.9352000076], [946241.0405000022, 1947002.0966000003], [946221.0665000012, 1947103.3011000026], [946217.708100002, 1947129.2766000018], [946217.6719000016, 1947130.1745999986], [946219.4465000008, 1947148.0804000017], [946219.5919000016, 1947149.5464000008], [946219.7731000013, 1947150.8510000028], [946220.1901000007, 1947152.986400003], [946223.8367000003, 1947171.6588000006], [946239.4435000003, 1947251.267200003], [946314.2057, 1947626.3331999988], [946314.9653000004, 1947630.1046000002], [946328.1003000005, 1947694.9080000008], [946329.0043000008, 1947699.1808000077], [946329.5409000014, 1947701.7158000018], [946333.0387000021, 1947712.3003999996], [946338.8259000003, 1947729.715600002], [946339.4863000014, 1947731.6963000027], [946341.7953000015, 1947738.4715999998], [946342.2563000007, 1947739.8228000007], [946343.181500002, 1947742.4048000022], [946343.4105000012, 1947742.9634000005], [946343.6799000001, 1947743.4608000042], [946344.4914999995, 1947744.7660000012], [946361.8967000009, 1947772.3545999993], [946450.5629000006, 1947912.7242000015], [946451.2655000015, 1947913.8344], [946462.2823000004, 1947931.2346000005], [946468.9241000011, 1947941.7252000016], [946628.4125, 1947840.5891999993], [946706.6965000001, 1947791.199000001], [946737.7348999998, 1947772.884000002], [946852.1483, 1947730.5436000016], [946864.1039000014, 1947726.1436000005], [946880.2703000007, 1947720.1984000013], [947242.1263000013, 1947588.9732000001], [947231.2433000018, 1947575.0338000031]]]}, "properties": {"x": "946697", "y": "1947349", "adm_cd": "11190550", "adm_nm": "서울특별시 영등포구 당산1동"}}, {"type": "Feature", "geometry": {"type": "Polygon", "coordinates": [[[947365.9145, 1949371.127200002], [947421.7653000017, 1949287.5991999987], [947516.0173000024, 1949142.3697999993], [947565.5749000015, 1949065.9992000004], [947570.9075000015, 1949057.7811999994], [947662.2957000013, 1948696.7010000017], [947817.8333000015, 1948050.5370000026], [947961.347300001, 1947611.7230000002], [947654.3609, 1947535.4732000034], [947610.3095000008, 1947538.1176], [947609.8491000009, 1947538.529600001], [947607.010100001, 1947545.168400001], [947604.4463000018, 1947551.2288000023], [947602.8627000016, 1947554.9748000011], [947601.1668999998, 1947559.0705999988], [947600.9221000021, 1947559.836400003], [947581.9283, 1947620.426400002], [947572.7717000005, 1947662.182600002], [947569.2709000012, 1947678.5114000016], [947565.7423, 1947694.998999999], [947564.7117000003, 1947700.2498000027], [947564.0129000016, 1947705.5076000006], [947560.5093000012, 1947733.6280000028], [947559.2131000024, 1947744.114000003], [947558.3711000022, 1947751.0090000003], [947558.251500001, 1947752.7677999986], [947556.3033000019, 1947786.7497999999], [947555.9089000017, 1947794.0688000014], [947555.7501000015, 1947797.0164000024], [947552.3771000023, 1947862.859200003], [947553.7263000011, 1947891.0738], [947563.2543000021, 1947891.117600002], [947575.4993000003, 1948115.2314], [947573.3635000007, 1948247.5940000021], [947575.8079000005, 1948299.7202000013], [947469.3239000014, 1948259.1414000022], [947436.6787000007, 1948163.6033999992], [947242.1263000013, 1947588.9732000001], [946880.2703000007, 1947720.1984000013], [946864.1039000014, 1947726.1436000005], [946852.1483, 1947730.5436000016], [946737.7348999998, 1947772.884000002], [946706.6965000001, 1947791.199000001], [946628.4125, 1947840.5891999993], [946468.9241000011, 1947941.7252000016], [947047.5623000026, 1948854.6682000044], [946939.682700001, 1948949.1650000005], [946869.3431000016, 1949008.9455999997], [946611.905300002, 1949224.1811999995], [946569.0069000025, 1949256.1010000026], [946488.3309000009, 1949311.168200002], [946405.1021000003, 1949369.0114000002], [946697.777200002, 1949460.6154000019], [947053.9741000009, 1949443.922400001], [947190.4759000011, 1949589.8498000025], [947365.9145, 1949371.127200002]]]}, "properties": {"x": "947198", "y": "1948491", "adm_cd": "11190560", "adm_nm": "서울특별시 영등포구 당산2동"}}, {"type": "Feature", "geometry": {"type": "Polygon", "coordinates": [[[946143.5303000004, 1948154.3791999999], [946462.2823000004, 1947931.2346000005], [946451.2655000015, 1947913.8344], [946450.5629000006, 1947912.7242000015], [946361.8967000009, 1947772.3545999993], [946344.4914999995, 1947744.7660000012], [946343.6799000001, 1947743.4608000042], [946343.4105000012, 1947742.9634000005], [946343.181500002, 1947742.4048000022], [946342.2563000007, 1947739.8228000007], [946341.7953000015, 1947738.4715999998], [946339.4863000014, 1947731.6963000027], [946338.8259000003, 1947729.715600002], [946333.0387000021, 1947712.3003999996], [946329.5409000014, 1947701.7158000018], [946329.0043000008, 1947699.1808000077], [946328.1003000005, 1947694.9080000008], [946314.9653000004, 1947630.1046000002], [946314.2057, 1947626.3331999988], [946239.4435000003, 1947251.267200003], [946223.8367000003, 1947171.6588000006], [946220.1901000007, 1947152.986400003], [946219.7731000013, 1947150.8510000028], [946219.5919000016, 1947149.5464000008], [946219.4465000008, 1947148.0804000017], [946217.6719000016, 1947130.1745999986], [946217.708100002, 1947129.2766000018], [946221.0665000012, 1947103.3011000026], [946241.0405000022, 1947002.0966000003], [946125.7487000015, 1947025.4236000003], [945680.828700002, 1947114.2310000015], [945376.7825000002, 1947095.1226000031], [945281.2215000007, 1947218.8329000024], [945128.844800001, 1947216.1493999988], [945126.1909000014, 1947225.5658000023], [945123.6751000017, 1947234.4927999987], [945119.5093000003, 1947250.102400002], [945094.0189000007, 1947441.6378000025], [945093.4799000008, 1947446.1390000028], [945093.2501000003, 1947465.775199999], [945093.1730000019, 1947472.3807999995], [945093.0075000022, 1947486.5650000009], [945093.199500002, 1947488.282400003], [945093.2657000014, 1947488.8699999992], [945104.3082999999, 1947515.6950000022], [945106.2891000016, 1947520.5068], [945277.8153000018, 1947761.6272000019], [945288.8958000022, 1947771.8847999997], [945307.0692, 1947783.1844000013], [945851.6583000007, 1948051.1638000002], [945899.309500001, 1948072.3304000015], [945919.6339000001, 1948076.4211999988], [945938.0375000002, 1948078.3428000035], [945951.5115000012, 1948078.1999999993], [945968.2049000016, 1948078.022999999], [946080.4653000009, 1948069.2273000018], [946131.6297000011, 1948159.0354000004], [946143.5303000004, 1948154.3791999999]]]}, "properties": {"x": "945790", "y": "1947539", "adm_cd": "11190610", "adm_nm": "서울특별시 영등포구 양평1동"}}, {"type": "Feature", "geometry": {"type": "Polygon", "coordinates": [[[945839.5288000009, 1950592.9113000017], [945953.3348000022, 1950503.7295000022], [946623.3022000019, 1950138.8529000005], [946906.3074000007, 1950022.183900002], [947158.1762000013, 1949690.6665000054], [947158.6648000025, 1949689.8843000014], [947159.0234000019, 1949689.0857000016], [947166.2984000013, 1949666.4013], [947170.9190000007, 1949651.9199], [947174.4928000022, 1949640.6511000008], [947178.0968000005, 1949629.2021000013], [947190.4759000011, 1949589.8498000025], [947053.9741000009, 1949443.922400001], [946697.777200002, 1949460.6154000019], [946405.1021000003, 1949369.0114000002], [946488.3309000009, 1949311.168200002], [946569.0069000025, 1949256.1010000026], [946611.905300002, 1949224.1811999995], [946869.3431000016, 1949008.9455999997], [946939.682700001, 1948949.1650000005], [947047.5623000026, 1948854.6682000044], [946468.9241000011, 1947941.7252000016], [946462.2823000004, 1947931.2346000005], [946143.5303000004, 1948154.3791999999], [946131.6297000011, 1948159.0354000004], [946150.0065000004, 1948218.6975000026], [946117.8609000009, 1948498.1955999997], [946115.4471000015, 1948514.0976000028], [946112.0679000008, 1948525.160399999], [946104.3623000009, 1948548.6319], [946099.5847000014, 1948561.2374999996], [946097.5963000023, 1948566.0973000014], [946073.2225000022, 1948614.6472000007], [946064.1533000009, 1948627.5695000007], [946055.6159000016, 1948639.5766000003], [946006.5913000008, 1948700.615600002], [945981.2759000018, 1948727.2643999993], [945980.3453000004, 1948728.2276999997], [945979.6076999998, 1948729.1843000026], [945974.4639000014, 1948737.5667000017], [945952.7219000021, 1948773.4611000011], [945927.8359000008, 1948818.887700003], [945921.6641000017, 1948830.1873000003], [945900.1903000007, 1948869.8921], [945829.6883000011, 1949011.0640999994], [945819.9085000019, 1949032.3392999996], [945802.687500001, 1949070.0201999983], [945802.6501000021, 1949070.1022999994], [945776.0753000017, 1949132.8137000047], [945645.2086000012, 1949510.8639000016], [945605.4702000022, 1949577.943800001], [945391.318100001, 1949924.1012], [945291.7724000007, 1950053.5632000035], [945065.7111000017, 1950443.7367000012], [945064.2887000008, 1950510.4835], [945063.7510000004, 1950535.7180999995], [945063.4770000004, 1950553.2473000009], [945063.3447000025, 1950561.7115000007], [945062.879200001, 1950591.4997000033], [945170.5178, 1950781.168700003], [945175.4236000014, 1950788.823900002], [945279.9898000001, 1950949.3739000028], [945839.5288000009, 1950592.9113000017]]]}, "properties": {"x": "946154", "y": "1949546", "adm_cd": "11190620", "adm_nm": "서울특별시 영등포구 양평2동"}}, {"type": "Feature", "geometry": {"type": "Polygon", "coordinates": [[[948588.8173000021, 1946726.9578000014], [948842.6384, 1946604.6888000013], [949052.1753000021, 1946519.7072000015], [949107.6101000009, 1946491.158600002], [949249.3875000016, 1946415.0738000069], [949190.3967000017, 1946328.0529], [949062.7333000012, 1946114.6559000015], [949036.3503000009, 1946046.6414000038], [948959.3792000003, 1945811.6858000006], [948921.4276000012, 1945571.7799000004], [948787.2653000006, 1945480.0171999994], [948737.3143, 1945488.3736000033], [948476.4413000012, 1945362.5993000017], [948397.7917000015, 1945310.2530000003], [948245.8713000012, 1945722.8352000029], [948188.6907000015, 1945951.7391999983], [948392.7441000014, 1946001.8925000052], [948412.755700001, 1946009.7238000003], [948440.0235000008, 1946020.3948999983], [948460.8481000003, 1946028.5445999994], [948471.3517000013, 1946032.6552000013], [948481.5809000004, 1946036.6588000024], [948483.4391000023, 1946038.936300002], [948543.5297, 1946112.5876000007], [948591.4487000012, 1946177.519200003], [948640.2083000022, 1946261.9964000029], [948640.8361000007, 1946263.0841000052], [948608.8583000016, 1946286.8875000016], [948608.4780000008, 1946287.1704000006], [948607.8365000023, 1946287.647900001], [948597.9951000002, 1946294.9734000023], [948589.3865000008, 1946301.3813000019], [948579.3598999996, 1946312.3654000019], [948540.0596000021, 1946355.4200999988], [948531.193900001, 1946373.840400002], [948511.2471000004, 1946415.2841000033], [948501.0699000002, 1946436.4297000011], [948462.3212000006, 1946553.7363], [948452.763700001, 1946582.6709000033], [948447.3267000015, 1946599.129300003], [948513.5347, 1946791.4080000003], [948588.8173000021, 1946726.9578000014]]]}, "properties": {"x": "948595", "y": "1946032", "adm_cd": "11190630", "adm_nm": "서울특별시 영등포구 신길1동"}}, {"type": "Feature", "geometry": {"type": "Polygon", "coordinates": [[[947885.5017000013, 1945869.4870000032], [947916.9075000008, 1945763.5806000014], [947919.2153000024, 1945751.7452000007], [947919.5125000009, 1945750.2208000016], [947923.736100001, 1945728.5556], [947934.5823000007, 1945672.9188000024], [947940.8193000006, 1945580.9713000017], [947941.6013000004, 1945548.5078000012], [947945.9025000017, 1945369.8142000018], [947946.0939, 1945361.858200002], [947945.7225000006, 1945359.5742000004], [947941.7117000017, 1945334.9244999993], [947866.6611000018, 1945114.0988000003], [947684.885900002, 1945162.5194000006], [947619.5635000018, 1945183.6640000064], [947239.1349000001, 1945159.3336000023], [947196.5971000018, 1945137.0660000003], [947167.3236000008, 1945121.7417000001], [947108.0169000018, 1945090.436100001], [947071.4489000018, 1945069.9793999996], [947043.2927000006, 1945054.0504000003], [947019.3613000002, 1945036.1026000036], [946988.1489000011, 1945003.7977000033], [946900.0955000003, 1945143.283200002], [946814.3651000005, 1945292.5106000004], [947294.2297000014, 1945562.073500003], [947453.9393, 1945649.9066000017], [947526.713900002, 1945688.8785999997], [947575.2599000004, 1945698.8208000013], [947576.5421000007, 1945697.254600002], [947579.7997000003, 1945694.370400006], [947581.9959000021, 1945692.5123999994], [947582.8061000011, 1945692.9410000003], [947774.2889999999, 1945795.112300002], [947860.2225000005, 1945850.0500000024], [947883.155500002, 1945877.3993999984], [947885.5017000013, 1945869.4870000032]]]}, "properties": {"x": "947381", "y": "1945496", "adm_cd": "11190650", "adm_nm": "서울특별시 영등포구 신길3동"}}, {"type": "Feature", "geometry": {"type": "Polygon", "coordinates": [[[948245.8713000012, 1945722.8352000029], [948397.7917000015, 1945310.2530000003], [948332.0983000014, 1945147.7175000003], [948288.2611000016, 1945147.3184000002], [948270.3417000014, 1945157.0944000017], [948256.5751000007, 1945156.7776000025], [948245.4760999996, 1945156.2166000006], [948231.9425000001, 1945154.6386000002], [948163.982000001, 1945140.069000003], [948145.5007000011, 1945120.1440000024], [948115.7873000007, 1945087.0863000024], [948111.2344000023, 1945082.020800003], [948087.058100001, 1945054.162400002], [948042.4749000019, 1945002.2369], [947930.920300002, 1945010.5867999992], [947877.0561000014, 1945028.7158000022], [947866.6611000018, 1945114.0988000003], [947941.7117000017, 1945334.9244999993], [947945.7225000006, 1945359.5742000004], [947946.0939, 1945361.858200002], [947945.9025000017, 1945369.8142000018], [947941.6013000004, 1945548.5078000012], [947940.8193000006, 1945580.9713000017], [947934.5823000007, 1945672.9188000024], [947923.736100001, 1945728.5556], [947919.5125000009, 1945750.2208000016], [947919.2153000024, 1945751.7452000007], [947916.9075000008, 1945763.5806000014], [947885.5017000013, 1945869.4870000032], [947883.155500002, 1945877.3993999984], [947884.642500002, 1945877.6448], [948188.6907000015, 1945951.7391999983], [948245.8713000012, 1945722.8352000029]]]}, "properties": {"x": "948117", "y": "1945485", "adm_cd": "11190660", "adm_nm": "서울특별시 영등포구 신길4동"}}, {"type": "Feature", "geometry": {"type": "Polygon", "coordinates": [[[947684.885900002, 1945162.5194000006], [947866.6611000018, 1945114.0988000003], [947877.0561000014, 1945028.7158000022], [947877.0553000002, 1945027.3066000012], [947877.0541000017, 1945025.205000002], [947877.0281, 1944988.4296000008], [947877.0253000011, 1944985.4756000051], [947873.7731000017, 1944915.7006000013], [947873.7113000012, 1944914.3766000008], [947872.4121000017, 1944911.5447000023], [947870.3129000019, 1944906.9692000025], [947867.7276999999, 1944901.334400001], [947842.2407000007, 1944845.7896000026], [947834.5499000004, 1944829.0289999996], [947783.9517000003, 1944751.6190000032], [947781.2481000025, 1944747.4828000013], [947778.2969000012, 1944742.9694000003], [947769.9885000011, 1944731.7910000044], [947765.2457000015, 1944725.4101999998], [947764.4107000016, 1944724.2869000027], [947750.7167000016, 1944705.8636000012], [947748.1350999996, 1944702.3903999995], [947747.395900001, 1944701.395400003], [947705.5065000008, 1944559.144400003], [947697.6455000009, 1944526.566000003], [947695.1337000008, 1944516.1547999987], [947686.2991000008, 1944460.8587999998], [947687.2689000011, 1944422.5903999992], [947454.3504999998, 1944431.1734999996], [947295.2935000006, 1944393.744], [947291.8035000016, 1944395.6417000014], [947255.2411000014, 1944415.5239999995], [947254.5657000007, 1944415.8914000038], [947240.8289000017, 1944428.8195999996], [947230.0050000004, 1944439.5693000024], [947229.4183000018, 1944440.1520000035], [947198.9539000017, 1944470.7122000027], [947186.6909000009, 1944483.2448], [947157.9361000012, 1944513.6294000018], [947150.7985000012, 1944523.036600003], [947142.1509000005, 1944534.550400004], [947077.129300001, 1944621.3806000017], [947061.2456999999, 1944655.064400008], [947060.8371000014, 1944664.2212000026], [947065.1647000017, 1944672.9477999983], [947069.5441000011, 1944679.8815000076], [947081.6873000009, 1944698.6978], [947088.1673000008, 1944708.499800001], [947098.3051000022, 1944724.8654], [947110.6433000003, 1944745.5817000014], [947116.4294999996, 1944756.8454999998], [947148.349800001, 1944829.2580000032], [946988.1489000011, 1945003.7977000033], [947019.3613000002, 1945036.1026000036], [947043.2927000006, 1945054.0504000003], [947071.4489000018, 1945069.9793999996], [947108.0169000018, 1945090.436100001], [947167.3236000008, 1945121.7417000001], [947196.5971000018, 1945137.0660000003], [947239.1349000001, 1945159.3336000023], [947619.5635000018, 1945183.6640000064], [947684.885900002, 1945162.5194000006]]]}, "properties": {"x": "947450", "y": "1944921", "adm_cd": "11190670", "adm_nm": "서울특별시 영등포구 신길5동"}}, {"type": "Feature", "geometry": {"type": "Polygon", "coordinates": [[[948288.2611000016, 1945147.3184000002], [948332.0983000014, 1945147.7175000003], [948303.1991000017, 1945098.7687999993], [948246.2297000007, 1945002.2758000002], [948164.9459000009, 1944883.5875999997], [948164.7233000004, 1944883.4376000003], [948162.4244000003, 1944881.8892000015], [948155.4166000002, 1944877.1694000005], [948120.5923000003, 1944901.4856000016], [948099.9746000012, 1944915.882000003], [948097.3814000024, 1944917.6926000004], [947991.8499000012, 1944853.8134000024], [947989.0506000009, 1944851.8190000018], [947984.1361, 1944846.9068000014], [947939.7550000008, 1944787.0038], [947926.3599000005, 1944762.5134999985], [947918.6333000015, 1944745.6405999998], [947911.6721000003, 1944724.1752000018], [947909.0451000005, 1944711.3638000037], [947908.2072000008, 1944704.6947000017], [947951.6620000012, 1944702.598099999], [947952.0366000012, 1944702.5822000015], [948313.8620000011, 1944695.2334000007], [948470.0153000002, 1944826.3386000013], [948471.1257000007, 1944828.1728000056], [948482.6646999998, 1944847.2338000014], [948488.4212999996, 1944856.7432000008], [948490.121800001, 1944859.552000004], [948604.5647000021, 1944874.1801000023], [948721.1271000017, 1944871.749399998], [948807.5651000007, 1944838.9973000062], [948812.8005000013, 1944837.0133999982], [948754.0579000039, 1944518.5366000014], [948753.3657000014, 1944513.7894000025], [948751.3691000012, 1944500.0988000007], [948751.2965000028, 1944499.6012000015], [948715.6907000013, 1944440.1516000018], [948711.1429000022, 1944437.3804000018], [948708.5279000031, 1944435.7870000023], [948679.5339000033, 1944418.3120000036], [948587.9989000021, 1944393.5161999993], [948521.2937000017, 1944375.6996000027], [948314.0969000033, 1944320.6613999994], [948276.3155000014, 1944311.0010000016], [948222.4035000013, 1944304.8714000024], [948173.8619000018, 1944299.3349000004], [948161.9971000012, 1944297.9122999997], [948132.2744000021, 1944294.342399999], [948108.265100002, 1944291.4586000023], [948103.2263000002, 1944290.853300002], [948070.1717000019, 1944283.765000001], [948061.5723000003, 1944280.006999999], [948059.4187000023, 1944279.0658000018], [948055.8247000007, 1944276.901600001], [948050.3727000016, 1944273.2725999998], [948037.4759000007, 1944264.688], [948029.8627000016, 1944258.1818000032], [948025.1309000019, 1944254.1284000007], [948020.0627000004, 1944249.5640000016], [948005.4249000016, 1944231.2480000018], [948004.5153000015, 1944229.924400003], [948002.3411000017, 1944226.1841999993], [947988.4669000008, 1944202.1674000006], [947985.1899000003, 1944195.897199999], [947983.5939000018, 1944192.829200002], [947960.3382000006, 1944146.752299999], [947957.3685000008, 1944140.8683999996], [947939.0847000016, 1944105.1232000007], [947887.0615000017, 1944004.1241999986], [947865.7755000012, 1943966.6045999983], [947826.527700001, 1943907.1640000034], [947816.8561000014, 1943893.3523999997], [947802.4271000021, 1943873.691800002], [947800.5293000017, 1943876.0091999986], [947687.2689000011, 1944422.5903999992], [947686.2991000008, 1944460.8587999998], [947695.1337000008, 1944516.1547999987], [947697.6455000009, 1944526.566000003], [947705.5065000008, 1944559.144400003], [947747.395900001, 1944701.395400003], [947748.1350999996, 1944702.3903999995], [947750.7167000016, 1944705.8636000012], [947764.4107000016, 1944724.2869000027], [947765.2457000015, 1944725.4101999998], [947769.9885000011, 1944731.7910000044], [947778.2969000012, 1944742.9694000003], [947781.2481000025, 1944747.4828000013], [947783.9517000003, 1944751.6190000032], [947834.5499000004, 1944829.0289999996], [947842.2407000007, 1944845.7896000026], [947867.7276999999, 1944901.334400001], [947870.3129000019, 1944906.9692000025], [947872.4121000017, 1944911.5447000023], [947873.7113000012, 1944914.3766000008], [947873.7731000017, 1944915.7006000013], [947877.0253000011, 1944985.4756000051], [947877.0281, 1944988.4296000008], [947877.0541000017, 1945025.205000002], [947877.0553000002, 1945027.3066000012], [947877.0561000014, 1945028.7158000022], [947930.920300002, 1945010.5867999992], [948042.4749000019, 1945002.2369], [948087.058100001, 1945054.162400002], [948111.2344000023, 1945082.020800003], [948115.7873000007, 1945087.0863000024], [948145.5007000011, 1945120.1440000024], [948163.982000001, 1945140.069000003], [948231.9425000001, 1945154.6386000002], [948245.4760999996, 1945156.2166000006], [948256.5751000007, 1945156.7776000025], [948270.3417000014, 1945157.0944000017], [948288.2611000016, 1945147.3184000002]]]}, "properties": {"x": "948170", "y": "1944581", "adm_cd": "11190680", "adm_nm": "서울특별시 영등포구 신길6동"}}, {"type": "Feature", "geometry": {"type": "Polygon", "coordinates": [[[949348.3865000012, 1946367.1242999993], [949363.7335000017, 1946219.6834], [949364.4315000016, 1946201.6174000073], [949364.6605000007, 1946195.2344999993], [949358.5992000017, 1946147.1752000032], [949342.368300002, 1946100.8313000025], [949331.8260000024, 1946098.309800002], [949136.3400999997, 1945821.0055000007], [948812.8005000013, 1944837.0133999982], [948807.5651000007, 1944838.9973000062], [948721.1271000017, 1944871.749399998], [948604.5647000021, 1944874.1801000023], [948490.121800001, 1944859.552000004], [948488.4212999996, 1944856.7432000008], [948482.6646999998, 1944847.2338000014], [948471.1257000007, 1944828.1728000056], [948470.0153000002, 1944826.3386000013], [948313.8620000011, 1944695.2334000007], [947952.0366000012, 1944702.5822000015], [947951.6620000012, 1944702.598099999], [947908.2072000008, 1944704.6947000017], [947909.0451000005, 1944711.3638000037], [947911.6721000003, 1944724.1752000018], [947918.6333000015, 1944745.6405999998], [947926.3599000005, 1944762.5134999985], [947939.7550000008, 1944787.0038], [947984.1361, 1944846.9068000014], [947989.0506000009, 1944851.8190000018], [947991.8499000012, 1944853.8134000024], [948097.3814000024, 1944917.6926000004], [948099.9746000012, 1944915.882000003], [948120.5923000003, 1944901.4856000016], [948155.4166000002, 1944877.1694000005], [948162.4244000003, 1944881.8892000015], [948164.7233000004, 1944883.4376000003], [948164.9459000009, 1944883.5875999997], [948246.2297000007, 1945002.2758000002], [948303.1991000017, 1945098.7687999993], [948332.0983000014, 1945147.7175000003], [948397.7917000015, 1945310.2530000003], [948476.4413000012, 1945362.5993000017], [948737.3143, 1945488.3736000033], [948787.2653000006, 1945480.0171999994], [948921.4276000012, 1945571.7799000004], [948959.3792000003, 1945811.6858000006], [949036.3503000009, 1946046.6414000038], [949062.7333000012, 1946114.6559000015], [949190.3967000017, 1946328.0529], [949249.3875000016, 1946415.0738000069], [949350.972700002, 1946405.0494000008], [949348.3865000012, 1946367.1242999993]]]}, "properties": {"x": "948726", "y": "1945356", "adm_cd": "11190690", "adm_nm": "서울특별시 영등포구 신길7동"}}, {"type": "Feature", "geometry": {"type": "Polygon", "coordinates": [[[947454.3504999998, 1944431.1734999996], [947687.2689000011, 1944422.5903999992], [947800.5293000017, 1943876.0091999986], [947522.1301, 1943459.9194000005], [947308.2423000005, 1943612.9218000001], [947279.5081000024, 1943637.0320000006], [947271.0471000012, 1943644.1316000023], [947254.850500001, 1943667.4036000003], [947246.2232999997, 1943679.7996000017], [947233.5686999997, 1943697.9823999992], [947217.5543000001, 1943721.541000002], [947165.0692999996, 1943798.7525999998], [947150.9530999998, 1943819.5200000023], [947147.0947000022, 1943825.4764000012], [947131.0569000021, 1943850.236800002], [947114.4780000013, 1943875.832800002], [947068.893900001, 1943946.2097999982], [946955.6109999999, 1944121.8904000004], [947295.2935000006, 1944393.744], [947454.3504999998, 1944431.1734999996]]]}, "properties": {"x": "947428", "y": "1944003", "adm_cd": "11190700", "adm_nm": "서울특별시 영등포구 대림1동"}}, {"type": "Feature", "geometry": {"type": "Polygon", "coordinates": [[[947309.2493000024, 1943137.436400001], [947237.9089000003, 1943029.7182999998], [947237.7199000013, 1943029.580600004], [947199.9552975481, 1943043.0515913926], [947137.2099000019, 1943059.3617999996], [947105.6425000012, 1943069.864200002], [947098.4181000025, 1943072.2677999982], [947075.6227000003, 1943081.569800003], [947066.6811000016, 1943085.4744000023], [946969.4206000016, 1943131.8826000013], [946963.7217000016, 1943135.1574], [946937.4435000004, 1943150.7107999981], [946837.0129000023, 1943214.153000001], [946832.1632000004, 1943217.674600002], [946792.3953000007, 1943246.9446000014], [946640.6013000021, 1943477.4954000027], [946567.3103000018, 1943742.4684000008], [946554.8804000006, 1943807.540700002], [946553.468000001, 1943814.5058000018], [946955.6109999999, 1944121.8904000004], [947068.893900001, 1943946.2097999982], [947114.4780000013, 1943875.832800002], [947131.0569000021, 1943850.236800002], [947147.0947000022, 1943825.4764000012], [947150.9530999998, 1943819.5200000023], [947165.0692999996, 1943798.7525999998], [947217.5543000001, 1943721.541000002], [947233.5686999997, 1943697.9823999992], [947246.2232999997, 1943679.7996000017], [947254.850500001, 1943667.4036000003], [947271.0471000012, 1943644.1316000023], [947279.5081000024, 1943637.0320000006], [947308.2423000005, 1943612.9218000001], [947522.1301, 1943459.9194000005], [947309.2493000024, 1943137.436400001]]]}, "properties": {"x": "947004", "y": "1943542", "adm_cd": "11190710", "adm_nm": "서울특별시 영등포구 대림2동"}}, {"type": "Feature", "geometry": {"type": "Polygon", "coordinates": [[[946709.6223000011, 1945322.5890000034], [946900.0955000003, 1945143.283200002], [946988.1489000011, 1945003.7977000033], [947148.349800001, 1944829.2580000032], [947116.4294999996, 1944756.8454999998], [947110.6433000003, 1944745.5817000014], [947098.3051000022, 1944724.8654], [947088.1673000008, 1944708.499800001], [947081.6873000009, 1944698.6978], [947069.5441000011, 1944679.8815000076], [947065.1647000017, 1944672.9477999983], [947060.8371000014, 1944664.2212000026], [947061.2456999999, 1944655.064400008], [947077.129300001, 1944621.3806000017], [947142.1509000005, 1944534.550400004], [947150.7985000012, 1944523.036600003], [947157.9361000012, 1944513.6294000018], [947186.6909000009, 1944483.2448], [947198.9539000017, 1944470.7122000027], [947229.4183000018, 1944440.1520000035], [947230.0050000004, 1944439.5693000024], [947240.8289000017, 1944428.8195999996], [947254.5657000007, 1944415.8914000038], [947255.2411000014, 1944415.5239999995], [947291.8035000016, 1944395.6417000014], [947295.2935000006, 1944393.744], [946955.6109999999, 1944121.8904000004], [946553.468000001, 1943814.5058000018], [946453.2441000014, 1944371.3460999997], [946444.4813000006, 1944428.2805999997], [946332.6683000016, 1945083.5460000057], [946363.2025000013, 1945114.9524000022], [946371.4408999998, 1945127.1114000003], [946432.714300001, 1945233.6104000036], [946436.1116000006, 1945250.8359999987], [946436.3209000004, 1945251.8978000027], [946436.8711000023, 1945254.796800003], [946416.036100002, 1945320.1826000018], [946290.1262000009, 1945705.3853000016], [946295.1760000004, 1945708.0390000036], [946353.9921000006, 1945646.322], [946709.6223000011, 1945322.5890000034]]]}, "properties": {"x": "946722", "y": "1944681", "adm_cd": "11190720", "adm_nm": "서울특별시 영등포구 대림3동"}}, {"type": "Feature", "geometry": {"type": "Polygon", "coordinates": [[[948452.763700001, 1946582.6709000033], [948462.3212000006, 1946553.7363], [948501.0699000002, 1946436.4297000011], [948511.2471000004, 1946415.2841000033], [948531.193900001, 1946373.840400002], [948540.0596000021, 1946355.4200999988], [948579.3598999996, 1946312.3654000019], [948589.3865000008, 1946301.3813000019], [948597.9951000002, 1946294.9734000023], [948607.8365000023, 1946287.647900001], [948608.4780000008, 1946287.1704000006], [948608.8583000016, 1946286.8875000016], [948640.8361000007, 1946263.0841000052], [948640.2083000022, 1946261.9964000029], [948591.4487000012, 1946177.519200003], [948543.5297, 1946112.5876000007], [948483.4391000023, 1946038.936300002], [948481.5809000004, 1946036.6588000024], [948471.3517000013, 1946032.6552000013], [948460.8481000003, 1946028.5445999994], [948440.0235000008, 1946020.3948999983], [948412.755700001, 1946009.7238000003], [948392.7441000014, 1946001.8925000052], [948188.6907000015, 1945951.7391999983], [947884.642500002, 1945877.6448], [947857.2623000013, 1946069.4773999988], [947664.7119000021, 1946058.9176000017], [947627.2067000022, 1946041.0338000027], [947584.8975000015, 1945998.661400001], [947494.8569000002, 1945898.2317999997], [947429.7103000017, 1945819.561699999], [947331.5843000023, 1945765.287400003], [947330.9739000003, 1945765.008700001], [947282.1525000012, 1945751.6219999993], [947184.7075000003, 1945758.0212000017], [947165.1929000004, 1945762.9370000022], [946834.4487000015, 1945959.3328000014], [946761.937700001, 1946010.5948000005], [946899.0418999997, 1946081.2466000025], [946966.285300001, 1946117.0264000013], [947335.1039000009, 1946314.538300002], [947335.0399000011, 1946314.7385000004], [947331.2245, 1946323.7964000013], [947328.0239000022, 1946331.3827999996], [947327.1815000002, 1946333.3754000003], [947325.7824999997, 1946336.4708000016], [947323.8509000005, 1946340.7414], [947323.4437000003, 1946341.5942000025], [947320.1539000021, 1946343.3180000037], [947315.9051000015, 1946345.5139000025], [947315.1591, 1946345.8687000019], [947307.7565000004, 1946349.2216000021], [947305.6043000006, 1946350.1876000005], [947304.6072000013, 1946350.6309000026], [947314.2601000003, 1946348.531200002], [947314.7940999996, 1946348.415200001], [947317.0106000002, 1946348.2688000011], [947333.128300002, 1946347.2066000022], [947358.6923000008, 1946347.0712000001], [947372.0211000007, 1946347.3814000052], [947378.1465000007, 1946347.5240000007], [947400.9376000003, 1946348.513800003], [947415.4291000003, 1946349.5806000032], [947448.3541000006, 1946372.2148000016], [947550.7637000005, 1946452.8730000004], [947553.8311000003, 1946456.365400001], [947555.9212999999, 1946460.3430000027], [947558.9007000001, 1946469.8336000023], [947559.3192999999, 1946473.3902000026], [947732.3943000005, 1946556.4268000016], [947821.8995000019, 1946563.2592000016], [948237.0967000015, 1946588.8244000035], [948388.6395000011, 1946597.794199999], [948447.3267000015, 1946599.129300003], [948452.763700001, 1946582.6709000033]]]}, "properties": {"x": "947787", "y": "1946394", "adm_cd": "11190730", "adm_nm": "서울특별시 영등포구 영등포본동"}}, {"type": "Feature", "geometry": {"type": "Polygon", "coordinates": [[[947573.3635000007, 1948247.5940000021], [947575.4993000003, 1948115.2314], [947563.2543000021, 1947891.117600002], [947553.7263000011, 1947891.0738], [947552.3771000023, 1947862.859200003], [947555.7501000015, 1947797.0164000024], [947555.9089000017, 1947794.0688000014], [947556.3033000019, 1947786.7497999999], [947558.251500001, 1947752.7677999986], [947558.3711000022, 1947751.0090000003], [947559.2131000024, 1947744.114000003], [947560.5093000012, 1947733.6280000028], [947564.0129000016, 1947705.5076000006], [947564.7117000003, 1947700.2498000027], [947565.7423, 1947694.998999999], [947569.2709000012, 1947678.5114000016], [947572.7717000005, 1947662.182600002], [947581.9283, 1947620.426400002], [947600.9221000021, 1947559.836400003], [947601.1668999998, 1947559.0705999988], [947602.8627000016, 1947554.9748000011], [947604.4463000018, 1947551.2288000023], [947607.010100001, 1947545.168400001], [947609.8491000009, 1947538.529600001], [947610.3095000008, 1947538.1176], [947654.3609, 1947535.4732000034], [947961.347300001, 1947611.7230000002], [947977.8221000006, 1947577.4077999997], [948091.3359000018, 1947354.4088000013], [948127.154700002, 1947284.5832000033], [948168.8611000004, 1947204.8658], [948181.1141000001, 1947181.7802000064], [948263.2459000018, 1947065.335], [948273.4923, 1947050.9620000012], [948308.3195000021, 1947002.1092000003], [948402.9008999998, 1946871.4748000007], [948457.6109000003, 1946831.8482000013], [948513.5347, 1946791.4080000003], [948447.3267000015, 1946599.129300003], [948388.6395000011, 1946597.794199999], [948237.0967000015, 1946588.8244000035], [947821.8995000019, 1946563.2592000016], [947732.3943000005, 1946556.4268000016], [947559.3192999999, 1946473.3902000026], [947558.9007000001, 1946469.8336000023], [947555.9212999999, 1946460.3430000027], [947553.8311000003, 1946456.365400001], [947550.7637000005, 1946452.8730000004], [947448.3541000006, 1946372.2148000016], [947415.4291000003, 1946349.5806000032], [947400.9376000003, 1946348.513800003], [947378.1465000007, 1946347.5240000007], [947372.0211000007, 1946347.3814000052], [947358.6923000008, 1946347.0712000001], [947333.128300002, 1946347.2066000022], [947317.0106000002, 1946348.2688000011], [947314.7940999996, 1946348.415200001], [947314.2601000003, 1946348.531200002], [947304.6072000013, 1946350.6309000026], [947078.2311000007, 1946780.9796000011], [947074.2789000017, 1946796.3858000007], [947068.7855000016, 1946828.737200001], [947067.2079000007, 1946838.6889999998], [947064.745100001, 1946854.6133999978], [947062.8989000022, 1946873.4936000027], [947062.6833000001, 1946875.990600003], [947062.0621000002, 1946885.3324000016], [947061.3805000004, 1946896.5182000017], [947061.3423000001, 1946904.1868000021], [947061.3713000005, 1946910.0334000015], [947061.452300002, 1946915.1842000026], [947065.0607000014, 1946964.3523999997], [947065.6445000025, 1946968.6486000028], [947067.2083000003, 1946978.1722000001], [947067.4168999998, 1946979.4423999996], [947069.8729000012, 1946994.3369999991], [947070.5626999999, 1946997.887000003], [947078.3851000001, 1947037.545200002], [947143.9427000008, 1947306.2884000028], [947160.5455000004, 1947369.2290000024], [947160.8485000007, 1947370.3628000077], [947164.5172000013, 1947384.0876000058], [947169.122100001, 1947401.0208000012], [947175.7545000019, 1947424.9712000028], [947214.7175000019, 1947551.7409999992], [947224.6223000002, 1947574.0562000012], [947231.2433000018, 1947575.0338000031], [947242.1263000013, 1947588.9732000001], [947436.6787000007, 1948163.6033999992], [947469.3239000014, 1948259.1414000022], [947575.8079000005, 1948299.7202000013], [947573.3635000007, 1948247.5940000021]]]}, "properties": {"x": "947659", "y": "1947092", "adm_cd": "11190740", "adm_nm": "서울특별시 영등포구 영등포동"}}, {"type": "Feature", "geometry": {"type": "Polygon", "coordinates": [[[947857.2623000013, 1946069.4773999988], [947884.642500002, 1945877.6448], [947883.155500002, 1945877.3993999984], [947860.2225000005, 1945850.0500000024], [947774.2889999999, 1945795.112300002], [947582.8061000011, 1945692.9410000003], [947581.9959000021, 1945692.5123999994], [947579.7997000003, 1945694.370400006], [947576.5421000007, 1945697.254600002], [947575.2599000004, 1945698.8208000013], [947526.713900002, 1945688.8785999997], [947453.9393, 1945649.9066000017], [947294.2297000014, 1945562.073500003], [946814.3651000005, 1945292.5106000004], [946900.0955000003, 1945143.283200002], [946709.6223000011, 1945322.5890000034], [946353.9921000006, 1945646.322], [946350.7811000021, 1945790.1081999992], [946531.1366999998, 1945889.4326000009], [946761.937700001, 1946010.5948000005], [946834.4487000015, 1945959.3328000014], [947165.1929000004, 1945762.9370000022], [947184.7075000003, 1945758.0212000017], [947282.1525000012, 1945751.6219999993], [947330.9739000003, 1945765.008700001], [947331.5843000023, 1945765.287400003], [947429.7103000017, 1945819.561699999], [947494.8569000002, 1945898.2317999997], [947584.8975000015, 1945998.661400001], [947627.2067000022, 1946041.0338000027], [947664.7119000021, 1946058.9176000017], [947857.2623000013, 1946069.4773999988]]]}, "properties": {"x": "946813", "y": "1945795", "adm_cd": "11190750", "adm_nm": "서울특별시 영등포구 도림동"}}, {"type": "Feature", "geometry": {"type": "Polygon", "coordinates": [[[945281.2215000007, 1947218.8329000024], [945376.7825000002, 1947095.1226000031], [945680.828700002, 1947114.2310000015], [946125.7487000015, 1947025.4236000003], [946241.0405000022, 1947002.0966000003], [946241.8806000013, 1947001.9352000076], [946251.6204000025, 1947000.0559000014], [946253.877000002, 1946999.6204000013], [946278.6107000008, 1946994.8429000026], [946299.359900001, 1946990.8285000015], [946309.9345000023, 1946988.7753000057], [946312.6555000013, 1946988.2468999997], [946383.7015000014, 1946974.3090000062], [946412.4877000006, 1946968.6349000027], [946482.5867000016, 1946954.5234000005], [946549.5197000005, 1946940.9954000008], [946760.7492000012, 1946898.2502000015], [946857.8137000019, 1946878.0033000004], [946897.0801000017, 1946869.7747000032], [946921.9373000026, 1946864.5540000014], [946979.5301000008, 1946852.3808999993], [946980.1111000008, 1946852.2359], [946980.7067000007, 1946852.030900007], [946982.0447000021, 1946851.5379], [946990.3215000005, 1946848.4881000011], [947000.2523000005, 1946844.8098000032], [947000.768900001, 1946844.5782999992], [947001.4261000016, 1946844.2310000006], [947008.6401000018, 1946840.2111000004], [947024.0081000011, 1946831.6447000075], [947027.2471000012, 1946829.8250000023], [947031.4647000018, 1946826.270100001], [947049.6769000015, 1946810.903000004], [947078.2311000007, 1946780.9796000011], [947304.6072000013, 1946350.6309000026], [947305.6043000006, 1946350.1876000005], [947307.7565000004, 1946349.2216000021], [947315.1591, 1946345.8687000019], [947315.9051000015, 1946345.5139000025], [947320.1539000021, 1946343.3180000037], [947323.4437000003, 1946341.5942000025], [947323.8509000005, 1946340.7414], [947325.7824999997, 1946336.4708000016], [947327.1815000002, 1946333.3754000003], [947328.0239000022, 1946331.3827999996], [947331.2245, 1946323.7964000013], [947335.0399000011, 1946314.7385000004], [947335.1039000009, 1946314.538300002], [946966.285300001, 1946117.0264000013], [946899.0418999997, 1946081.2466000025], [946761.937700001, 1946010.5948000005], [946531.1366999998, 1945889.4326000009], [946350.7811000021, 1945790.1081999992], [946353.9921000006, 1945646.322], [946295.1760000004, 1945708.0390000036], [946271.9315999999, 1945746.9276000028], [946064.4003000006, 1946023.7617999995], [945926.7249000012, 1946115.298700004], [945759.1516000025, 1946193.3443000074], [945615.8727000004, 1946229.6650000005], [945605.8752000006, 1946236.5605000027], [945599.7775000012, 1946240.766400001], [945449.9842000013, 1946388.4774999982], [945450.0691000014, 1946401.1531000016], [945450.3177000012, 1946438.237600001], [945450.4308000003, 1946455.7908999987], [945425.8615000015, 1946476.9135000003], [945169.2071000021, 1946683.817100002], [945134.5012000004, 1946688.5526000028], [945105.2254999998, 1946694.3464000018], [945102.6865000017, 1946695.6724000021], [945099.6065000016, 1946698.1248000013], [945094.6531000005, 1946703.4434000026], [945089.1389000013, 1946709.3644000024], [945074.1959000006, 1946727.9677999993], [945072.0302000006, 1946732.0088000016], [945067.7515000019, 1946744.5800000052], [945052.9747000013, 1946787.995800002], [945052.1646999998, 1946791.3427999998], [945051.898100002, 1946798.6226000022], [945051.8101000023, 1946801.0292000035], [945052.2633, 1946821.8634000001], [945052.7873000003, 1946826.4210000029], [945053.8887000005, 1946830.9136000047], [945060.6969999999, 1946853.6578000002], [945063.7479000009, 1946863.849400003], [945066.4335000007, 1946869.6462000005], [945079.7945000015, 1946888.443600006], [945086.0259000014, 1946894.220600001], [945094.9630000023, 1946900.6708000037], [945126.9479000006, 1946923.8506000028], [945131.2933000014, 1946926.9998000031], [945133.3333000022, 1946928.8324000048], [945159.7575000013, 1946966.4917999995], [945161.0625000006, 1946971.1068000013], [945162.0487000009, 1946977.4435999999], [945162.4171000017, 1946982.064999998], [945162.9053000011, 1946988.6850000033], [945163.1748000011, 1946992.4014000027], [945160.7955000009, 1947017.8738000016], [945152.3252999999, 1947090.829600003], [945150.006100001, 1947110.0850000004], [945142.1231000011, 1947155.1736000003], [945139.3070000012, 1947166.0906000026], [945128.8280000014, 1947203.0581], [945128.844800001, 1947216.1493999988], [945281.2215000007, 1947218.8329000024]]]}, "properties": {"x": "946198", "y": "1946533", "adm_cd": "11190760", "adm_nm": "서울특별시 영등포구 문래동"}}, {"type": "Feature", "geometry": {"type": "Polygon", "coordinates": [[[950392.8887000009, 1946455.6180000012], [950487.6343000012, 1946397.7375999996], [950493.028300002, 1946373.1930000007], [950493.5251000021, 1946370.920200001], [950494.0169000016, 1946368.6464], [950494.502500002, 1946366.3716000048], [950494.9833000016, 1946364.096000004], [950495.4581000018, 1946361.8182000015], [950495.9279000014, 1946359.540600001], [950496.3925000008, 1946357.261000003], [950496.8513000004, 1946354.9804000016], [950497.3051000017, 1946352.6987999992], [950497.7529000015, 1946350.4162000003], [950498.1964999996, 1946348.1328000021], [950498.6333000017, 1946345.8482000013], [950499.0661000018, 1946343.5618000026], [950499.491700002, 1946341.2753999992], [950499.9135, 1946338.9880000018], [950500.3291000011, 1946336.698600002], [950528.8416999999, 1946179.2755999998], [950528.9246000001, 1946175.8528000033], [950529.2485000006, 1946162.476399999], [950530.2465000022, 1946121.2468000008], [950654.3125000007, 1945711.4138000007], [950659.8099000002, 1945714.729200001], [950761.0541000022, 1945769.344599999], [950843.3491000009, 1945724.0439999993], [950859.0871000013, 1945685.1148000024], [950849.450700001, 1945656.445399999], [950729.6423000011, 1945453.0144000018], [950710.6675000025, 1945428.7844000002], [950710.1489000022, 1945428.7906000016], [950695.245700002, 1945428.9683999987], [950653.8525000003, 1945429.4622000002], [950585.5065000004, 1945426.4763999989], [950481.3454999998, 1945305.5840000021], [950480.5899000012, 1945298.8006000025], [950481.6043000006, 1945288.3789999995], [950484.113300002, 1945280.848400002], [950082.7567000019, 1945453.433400001], [950061.9419000016, 1945842.7509999988], [950013.9631000019, 1946182.3442000027], [949838.7384000018, 1946405.5890000022], [950392.8887000009, 1946455.6180000012]]]}, "properties": {"x": "950335", "y": "1945879", "adm_cd": "11200520", "adm_nm": "서울특별시 동작구 노량진2동"}}, {"type": "Feature", "geometry": {"type": "Polygon", "coordinates": [[[951675.4901000019, 1945616.548], [951797.5753000011, 1945502.6620000005], [951734.4245000016, 1945259.4448000025], [951776.6767000005, 1945088.1196000022], [951917.677100002, 1944678.2954000002], [952180.3965000014, 1944493.5214000037], [952438.7883000006, 1944378.7652000026], [952523.0186000019, 1944081.1410000022], [952456.7688999997, 1944011.4997999999], [952386.4235000006, 1943871.974199998], [952357.9103000003, 1943914.7595999995], [952316.4259000008, 1943948.747000001], [952290.7427000024, 1943969.0055999998], [952243.888100002, 1943974.3618000024], [952239.1923000007, 1943974.8263999992], [952208.9946000017, 1943976.0390000043], [952170.8029000002, 1943951.853200002], [952164.2435000014, 1943929.8134000008], [952149.4125, 1943878.0376000023], [952148.3679000018, 1943862.886800001], [952041.1535000022, 1943774.4590000021], [952009.7655000011, 1943749.8812000016], [952009.6257000001, 1943749.8010000058], [951972.4667000012, 1943732.280000001], [951972.3167000015, 1943732.2232000013], [951972.1593000018, 1943732.1914000022], [951920.8576999996, 1943722.2366999988], [951748.606900001, 1943661.6881999993], [951376.9363000012, 1943848.8736000024], [951342.1683000005, 1943867.2490000012], [951276.7628000003, 1943912.2449999982], [951211.4334000018, 1943974.1156000018], [951113.0938000001, 1944018.2193999994], [951215.8401000004, 1944489.1508000025], [951226.2990000013, 1944677.7917000006], [951224.815000002, 1944697.5439000025], [951224.1701999996, 1944704.355700001], [951171.9675000014, 1944831.9492999995], [951161.1789000004, 1944851.7508000024], [951314.5187000008, 1945206.9280000029], [951325.3205000013, 1945214.818800002], [951371.7605000016, 1945288.901], [951405.4209000007, 1945358.3558], [951443.0085000005, 1945493.238199999], [951417.9391000022, 1945533.4126000013], [951675.4901000019, 1945616.548]]]}, "properties": {"x": "951691", "y": "1944469", "adm_cd": "11200530", "adm_nm": "서울특별시 동작구 상도1동"}}, {"type": "Feature", "geometry": {"type": "Polygon", "coordinates": [[[951443.0085000005, 1945493.238199999], [951405.4209000007, 1945358.3558], [951371.7605000016, 1945288.901], [951325.3205000013, 1945214.818800002], [951314.5187000008, 1945206.9280000029], [951161.1789000004, 1944851.7508000024], [951171.9675000014, 1944831.9492999995], [951224.1701999996, 1944704.355700001], [951224.815000002, 1944697.5439000025], [951226.2990000013, 1944677.7917000006], [951215.8401000004, 1944489.1508000025], [951185.6139000016, 1944583.1344000031], [951160.132700002, 1944604.8728], [951012.7137000016, 1944668.9142000028], [950885.7303000006, 1944616.6738000028], [950861.4905000022, 1944621.385600002], [950458.1933000006, 1944724.7578000021], [950450.720300002, 1944727.1951999995], [950444.9005000014, 1944729.094000001], [950438.9587000024, 1944733.595400003], [950431.0389000007, 1944739.5958000016], [950428.2883000022, 1944741.7432000008], [950418.8467000006, 1944749.1171999997], [950409.2981000023, 1944756.6104000004], [950263.7815000012, 1944872.9842000026], [950191.0291000012, 1945002.3020000015], [950187.7244, 1945011.6532], [950182.8307000005, 1945032.7326000007], [950181.5787000014, 1945038.1226], [950200.1459000001, 1945052.3098], [950223.7825000036, 1945070.3718000022], [950225.7697000019, 1945071.8918000043], [950139.0187000035, 1945074.8690000027], [950097.472900003, 1945065.8550000032], [950049.1920999996, 1945041.813399999], [950034.336100002, 1945019.463], [950018.2957000006, 1944995.3312000013], [949988.4117000011, 1945016.9573999988], [949879.5669000004, 1945095.7322000018], [949866.1779000026, 1945108.6388000022], [949856.0319000001, 1945131.068200003], [950082.7567000019, 1945453.433400001], [950484.113300002, 1945280.848400002], [950567.1915000014, 1945286.4973999993], [951323.7852999999, 1945442.809600002], [951417.9391000022, 1945533.4126000013], [951443.0085000005, 1945493.238199999]]]}, "properties": {"x": "950692", "y": "1945064", "adm_cd": "11200540", "adm_nm": "서울특별시 동작구 상도2동"}}, {"type": "Feature", "geometry": {"type": "Polygon", "coordinates": [[[949660.6331000013, 1945067.3026000024], [949856.0319000001, 1945131.068200003], [949866.1779000026, 1945108.6388000022], [949879.5669000004, 1945095.7322000018], [949988.4117000011, 1945016.9573999988], [950018.2957000006, 1944995.3312000013], [950034.336100002, 1945019.463], [950049.1920999996, 1945041.813399999], [950097.472900003, 1945065.8550000032], [950139.0187000035, 1945074.8690000027], [950225.7697000019, 1945071.8918000043], [950223.7825000036, 1945070.3718000022], [950200.1459000001, 1945052.3098], [950181.5787000014, 1945038.1226], [949789.7043000025, 1944735.2166], [949795.7137000015, 1944724.3976000026], [950134.737900004, 1944276.942600002], [950343.2273000013, 1944040.924000001], [950362.069700001, 1944029.0089999991], [950367.4163000017, 1944025.628000003], [950399.3263000011, 1944004.2216000021], [950462.7717000046, 1943954.3348000012], [950470.4369000004, 1943940.4994000022], [950472.1199000021, 1943937.431199999], [950477.3594000009, 1943877.1916000003], [950342.9493000039, 1943827.568500002], [950329.1469000003, 1943816.2411999996], [950253.6877000018, 1943777.646000001], [950189.6177000047, 1943784.4990000005], [949826.1782000004, 1943886.907999999], [949731.2207000012, 1943930.6920000012], [949600.9637000023, 1944013.6700000023], [949592.1953000018, 1944272.7770000026], [949609.7505000005, 1944431.0137999996], [949536.7947000035, 1944508.1222000008], [949497.6049000017, 1944553.244400002], [949527.1337000021, 1944561.627000005], [949638.2579000035, 1944627.4252000023], [949639.9959000027, 1944629.636600003], [949650.9559000018, 1944643.5832000005], [949651.8157000003, 1944650.9148000022], [949650.720900001, 1944662.967400001], [949650.6655000016, 1944663.445400002], [949645.8603000001, 1944673.2894000006], [949623.6149000023, 1944700.6002000014], [949621.723300001, 1944702.5866000028], [949614.0577000012, 1944710.633199999], [949557.0161000013, 1944763.2614000011], [949554.9709000003, 1944764.5906000019], [949508.9469000006, 1944856.9330000053], [949462.2493000047, 1945010.7035999997], [949460.3325000007, 1945022.9812000026], [949461.2161000015, 1945027.4040000024], [949465.9279000033, 1945050.9872000043], [949466.2081000024, 1945052.3894000007], [949475.8441000009, 1945088.1304000025], [949558.4227000036, 1945163.1795999995], [949593.0883, 1945137.5502000002], [949660.6331000013, 1945067.3026000024]]]}, "properties": {"x": "949865", "y": "1944432", "adm_cd": "11200550", "adm_nm": "서울특별시 동작구 상도3동"}}, {"type": "Feature", "geometry": {"type": "Polygon", "coordinates": [[[950182.8307000005, 1945032.7326000007], [950187.7244, 1945011.6532], [950191.0291000012, 1945002.3020000015], [950263.7815000012, 1944872.9842000026], [950409.2981000023, 1944756.6104000004], [950418.8467000006, 1944749.1171999997], [950428.2883000022, 1944741.7432000008], [950431.0389000007, 1944739.5958000016], [950438.9587000024, 1944733.595400003], [950444.9005000014, 1944729.094000001], [950450.720300002, 1944727.1951999995], [950458.1933000006, 1944724.7578000021], [950861.4905000022, 1944621.385600002], [950885.7303000006, 1944616.6738000028], [951012.7137000016, 1944668.9142000028], [951160.132700002, 1944604.8728], [951185.6139000016, 1944583.1344000031], [951215.8401000004, 1944489.1508000025], [951113.0938000001, 1944018.2193999994], [950824.6909000017, 1943828.4931000015], [950545.5449000017, 1943882.7297000024], [950477.3594000009, 1943877.1916000003], [950472.1199000021, 1943937.431199999], [950470.4369000004, 1943940.4994000022], [950462.7717000046, 1943954.3348000012], [950399.3263000011, 1944004.2216000021], [950367.4163000017, 1944025.628000003], [950362.069700001, 1944029.0089999991], [950343.2273000013, 1944040.924000001], [950134.737900004, 1944276.942600002], [949795.7137000015, 1944724.3976000026], [949789.7043000025, 1944735.2166], [950181.5787000014, 1945038.1226], [950182.8307000005, 1945032.7326000007]]]}, "properties": {"x": "950654", "y": "1944391", "adm_cd": "11200560", "adm_nm": "서울특별시 동작구 상도4동"}}, {"type": "Feature", "geometry": {"type": "Polygon", "coordinates": [[[954211.5447000007, 1942941.0513999998], [954172.5583000001, 1942048.6614999992], [953876.3299000019, 1942062.5343999984], [953517.1467000011, 1942015.756800002], [953362.3703000017, 1941977.0742000008], [953337.9153000026, 1941970.9622], [953310.7387000009, 1941963.053200001], [953222.4016000018, 1941937.344800002], [953183.9147000017, 1941926.144099999], [953164.0128000008, 1942050.748800001], [953154.727700001, 1942065.3626], [953191.9345000017, 1942114.8484000023], [953474.4165000014, 1942420.9170000018], [953561.2533000021, 1942488.4748000028], [953642.0213000006, 1942604.7228000024], [953643.5673000023, 1942612.0538000003], [953644.175900002, 1942623.9282000007], [953645.0135000008, 1942652.6131999986], [953646.7581000009, 1942715.5417999998], [953647.6283000002, 1942771.710599999], [953645.3120999999, 1942801.082800001], [953954.6091000012, 1942921.9937999998], [954216.0006000014, 1943032.6259000008], [954215.9478000012, 1943031.5450999998], [954211.5447000007, 1942941.0513999998]]]}, "properties": {"x": "953806", "y": "1942412", "adm_cd": "11200630", "adm_nm": "서울특별시 동작구 사당1동"}}, {"type": "Feature", "geometry": {"type": "Polygon", "coordinates": [[[952577.1121000001, 1944044.1718000036], [952607.631700002, 1944007.7257999997], [952698.7711, 1943926.7294000012], [952723.2285000006, 1943923.233200003], [952753.3205000025, 1943919.433200001], [952779.4739000001, 1943957.0248000002], [952861.4061000024, 1943974.4394000033], [952933.6867000007, 1943985.4053999996], [952997.8132000011, 1943978.6322000031], [953102.7739000011, 1943957.8767999995], [953311.8483000001, 1943912.4467999996], [953312.4626000007, 1943909.8994000026], [953318.8627000009, 1943883.3544000015], [953394.9093000026, 1943725.6865999992], [953446.208500001, 1943634.3747999996], [953655.3591000007, 1943332.3506000005], [953731.3991000014, 1943228.155799999], [953742.9953000001, 1943220.6972000028], [953751.1811000004, 1943216.8774000027], [953752.6381000015, 1943216.1977999983], [953768.6781000011, 1943209.7852000007], [953793.2817000016, 1943203.6552], [953827.9963000005, 1943195.0064000003], [953866.9423000012, 1943185.3039999981], [953876.5031000023, 1943186.5918000028], [953907.2863000013, 1943190.738199999], [953954.6091000012, 1942921.9937999998], [953645.3120999999, 1942801.082800001], [953547.5927000014, 1942802.082200001], [953218.0367000015, 1942969.6305999998], [953146.9415000011, 1943002.9504], [953132.5349000013, 1943016.1140000005], [953096.1511000016, 1943049.3611999978], [952892.4017000007, 1943258.0784000026], [952883.5198000015, 1943267.3929999988], [952882.8243000021, 1943268.1224000026], [952838.8767000011, 1943314.2166000013], [952826.1073000007, 1943327.6100000003], [952824.3763000019, 1943329.4258000003], [952524.7337000011, 1943846.1377999992], [952462.4571000005, 1944013.4096000036], [952456.7688999997, 1944011.4997999999], [952523.0186000019, 1944081.1410000022], [952577.1121000001, 1944044.1718000036]]]}, "properties": {"x": "953223", "y": "1943415", "adm_cd": "11200650", "adm_nm": "서울특별시 동작구 사당3동"}}, {"type": "Feature", "geometry": {"type": "Polygon", "coordinates": [[[953547.5927000014, 1942802.082200001], [953645.3120999999, 1942801.082800001], [953647.6283000002, 1942771.710599999], [953646.7581000009, 1942715.5417999998], [953645.0135000008, 1942652.6131999986], [953644.175900002, 1942623.9282000007], [953643.5673000023, 1942612.0538000003], [953642.0213000006, 1942604.7228000024], [953561.2533000021, 1942488.4748000028], [953474.4165000014, 1942420.9170000018], [953191.9345000017, 1942114.8484000023], [953154.727700001, 1942065.3626], [953164.0128000008, 1942050.748800001], [953156.373800002, 1942051.2193000012], [953145.834500001, 1942051.8687], [953040.9424000022, 1942059.1283000004], [952983.3353000025, 1942139.1771000004], [952941.1918000013, 1942204.5236000037], [952815.0623000006, 1942325.7697], [952755.3365000014, 1942356.4049000014], [952694.9889000007, 1942381.5418999996], [952680.0532000011, 1942387.763100001], [953113.2041000002, 1942674.7042], [953186.2461000013, 1942775.7374000028], [953234.3637000009, 1942935.24], [953218.0367000015, 1942969.6305999998], [953547.5927000014, 1942802.082200001]]]}, "properties": {"x": "953122", "y": "1942596", "adm_cd": "11200660", "adm_nm": "서울특별시 동작구 사당4동"}}, {"type": "Feature", "geometry": {"type": "Polygon", "coordinates": [[[952462.4571000005, 1944013.4096000036], [952524.7337000011, 1943846.1377999992], [952824.3763000019, 1943329.4258000003], [952826.1073000007, 1943327.6100000003], [952838.8767000011, 1943314.2166000013], [952882.8243000021, 1943268.1224000026], [952883.5198000015, 1943267.3929999988], [952892.4017000007, 1943258.0784000026], [953096.1511000016, 1943049.3611999978], [953132.5349000013, 1943016.1140000005], [953146.9415000011, 1943002.9504], [953218.0367000015, 1942969.6305999998], [953234.3637000009, 1942935.24], [953186.2461000013, 1942775.7374000028], [953113.2041000002, 1942674.7042], [952680.0532000011, 1942387.763100001], [952605.3383000006, 1942552.7063999989], [952531.7129000004, 1942616.612300001], [952439.1651000001, 1942713.0348000024], [952353.2084999997, 1942838.5292000014], [952353.9039000005, 1942850.5648999996], [952354.1297000013, 1942854.4702000015], [952354.1459000017, 1942854.730200003], [952430.7247000004, 1943033.2402000013], [952424.6660000004, 1943235.1250000014], [952405.0751000012, 1943449.0154000022], [952370.6443000014, 1943695.3526000003], [952382.6955000021, 1943827.9222000018], [952386.4235000006, 1943871.974199998], [952456.7688999997, 1944011.4997999999], [952462.4571000005, 1944013.4096000036]]]}, "properties": {"x": "952700", "y": "1943076", "adm_cd": "11200670", "adm_nm": "서울특별시 동작구 사당5동"}}, {"type": "Feature", "geometry": {"type": "Polygon", "coordinates": [[[949838.7384000018, 1946405.5890000022], [950013.9631000019, 1946182.3442000027], [950061.9419000016, 1945842.7509999988], [950082.7567000019, 1945453.433400001], [949856.0319000001, 1945131.068200003], [949660.6331000013, 1945067.3026000024], [949593.0883, 1945137.5502000002], [949558.4227000036, 1945163.1795999995], [949475.8441000009, 1945088.1304000025], [949466.2081000024, 1945052.3894000007], [949465.9279000033, 1945050.9872000043], [949461.2161000015, 1945027.4040000024], [949460.3325000007, 1945022.9812000026], [949462.2493000047, 1945010.7035999997], [949508.9469000006, 1944856.9330000053], [949554.9709000003, 1944764.5906000019], [949557.0161000013, 1944763.2614000011], [949614.0577000012, 1944710.633199999], [949621.723300001, 1944702.5866000028], [949623.6149000023, 1944700.6002000014], [949645.8603000001, 1944673.2894000006], [949650.6655000016, 1944663.445400002], [949650.720900001, 1944662.967400001], [949651.8157000003, 1944650.9148000022], [949650.9559000018, 1944643.5832000005], [949639.9959000027, 1944629.636600003], [949638.2579000035, 1944627.4252000023], [949527.1337000021, 1944561.627000005], [949497.6049000017, 1944553.244400002], [949492.0687000004, 1944555.4778000028], [949470.8847000003, 1944564.0232000016], [949390.2329000027, 1944594.557399999], [949378.391900002, 1944599.035400005], [949377.6575000042, 1944599.3082000022], [949356.4931000024, 1944603.2380000018], [949352.4773000006, 1944603.7550000018], [949343.8397000032, 1944604.169600002], [949248.781500001, 1944569.8707999992], [949229.3675000011, 1944561.7726000082], [949174.9237000012, 1944539.0144000028], [949154.2865000026, 1944530.3638000032], [949085.665100002, 1944503.9150000007], [948957.4047000011, 1944459.9494000059], [948939.5957000023, 1944454.3748000027], [948932.9397000009, 1944452.9866000002], [948923.2615000026, 1944452.292200005], [948906.2735000028, 1944451.677400006], [948891.5297000043, 1944452.5938000025], [948889.0783000017, 1944452.7462000083], [948869.303300001, 1944459.1306000021], [948754.0579000039, 1944518.5366000014], [948812.8005000013, 1944837.0133999982], [949136.3400999997, 1945821.0055000007], [949331.8260000024, 1946098.309800002], [949342.368300002, 1946100.8313000025], [949358.5992000017, 1946147.1752000032], [949364.6605000007, 1946195.2344999993], [949364.4315000016, 1946201.6174000073], [949363.7335000017, 1946219.6834], [949348.3865000012, 1946367.1242999993], [949350.972700002, 1946405.0494000008], [949838.7384000018, 1946405.5890000022]]]}, "properties": {"x": "949456", "y": "1945442", "adm_cd": "11200680", "adm_nm": "서울특별시 동작구 대방동"}}, {"type": "Feature", "geometry": {"type": "Polygon", "coordinates": [[[948271.6777000029, 1943978.6410000012], [948368.8146000021, 1943490.4114000048], [948110.0308000019, 1943286.120699999], [948044.9067000016, 1943221.2092000023], [948010.2685000009, 1943192.7130000014], [947952.7353000012, 1943165.5475000006], [947894.235300002, 1943142.6755999993], [947494.158300001, 1943023.418099999], [947463.0047000016, 1943018.7447000016], [947443.7102000018, 1943018.4269999983], [947237.9089000003, 1943029.7182999998], [947309.2493000024, 1943137.436400001], [947522.1301, 1943459.9194000005], [947800.5293000017, 1943876.0091999986], [947802.4271000021, 1943873.691800002], [947816.8561000014, 1943893.3523999997], [947826.527700001, 1943907.1640000034], [947865.7755000012, 1943966.6045999983], [947887.0615000017, 1944004.1241999986], [947939.0847000016, 1944105.1232000007], [947957.3685000008, 1944140.8683999996], [947960.3382000006, 1944146.752299999], [947983.5939000018, 1944192.829200002], [947985.1899000003, 1944195.897199999], [947988.4669000008, 1944202.1674000006], [948002.3411000017, 1944226.1841999993], [948004.5153000015, 1944229.924400003], [948005.4249000016, 1944231.2480000018], [948020.0627000004, 1944249.5640000016], [948025.1309000019, 1944254.1284000007], [948029.8627000016, 1944258.1818000032], [948037.4759000007, 1944264.688], [948050.3727000016, 1944273.2725999998], [948055.8247000007, 1944276.901600001], [948059.4187000023, 1944279.0658000018], [948061.5723000003, 1944280.006999999], [948070.1717000019, 1944283.765000001], [948103.2263000002, 1944290.853300002], [948108.265100002, 1944291.4586000023], [948132.2744000021, 1944294.342399999], [948161.9971000012, 1944297.9122999997], [948173.8619000018, 1944299.3349000004], [948222.4035000013, 1944304.8714000024], [948271.6777000029, 1943978.6410000012]]]}, "properties": {"x": "947856", "y": "1943577", "adm_cd": "11200690", "adm_nm": "서울특별시 동작구 신대방1동"}}, {"type": "Feature", "geometry": {"type": "Polygon", "coordinates": [[[949536.7947000035, 1944508.1222000008], [949609.7505000005, 1944431.0137999996], [949592.1953000018, 1944272.7770000026], [949600.9637000023, 1944013.6700000023], [949429.6891000028, 1944133.950600001], [949392.7651000025, 1944125.186600002], [949328.2499000004, 1944041.8776000012], [949202.0751000047, 1943872.1516000044], [949096.7831, 1943613.3443999994], [949093.6581000013, 1943570.1476000028], [948933.4931000011, 1943624.4272000026], [948880.4995000015, 1943634.3003000026], [948816.8529000006, 1943644.9118000022], [948772.6631000009, 1943644.7706999993], [948751.5303000029, 1943643.180400006], [948577.0093000012, 1943613.7625999996], [948549.2273000026, 1943607.7139999995], [948537.3625000019, 1943604.4619999998], [948537.3081000035, 1943567.283199998], [948368.8146000021, 1943490.4114000048], [948271.6777000029, 1943978.6410000012], [948222.4035000013, 1944304.8714000024], [948276.3155000014, 1944311.0010000016], [948314.0969000033, 1944320.6613999994], [948521.2937000017, 1944375.6996000027], [948587.9989000021, 1944393.5161999993], [948679.5339000033, 1944418.3120000036], [948708.5279000031, 1944435.7870000023], [948711.1429000022, 1944437.3804000018], [948715.6907000013, 1944440.1516000018], [948751.2965000028, 1944499.6012000015], [948751.3691000012, 1944500.0988000007], [948753.3657000014, 1944513.7894000025], [948754.0579000039, 1944518.5366000014], [948869.303300001, 1944459.1306000021], [948889.0783000017, 1944452.7462000083], [948891.5297000043, 1944452.5938000025], [948906.2735000028, 1944451.677400006], [948923.2615000026, 1944452.292200005], [948932.9397000009, 1944452.9866000002], [948939.5957000023, 1944454.3748000027], [948957.4047000011, 1944459.9494000059], [949085.665100002, 1944503.9150000007], [949154.2865000026, 1944530.3638000032], [949174.9237000012, 1944539.0144000028], [949229.3675000011, 1944561.7726000082], [949248.781500001, 1944569.8707999992], [949343.8397000032, 1944604.169600002], [949352.4773000006, 1944603.7550000018], [949356.4931000024, 1944603.2380000018], [949377.6575000042, 1944599.3082000022], [949378.391900002, 1944599.035400005], [949390.2329000027, 1944594.557399999], [949470.8847000003, 1944564.0232000016], [949492.0687000004, 1944555.4778000028], [949497.6049000017, 1944553.244400002], [949536.7947000035, 1944508.1222000008]]]}, "properties": {"x": "948776", "y": "1944080", "adm_cd": "11200700", "adm_nm": "서울특별시 동작구 신대방2동"}}, {"type": "Feature", "geometry": {"type": "Polygon", "coordinates": [[[952552.5416000006, 1946018.3572000028], [952716.2966000005, 1945861.5428], [952718.9908999996, 1945859.3063000017], [952783.2197000013, 1945819.5704000008], [952878.4376000015, 1945760.6824000003], [952887.1041000005, 1945755.3418999999], [952902.2882000024, 1945750.2323000021], [952927.4625000008, 1945741.5754000002], [953062.6652000003, 1945694.7104000035], [953066.2303000003, 1945693.4709000012], [953166.8839000005, 1945658.463400002], [953167.3659000009, 1945658.2314999984], [953182.618100001, 1945650.890699999], [953189.5300000011, 1945647.5170000019], [953516.0139000013, 1945485.6449000016], [953390.6631000012, 1945349.0622000007], [953335.1409000019, 1945271.5837999985], [953335.0665000014, 1945269.7197999991], [953335.0633000007, 1945269.6396000013], [953335.0373000014, 1945268.9854000057], [953334.8277000007, 1945263.3885999983], [953333.8583000021, 1945210.6132000023], [953331.0037000012, 1945172.136400002], [953290.2851000011, 1945140.7238000021], [953268.3729000002, 1945124.0750000007], [953233.7153000007, 1945113.6494000028], [952853.5679000013, 1944947.0238000012], [952542.1107000011, 1944558.304800002], [952438.7883000006, 1944378.7652000026], [952180.3965000014, 1944493.5214000037], [951917.677100002, 1944678.2954000002], [951776.6767000005, 1945088.1196000022], [951734.4245000016, 1945259.4448000025], [951797.5753000011, 1945502.6620000005], [951864.6267000004, 1945643.2182], [952106.2489000007, 1945910.3549999993], [952300.8069000023, 1945985.5142000006], [952446.296400002, 1946117.5497999978], [952552.5416000006, 1946018.3572000028]]]}, "properties": {"x": "952471", "y": "1945266", "adm_cd": "11200710", "adm_nm": "서울특별시 동작구 흑석동"}}, {"type": "Feature", "geometry": {"type": "Polygon", "coordinates": [[[951369.3503, 1946618.0208000017], [951386.5999000017, 1946612.1673999997], [952011.4623000015, 1946342.5689999992], [952446.296400002, 1946117.5497999978], [952300.8069000023, 1945985.5142000006], [952106.2489000007, 1945910.3549999993], [951864.6267000004, 1945643.2182], [951797.5753000011, 1945502.6620000005], [951675.4901000019, 1945616.548], [951417.9391000022, 1945533.4126000013], [951323.7852999999, 1945442.809600002], [950567.1915000014, 1945286.4973999993], [950484.113300002, 1945280.848400002], [950481.6043000006, 1945288.3789999995], [950480.5899000012, 1945298.8006000025], [950481.3454999998, 1945305.5840000021], [950585.5065000004, 1945426.4763999989], [950653.8525000003, 1945429.4622000002], [950695.245700002, 1945428.9683999987], [950710.1489000022, 1945428.7906000016], [950710.6675000025, 1945428.7844000002], [950729.6423000011, 1945453.0144000018], [950849.450700001, 1945656.445399999], [950859.0871000013, 1945685.1148000024], [950843.3491000009, 1945724.0439999993], [950761.0541000022, 1945769.344599999], [950659.8099000002, 1945714.729200001], [950654.3125000007, 1945711.4138000007], [950530.2465000022, 1946121.2468000008], [950529.2485000006, 1946162.476399999], [950528.9246000001, 1946175.8528000033], [950528.8416999999, 1946179.2755999998], [950500.3291000011, 1946336.698600002], [950499.9135, 1946338.9880000018], [950499.491700002, 1946341.2753999992], [950499.0661000018, 1946343.5618000026], [950498.6333000017, 1946345.8482000013], [950498.1964999996, 1946348.1328000021], [950497.7529000015, 1946350.4162000003], [950497.3051000017, 1946352.6987999992], [950496.8513000004, 1946354.9804000016], [950496.3925000008, 1946357.261000003], [950495.9279000014, 1946359.540600001], [950495.4581000018, 1946361.8182000015], [950494.9833000016, 1946364.096000004], [950494.502500002, 1946366.3716000048], [950494.0169000016, 1946368.6464], [950493.5251000021, 1946370.920200001], [950493.028300002, 1946373.1930000007], [950487.6343000012, 1946397.7375999996], [950392.8887000009, 1946455.6180000012], [950419.3033000006, 1946456.6576000033], [950453.4805000001, 1946458.420600003], [950541.4747000017, 1946473.2188000001], [950692.2995000014, 1946499.9488000006], [950747.0787000022, 1946509.7628000006], [950803.4127000005, 1946520.2971999994], [950863.5749000022, 1946531.5802000011], [950886.3781000016, 1946535.892800002], [950987.2839000018, 1946554.815], [951140.6981000005, 1946583.0006000032], [951305.9025000018, 1946613.3498000014], [951357.7989000004, 1946622.8212000025], [951364.6931000007, 1946619.9562000008], [951369.3503, 1946618.0208000017]]]}, "properties": {"x": "951317", "y": "1946020", "adm_cd": "11200720", "adm_nm": "서울특별시 동작구 노량진1동"}}, {"type": "Feature", "geometry": {"type": "Polygon", "coordinates": [[[953923.9510000022, 1945381.1212999998], [954076.9513000011, 1945378.2582000014], [954049.6545000011, 1945144.4924000022], [954259.3299000023, 1944849.6400000013], [954341.4675000015, 1944789.4222000006], [954416.0376000004, 1944730.442500006], [954499.3021000009, 1944649.7151000004], [954513.0900000012, 1944635.0325000007], [954317.8663000017, 1944360.4281000006], [954303.0751000007, 1944335.9715000014], [954299.8647000015, 1944329.7657000013], [954294.1249000013, 1944318.325300002], [954292.3531000011, 1944270.4953000015], [954292.1783000004, 1944265.236300001], [954292.1746000015, 1944265.0983], [954289.9803000006, 1944182.3515000017], [954275.6547000001, 1943799.7923000008], [954266.1740000003, 1943641.4663999998], [954216.0006000014, 1943032.6259000008], [953954.6091000012, 1942921.9937999998], [953907.2863000013, 1943190.738199999], [953876.5031000023, 1943186.5918000028], [953866.9423000012, 1943185.3039999981], [953827.9963000005, 1943195.0064000003], [953793.2817000016, 1943203.6552], [953768.6781000011, 1943209.7852000007], [953752.6381000015, 1943216.1977999983], [953751.1811000004, 1943216.8774000027], [953742.9953000001, 1943220.6972000028], [953731.3991000014, 1943228.155799999], [953655.3591000007, 1943332.3506000005], [953446.208500001, 1943634.3747999996], [953394.9093000026, 1943725.6865999992], [953318.8627000009, 1943883.3544000015], [953312.4626000007, 1943909.8994000026], [953311.8483000001, 1943912.4467999996], [953102.7739000011, 1943957.8767999995], [952997.8132000011, 1943978.6322000031], [952933.6867000007, 1943985.4053999996], [952861.4061000024, 1943974.4394000033], [952779.4739000001, 1943957.0248000002], [952753.3205000025, 1943919.433200001], [952723.2285000006, 1943923.233200003], [952698.7711, 1943926.7294000012], [952607.631700002, 1944007.7257999997], [952577.1121000001, 1944044.1718000036], [952523.0186000019, 1944081.1410000022], [952438.7883000006, 1944378.7652000026], [952542.1107000011, 1944558.304800002], [952853.5679000013, 1944947.0238000012], [953233.7153000007, 1945113.6494000028], [953268.3729000002, 1945124.0750000007], [953290.2851000011, 1945140.7238000021], [953331.0037000012, 1945172.136400002], [953333.8583000021, 1945210.6132000023], [953334.8277000007, 1945263.3885999983], [953335.0373000014, 1945268.9854000057], [953335.0633000007, 1945269.6396000013], [953335.0665000014, 1945269.7197999991], [953335.1409000019, 1945271.5837999985], [953390.6631000012, 1945349.0622000007], [953516.0139000013, 1945485.6449000016], [953923.9510000022, 1945381.1212999998]]]}, "properties": {"x": "953584", "y": "1944354", "adm_cd": "11200730", "adm_nm": "서울특별시 동작구 사당2동"}}, {"type": "Feature", "geometry": {"type": "Polygon", "coordinates": [[[949429.6891000028, 1944133.950600001], [949600.9637000023, 1944013.6700000023], [949731.2207000012, 1943930.6920000012], [949826.1782000004, 1943886.907999999], [950189.6177000047, 1943784.4990000005], [950253.6877000018, 1943777.646000001], [950329.1469000003, 1943816.2411999996], [950342.9493000039, 1943827.568500002], [950422.3211000031, 1943758.369500002], [950497.7968000004, 1943308.7525000023], [950498.6281000013, 1943302.4225000024], [950432.9431, 1943143.8701000027], [950045.0573000027, 1943166.7259000028], [949979.8231000018, 1943196.8395000028], [949979.7549000003, 1943201.1418000017], [949510.1123000006, 1943469.201100002], [949491.1765000013, 1943478.7348999982], [949451.3389000008, 1943498.5337000035], [949403.1381000067, 1943518.2809000001], [949394.7302000021, 1943521.701100002], [949381.1188000015, 1943526.7295000008], [949371.0039000022, 1943530.3896999997], [949369.2974000014, 1943530.9445000025], [949359.2443000047, 1943534.2007000018], [949351.0559000007, 1943536.7511000014], [949340.4202000017, 1943540.0611000042], [949327.4943000018, 1943544.0833000003], [949315.5103000016, 1943547.2255000025], [949296.2813999999, 1943552.2105000052], [949283.0233000017, 1943555.585700004], [949280.9099000015, 1943556.123500001], [949278.3377000014, 1943556.6601000014], [949266.9033000016, 1943559.0167000014], [949252.2131000023, 1943561.9306000005], [949247.4449000024, 1943562.8716000002], [949244.463900002, 1943563.4592000009], [949238.0757000016, 1943564.489600001], [949230.0765000009, 1943565.7663000003], [949220.2943000002, 1943567.326800003], [949207.6005000012, 1943569.351199998], [949093.6581000013, 1943570.1476000028], [949096.7831, 1943613.3443999994], [949202.0751000047, 1943872.1516000044], [949328.2499000004, 1944041.8776000012], [949392.7651000025, 1944125.186600002], [949429.6891000028, 1944133.950600001]]]}, "properties": {"x": "950059", "y": "1943616", "adm_cd": "11210520", "adm_nm": "서울특별시 관악구 보라매동"}}, {"type": "Feature", "geometry": {"type": "Polygon", "coordinates": [[[952382.6955000021, 1943827.9222000018], [952370.6443000014, 1943695.3526000003], [952405.0751000012, 1943449.0154000022], [952424.6660000004, 1943235.1250000014], [952430.7247000004, 1943033.2402000013], [952389.6333000006, 1943031.379800002], [951985.9274000018, 1943153.681700001], [952055.3201000007, 1943256.5982999997], [952060.5741000008, 1943264.8949000007], [952081.0356000009, 1943297.2180999997], [952081.7152000009, 1943298.2919000024], [952082.5473000009, 1943301.738700001], [952084.7692000014, 1943310.9436000027], [952084.853600001, 1943311.2935000004], [952090.038300002, 1943351.4915000005], [952089.7376, 1943377.6757000026], [952089.2365000017, 1943381.867900001], [952088.5003000018, 1943388.0269], [952088.197800002, 1943390.5556999994], [952082.1621000005, 1943410.3346999998], [951920.8576999996, 1943722.2366999988], [951972.1593000018, 1943732.1914000022], [951972.3167000015, 1943732.2232000013], [951972.4667000012, 1943732.280000001], [952009.6257000001, 1943749.8010000058], [952009.7655000011, 1943749.8812000016], [952041.1535000022, 1943774.4590000021], [952148.3679000018, 1943862.886800001], [952149.4125, 1943878.0376000023], [952164.2435000014, 1943929.8134000008], [952170.8029000002, 1943951.853200002], [952208.9946000017, 1943976.0390000043], [952239.1923000007, 1943974.8263999992], [952243.888100002, 1943974.3618000024], [952290.7427000024, 1943969.0055999998], [952316.4259000008, 1943948.747000001], [952357.9103000003, 1943914.7595999995], [952386.4235000006, 1943871.974199998], [952382.6955000021, 1943827.9222000018]]]}, "properties": {"x": "952212", "y": "1943492", "adm_cd": "11210540", "adm_nm": "서울특별시 관악구 청림동"}}, {"type": "Feature", "geometry": {"type": "Polygon", "coordinates": [[[952389.6333000006, 1943031.379800002], [952430.7247000004, 1943033.2402000013], [952354.1459000017, 1942854.730200003], [952354.1297000013, 1942854.4702000015], [952353.9039000005, 1942850.5648999996], [952353.2084999997, 1942838.5292000014], [952439.1651000001, 1942713.0348000024], [952531.7129000004, 1942616.612300001], [952605.3383000006, 1942552.7063999989], [952680.0532000011, 1942387.763100001], [952694.9889000007, 1942381.5418999996], [952755.3365000014, 1942356.4049000014], [952815.0623000006, 1942325.7697], [952941.1918000013, 1942204.5236000037], [952983.3353000025, 1942139.1771000004], [953040.9424000022, 1942059.1283000004], [953145.834500001, 1942051.8687], [953156.373800002, 1942051.2193000012], [953164.0128000008, 1942050.748800001], [953183.9147000017, 1941926.144099999], [953184.0216000016, 1941925.8761999994], [953078.9039000015, 1941917.2822999987], [953065.4318000015, 1941917.545099999], [953041.8703000012, 1941919.2096999986], [953040.3033000007, 1941919.3754000005], [953021.5293, 1941921.3859000024], [953021.187000002, 1941921.4343000015], [953010.4015000006, 1941922.9647000022], [953010.0042000007, 1941923.0410999982], [952990.9781999999, 1941926.7054999983], [952967.8538000002, 1941931.7649000017], [952964.1002000016, 1941932.5863000003], [952952.1992000005, 1941935.477900003], [952897.6442000003, 1941953.2005000026], [952897.0565000008, 1941953.4169000015], [952895.1731000007, 1941954.1123000022], [952894.6118000001, 1941954.3216999988], [952893.0663000012, 1941954.9009999996], [952892.9755000006, 1941954.9351000013], [952551.8733999999, 1942127.677500002], [952459.1470000013, 1942175.789500002], [951617.6064000009, 1942591.6041000015], [951933.2859000016, 1943074.6969000022], [951985.9274000018, 1943153.681700001], [952389.6333000006, 1943031.379800002]]]}, "properties": {"x": "952308", "y": "1942543", "adm_cd": "11210570", "adm_nm": "서울특별시 관악구 행운동"}}, {"type": "Feature", "geometry": {"type": "Polygon", "coordinates": [[[952374.7452999996, 1941906.6943000027], [952384.9101000016, 1941905.446], [952392.4023000011, 1941893.7475999992], [952443.4885000009, 1941812.7004000004], [952463.5145000007, 1941772.3755000003], [952471.0549000017, 1941750.9377000001], [952544.8531000008, 1941537.8205999997], [952549.5240000023, 1941521.592600002], [952549.9762000011, 1941520.0200000016], [952550.0710000014, 1941513.5005000022], [952550.3137000005, 1941496.7378000005], [952546.6495000022, 1941471.3060000008], [952540.3758000014, 1941443.6094000004], [952504.7849000008, 1941345.1989999982], [952497.5483000013, 1941331.6865999997], [952487.8805000014, 1941308.6973999997], [952486.961100002, 1941305.0026000007], [952486.7761000004, 1941302.1846000021], [952487.1899000015, 1941300.1728000026], [952487.2817000009, 1941299.7460000017], [952752.563700001, 1940701.6832000022], [952805.0249000014, 1940648.7008000026], [952844.9963000014, 1940608.3334000017], [953067.7839000016, 1940415.2232000013], [953127.3823000002, 1940370.8336000023], [953112.246100001, 1940331.5764000004], [953045.3149000001, 1940218.0624000016], [952984.5989000009, 1940135.4780000015], [952969.6369000011, 1940121.192600003], [952901.0598000011, 1940062.2158000018], [952901.0257000015, 1940062.1863999995], [952824.7005000009, 1939995.6400000015], [952826.0603, 1939785.8358000014], [952768.2859000005, 1939718.6479999993], [952723.5045000004, 1939666.9259999995], [952611.6661000012, 1939709.3104000022], [952386.8873000009, 1939794.497200001], [952024.7235000015, 1940187.163399999], [951853.4755000006, 1940525.763999999], [951856.0277000004, 1940533.2692000028], [951896.3999000018, 1940651.9936000016], [951897.1983000017, 1940654.3416000032], [951892.0111000005, 1940815.0761999993], [951866.2995000011, 1940900.8159999987], [951664.7242999999, 1941364.1104000006], [951587.5305000003, 1941450.220199999], [951625.2559000014, 1941572.4796000042], [951642.5383000008, 1941650.6638000011], [951642.4751000023, 1941699.8452999988], [951641.6651000008, 1941729.8820000004], [951633.8925000023, 1941787.8863999979], [951632.7485000005, 1941796.1382000046], [951630.776100002, 1941810.3638000004], [951627.1087000009, 1941836.8140000012], [951623.9319000009, 1941859.7250000006], [951622.4811000011, 1941868.9005999994], [951620.9530999998, 1941878.5638000001], [951620.4953000012, 1941881.4587000022], [951615.9387000017, 1941910.2720000008], [951613.8025000002, 1941923.7828000013], [951612.526800002, 1941932.3243000035], [951603.5022000021, 1941992.7493999999], [951576.3537000006, 1942175.0524], [951573.9748000021, 1942195.9868000015], [951570.795300002, 1942223.9718000018], [951572.2234000014, 1942249.0420000013], [951576.2262000012, 1942319.302200002], [951576.8519000012, 1942330.2789999982], [951588.9975000003, 1942426.993800001], [951600.1255000017, 1942514.6404000008], [951602.5166000009, 1942527.601100001], [951603.7855000007, 1942534.4788000025], [951608.3395000012, 1942553.3018000012], [951615.9213000007, 1942584.6391999994], [951617.6064000009, 1942591.6041000015], [952459.1470000013, 1942175.789500002], [952374.7452999996, 1941906.6943000027]]]}, "properties": {"x": "952230", "y": "1941081", "adm_cd": "11210580", "adm_nm": "서울특별시 관악구 낙성대동"}}, {"type": "Feature", "geometry": {"type": "Polygon", "coordinates": [[[951167.2242000012, 1943211.1188999997], [951933.2859000016, 1943074.6969000022], [951617.6064000009, 1942591.6041000015], [951049.745400001, 1942670.3003000002], [951107.3962000019, 1943220.0081], [951167.2242000012, 1943211.1188999997]]]}, "properties": {"x": "951380", "y": "1943007", "adm_cd": "11210610", "adm_nm": "서울특별시 관악구 중앙동"}}, {"type": "Feature", "geometry": {"type": "Polygon", "coordinates": [[[953078.9039000015, 1941917.2822999987], [953184.0216000016, 1941925.8761999994], [953191.3730000014, 1941907.5114000011], [953257.644100002, 1941715.1622000015], [953259.2137000016, 1941708.6255000005], [953267.8580000009, 1941672.6248000006], [953256.1395000012, 1941653.4016000018], [953239.8189000005, 1941626.629100001], [953231.2541000013, 1941563.5518000019], [953229.4171000003, 1941547.940200001], [953234.7263000021, 1941267.5132000018], [953237.2223000014, 1941241.6355999997], [953280.6675000025, 1941094.1385], [953410.1590000002, 1940888.872400003], [953484.2921000018, 1940780.6858000015], [953430.9289000009, 1940610.3550000004], [953368.307300002, 1940607.7983000027], [953298.4973000006, 1940574.4260999998], [953230.4955000018, 1940524.031700003], [953156.0871000007, 1940445.2835999997], [953128.1319000017, 1940372.7777999998], [953127.3823000002, 1940370.8336000023], [953067.7839000016, 1940415.2232000013], [952844.9963000014, 1940608.3334000017], [952805.0249000014, 1940648.7008000026], [952752.563700001, 1940701.6832000022], [952487.2817000009, 1941299.7460000017], [952487.1899000015, 1941300.1728000026], [952486.7761000004, 1941302.1846000021], [952486.961100002, 1941305.0026000007], [952487.8805000014, 1941308.6973999997], [952497.5483000013, 1941331.6865999997], [952504.7849000008, 1941345.1989999982], [952540.3758000014, 1941443.6094000004], [952546.6495000022, 1941471.3060000008], [952550.3137000005, 1941496.7378000005], [952550.0710000014, 1941513.5005000022], [952549.9762000011, 1941520.0200000016], [952549.5240000023, 1941521.592600002], [952544.8531000008, 1941537.8205999997], [952471.0549000017, 1941750.9377000001], [952463.5145000007, 1941772.3755000003], [952443.4885000009, 1941812.7004000004], [952392.4023000011, 1941893.7475999992], [952384.9101000016, 1941905.446], [952374.7452999996, 1941906.6943000027], [952459.1470000013, 1942175.789500002], [952551.8733999999, 1942127.677500002], [952892.9755000006, 1941954.9351000013], [952893.0663000012, 1941954.9009999996], [952894.6118000001, 1941954.3216999988], [952895.1731000007, 1941954.1123000022], [952897.0565000008, 1941953.4169000015], [952897.6442000003, 1941953.2005000026], [952952.1992000005, 1941935.477900003], [952964.1002000016, 1941932.5863000003], [952967.8538000002, 1941931.7649000017], [952990.9781999999, 1941926.7054999983], [953010.0042000007, 1941923.0410999982], [953010.4015000006, 1941922.9647000022], [953021.187000002, 1941921.4343000015], [953021.5293, 1941921.3859000024], [953040.3033000007, 1941919.3754000005], [953041.8703000012, 1941919.2096999986], [953065.4318000015, 1941917.545099999], [953078.9039000015, 1941917.2822999987]]]}, "properties": {"x": "952920", "y": "1941288", "adm_cd": "11210620", "adm_nm": "서울특별시 관악구 인헌동"}}, {"type": "Feature", "geometry": {"type": "Polygon", "coordinates": [[[954404.5919000022, 1941324.2016], [954433.4295000011, 1941306.5388000011], [954504.673100001, 1941231.7162000015], [954630.151900001, 1941093.8096000012], [954657.0011000009, 1941063.7826], [954662.9325000014, 1941056.787000003], [954717.7997000017, 1940870.6080000002], [954727.1805000019, 1940823.4616000014], [954732.6101000016, 1940788.9795999993], [954752.8269000005, 1940655.129000003], [954751.5053000015, 1940641.4900000005], [954748.9435000021, 1940618.3422000003], [954745.2455000004, 1940593.716800002], [954721.066700001, 1940485.5248000002], [954688.7843000013, 1940341.1580000028], [954683.3371000008, 1940312.7592000011], [954678.3069000018, 1940275.544600001], [954678.5273000004, 1940249.5479999995], [954680.0494999998, 1940228.3678000015], [954685.4215000008, 1940196.9639999997], [954688.7055000016, 1940184.1712000032], [954695.8391000018, 1940160.6031999986], [954708.3417000001, 1940131.0129999993], [954716.4775000012, 1940115.6735999987], [954775.0966999999, 1940007.891500002], [954653.208500001, 1939945.850800002], [954476.3139000022, 1939900.3350000042], [954398.7839000004, 1939892.3111999999], [954265.9861000013, 1939862.1194000016], [954190.3259000005, 1939844.3383999998], [953529.6580999998, 1939598.364], [953277.9839000024, 1939302.9296000004], [953171.887300001, 1939050.0529999991], [953167.987900002, 1939085.8239999998], [953149.8789000014, 1939225.7084000008], [952916.3783000017, 1939758.8494000018], [952826.0603, 1939785.8358000014], [952824.7005000009, 1939995.6400000015], [952901.0257000015, 1940062.1863999995], [952901.0598000011, 1940062.2158000018], [952969.6369000011, 1940121.192600003], [952984.5989000009, 1940135.4780000015], [953045.3149000001, 1940218.0624000016], [953112.246100001, 1940331.5764000004], [953127.3823000002, 1940370.8336000023], [953128.1319000017, 1940372.7777999998], [953156.0871000007, 1940445.2835999997], [953230.4955000018, 1940524.031700003], [953298.4973000006, 1940574.4260999998], [953368.307300002, 1940607.7983000027], [953430.9289000009, 1940610.3550000004], [953484.2921000018, 1940780.6858000015], [953410.1590000002, 1940888.872400003], [953280.6675000025, 1941094.1385], [953237.2223000014, 1941241.6355999997], [953234.7263000021, 1941267.5132000018], [953229.4171000003, 1941547.940200001], [953231.2541000013, 1941563.5518000019], [953239.8189000005, 1941626.629100001], [953256.1395000012, 1941653.4016000018], [953267.8580000009, 1941672.6248000006], [953259.2137000016, 1941708.6255000005], [953257.644100002, 1941715.1622000015], [953191.3730000014, 1941907.5114000011], [953184.0216000016, 1941925.8761999994], [953183.9147000017, 1941926.144099999], [953222.4016000018, 1941937.344800002], [953310.7387000009, 1941963.053200001], [953337.9153000026, 1941970.9622], [953362.3703000017, 1941977.0742000008], [953517.1467000011, 1942015.756800002], [953876.3299000019, 1942062.5343999984], [954172.5583000001, 1942048.6614999992], [954173.4931000008, 1942022.238400002], [954176.4399000007, 1941981.9896000037], [954182.6489000013, 1941912.8972000007], [954185.1807000015, 1941887.1432000017], [954210.6115000002, 1941746.8712000009], [954211.3305000011, 1941743.5796000005], [954212.9837000013, 1941736.518600003], [954224.3827000019, 1941705.0568000027], [954233.3573000005, 1941680.668200001], [954248.2615000019, 1941640.9320000038], [954258.3831000008, 1941614.1382000027], [954271.8999000008, 1941579.010600004], [954282.2083000015, 1941552.843600001], [954303.7821000008, 1941498.1586000011], [954349.753700002, 1941418.3687999994], [954404.5919000022, 1941324.2016]]]}, "properties": {"x": "953823", "y": "1940672", "adm_cd": "11210630", "adm_nm": "서울특별시 관악구 남현동"}}, {"type": "Feature", "geometry": {"type": "Polygon", "coordinates": [[[949979.2143000001, 1942991.1885000018], [949998.162700002, 1942993.6249000002], [950129.0530000004, 1942967.970900002], [950136.3716000023, 1942965.9279000005], [950149.6063000022, 1942962.2321000006], [950154.8678000009, 1942960.4529000004], [950154.9606000014, 1942960.4215000009], [950158.7985000006, 1942959.0716000018], [950169.2819000017, 1942955.0284999986], [950177.3169999998, 1942951.660100005], [950183.5040000004, 1942949.0503000019], [950193.181400002, 1942944.3199000005], [950203.9246000004, 1942938.8419000017], [950216.238000002, 1942932.4121000054], [950220.4876000016, 1942930.0065000006], [950226.7118000014, 1942926.4704999998], [950233.6952, 1942922.5031000013], [950295.1622000011, 1942887.4683000008], [950295.1306000018, 1942874.696299999], [950294.9617000017, 1942863.9300999998], [950294.322000001, 1942823.1893000023], [950270.2371000018, 1942703.3245], [950163.017200001, 1942588.7052000002], [950146.0807000019, 1942513.8570999994], [950230.527500001, 1942390.2569000009], [950358.9046999998, 1942338.3239000023], [950430.1267000015, 1942297.1616999996], [950437.9077000009, 1942243.4393000023], [950329.6818000018, 1942152.618499999], [950063.1989000014, 1942045.7603999982], [949771.2431000015, 1941998.1497000009], [949621.506900002, 1941943.339500002], [949763.1594000023, 1942320.719700001], [949770.3180000011, 1942329.364300001], [949506.9976000017, 1942658.1873000015], [949506.453800001, 1942658.6975000007], [949312.9591000004, 1942840.1986999982], [949268.8846000015, 1942881.5405000001], [949979.2221000018, 1942994.4761000006], [949979.2143000001, 1942991.1885000018]]]}, "properties": {"x": "949915", "y": "1942727", "adm_cd": "11210640", "adm_nm": "서울특별시 관악구 서원동"}}, {"type": "Feature", "geometry": {"type": "Polygon", "coordinates": [[[949763.1594000023, 1942320.719700001], [949621.506900002, 1941943.339500002], [949528.3885000024, 1941891.685500002], [949458.5951000007, 1941893.6165000019], [949309.0225000002, 1941830.9343000012], [949087.2121000001, 1942148.6673000008], [948946.1800000006, 1942558.12], [948861.1132000025, 1942810.9141000009], [949268.8846000015, 1942881.5405000001], [949312.9591000004, 1942840.1986999982], [949506.453800001, 1942658.6975000007], [949506.9976000017, 1942658.1873000015], [949770.3180000011, 1942329.364300001], [949763.1594000023, 1942320.719700001]]]}, "properties": {"x": "949322", "y": "1942379", "adm_cd": "11210650", "adm_nm": "서울특별시 관악구 신원동"}}, {"type": "Feature", "geometry": {"type": "Polygon", "coordinates": [[[950514.0945000009, 1942149.580800004], [950559.3215000012, 1942087.9137999995], [950862.2534000019, 1941816.2747000002], [951083.755800001, 1941630.6823999982], [951175.5908000018, 1941608.467199999], [951178.0778000009, 1941608.1012], [951195.0011000006, 1941615.743900002], [951205.9142000023, 1941620.6722000013], [951254.3956000016, 1941642.3844000036], [951264.8314000006, 1941646.4918000004], [951285.4532000024, 1941651.4697999984], [951490.4238, 1941524.6309000007], [951517.9993000021, 1941502.660100002], [951522.9456000018, 1941498.7191000027], [951571.7705000001, 1941456.892900001], [951554.1171000008, 1941290.3394000041], [951553.5051999995, 1941286.5800000015], [951553.4126000011, 1941286.2606000034], [951543.1142000017, 1941262.4238000037], [951536.978400001, 1941253.5496000005], [951476.6763000017, 1941181.1522000022], [951468.6136000017, 1941175.5820000023], [951389.6872000007, 1941121.524499998], [951382.2923000016, 1941116.4916000012], [951371.5873000012, 1941110.0825999996], [951351.3157000022, 1941100.2396000018], [951327.4765000008, 1941091.9708000044], [951311.3547000007, 1941087.3126999987], [951289.6941000003, 1941083.7848], [951284.6969000013, 1941083.2336000018], [951272.9349, 1941082.4230000009], [951264.0437000021, 1941082.1461999998], [951261.1443, 1941082.261500001], [951242.3434, 1941083.4465000015], [951220.5868000009, 1941086.9365999994], [951201.3058000014, 1941092.5876000032], [951187.8866000003, 1941096.7051000001], [951177.2053000012, 1941100.4312999984], [951141.3609000009, 1941120.5648000021], [951107.6225000012, 1941143.075099999], [951086.7848000008, 1941167.4186000014], [951065.8077000012, 1941191.0690000013], [951045.6181000003, 1941211.8363999994], [951022.0665000002, 1941235.829800002], [951019.9018999999, 1941237.8425999982], [950975.8575000011, 1941278.6664000035], [950969.0360000023, 1941284.876000001], [950816.6099000005, 1941422.395800003], [950740.9265000015, 1941457.5438000015], [950729.6435000019, 1941457.451200001], [950662.3382000015, 1941456.897600003], [950646.5647000009, 1941456.7677999986], [950389.4839000003, 1941437.8602000028], [949964.5153000003, 1941547.5335000013], [949911.7814000016, 1941688.4801000017], [949528.3885000024, 1941891.685500002], [949621.506900002, 1941943.339500002], [949771.2431000015, 1941998.1497000009], [950063.1989000014, 1942045.7603999982], [950329.6818000018, 1942152.618499999], [950437.9077000009, 1942243.4393000023], [950514.0945000009, 1942149.580800004]]]}, "properties": {"x": "950618", "y": "1941756", "adm_cd": "11210660", "adm_nm": "서울특별시 관악구 서림동"}}, {"type": "Feature", "geometry": {"type": "Polygon", "coordinates": [[[949226.0051000023, 1942926.4116000012], [949239.6421381296, 1942912.141210583], [949268.8846000015, 1942881.5405000001], [948861.1132000025, 1942810.9141000009], [948238.2252000009, 1942669.6765000036], [948175.5656000016, 1943059.1833999988], [948110.0308000019, 1943286.120699999], [948368.8146000021, 1943490.4114000048], [948537.3081000035, 1943567.283199998], [948538.1664999994, 1943567.5814000042], [948554.8829000029, 1943573.3883999984], [948597.6697000004, 1943585.885399999], [948619.6415000001, 1943586.6542000016], [948627.8361000009, 1943586.9408000018], [948713.0701000001, 1943538.685300002], [948732.9765999999, 1943527.4149999993], [948746.4987000013, 1943519.7591999988], [948780.423600002, 1943492.3595999994], [948810.3461000046, 1943466.4622000037], [948828.7571, 1943449.9448000025], [948843.6435000008, 1943436.5890000046], [948860.1302000005, 1943421.7973999996], [948871.8964000032, 1943411.2405000024], [948886.6501000021, 1943394.6905999996], [948899.8191000008, 1943379.918299999], [948908.8677000005, 1943369.7678999996], [948915.7694000017, 1943362.0258000006], [948930.862500001, 1943334.7606000022], [948957.0232000018, 1943287.5015999982], [948962.6315999997, 1943277.369999998], [948984.6371000016, 1943237.6168000037], [949015.1709000018, 1943182.4578000004], [949030.9298000023, 1943162.5556000033], [949155.4016000051, 1943005.3597000013], [949178.8035000018, 1942975.8054000041], [949180.0772000046, 1942974.4724000013], [949226.0051000023, 1942926.4116000012]]]}, "properties": {"x": "948605", "y": "1943109", "adm_cd": "11210680", "adm_nm": "서울특별시 관악구 신사동"}}, {"type": "Feature", "geometry": {"type": "Polygon", "coordinates": [[[949239.6421381296, 1942912.141210583], [949226.0051000023, 1942926.4116000012], [949180.0772000046, 1942974.4724000013], [949178.8035000018, 1942975.8054000041], [949155.4016000051, 1943005.3597000013], [949030.9298000023, 1943162.5556000033], [949015.1709000018, 1943182.4578000004], [948984.6371000016, 1943237.6168000037], [948962.6315999997, 1943277.369999998], [948957.0232000018, 1943287.5015999982], [948930.862500001, 1943334.7606000022], [948915.7694000017, 1943362.0258000006], [948908.8677000005, 1943369.7678999996], [948899.8191000008, 1943379.918299999], [948886.6501000021, 1943394.6905999996], [948871.8964000032, 1943411.2405000024], [948860.1302000005, 1943421.7973999996], [948843.6435000008, 1943436.5890000046], [948828.7571, 1943449.9448000025], [948810.3461000046, 1943466.4622000037], [948780.423600002, 1943492.3595999994], [948746.4987000013, 1943519.7591999988], [948732.9765999999, 1943527.4149999993], [948713.0701000001, 1943538.685300002], [948627.8361000009, 1943586.9408000018], [948619.6415000001, 1943586.6542000016], [948597.6697000004, 1943585.885399999], [948554.8829000029, 1943573.3883999984], [948538.1664999994, 1943567.5814000042], [948537.3081000035, 1943567.283199998], [948537.3625000019, 1943604.4619999998], [948549.2273000026, 1943607.7139999995], [948577.0093000012, 1943613.7625999996], [948751.5303000029, 1943643.180400006], [948772.6631000009, 1943644.7706999993], [948816.8529000006, 1943644.9118000022], [948880.4995000015, 1943634.3003000026], [948933.4931000011, 1943624.4272000026], [949093.6581000013, 1943570.1476000028], [949207.6005000012, 1943569.351199998], [949220.2943000002, 1943567.326800003], [949230.0765000009, 1943565.7663000003], [949238.0757000016, 1943564.489600001], [949244.463900002, 1943563.4592000009], [949247.4449000024, 1943562.8716000002], [949252.2131000023, 1943561.9306000005], [949266.9033000016, 1943559.0167000014], [949278.3377000014, 1943556.6601000014], [949280.9099000015, 1943556.123500001], [949283.0233000017, 1943555.585700004], [949296.2813999999, 1943552.2105000052], [949315.5103000016, 1943547.2255000025], [949327.4943000018, 1943544.0833000003], [949340.4202000017, 1943540.0611000042], [949351.0559000007, 1943536.7511000014], [949359.2443000047, 1943534.2007000018], [949369.2974000014, 1943530.9445000025], [949371.0039000022, 1943530.3896999997], [949381.1188000015, 1943526.7295000008], [949394.7302000021, 1943521.701100002], [949403.1381000067, 1943518.2809000001], [949451.3389000008, 1943498.5337000035], [949491.1765000013, 1943478.7348999982], [949510.1123000006, 1943469.201100002], [949979.7549000003, 1943201.1418000017], [949979.8231000018, 1943196.8395000028], [949979.2221000018, 1942994.4761000006], [949268.8846000015, 1942881.5405000001], [949239.6421381296, 1942912.141210583]]]}, "properties": {"x": "949466", "y": "1943300", "adm_cd": "11210690", "adm_nm": "서울특별시 관악구 신림동"}}, {"type": "Feature", "geometry": {"type": "Polygon", "coordinates": [[[948420.0692000014, 1940985.2761999993], [948482.6946000002, 1941000.978600001], [948483.9010000015, 1941000.9572000024], [948672.218400001, 1940930.4496000009], [948674.1550000007, 1940929.3538000025], [948684.7510000004, 1940922.9140000027], [948715.102800002, 1940903.5415000003], [948705.9864000003, 1940878.5867000003], [948697.5226000003, 1940862.7760999994], [948706.7960000022, 1940850.1939000003], [948750.5822000017, 1940816.2607000063], [948882.7605000001, 1940750.8813000042], [948934.7719000011, 1940742.0351000028], [948967.9489000016, 1940740.5539000002], [948966.2327000003, 1940702.2429000025], [948965.6352000015, 1940652.0582999995], [948965.5684000006, 1940627.6398000014], [948965.5738000007, 1940625.5543000062], [948965.6870000008, 1940614.822500005], [948966.7100000008, 1940552.3829000024], [948967.0055000002, 1940550.3789000025], [948999.0351000009, 1940436.5036999986], [949020.492300002, 1940372.2825000035], [949022.5175000008, 1940369.0357000018], [949030.4679000007, 1940356.290500003], [949035.5277000015, 1940348.2655000049], [949035.0689000018, 1940078.8857000007], [948897.3010000004, 1939870.7615000014], [948451.7103000025, 1939960.2157000026], [948240.3090000018, 1939960.4297999989], [948176.7664000031, 1940017.4146000012], [948172.6721000003, 1940471.5618000007], [948086.856300002, 1940652.1999999993], [948086.4520000016, 1940655.1310000005], [948083.2215000013, 1940679.5201999997], [948081.2265000013, 1940695.2802000043], [948081.8394000013, 1940699.842000002], [948083.6508000002, 1940710.3734000023], [948085.4545000005, 1940720.8596], [948154.9287000014, 1940856.7602999993], [948323.5900999999, 1941013.4085000064], [948420.0692000014, 1940985.2761999993]]]}, "properties": {"x": "948569", "y": "1940425", "adm_cd": "11210710", "adm_nm": "서울특별시 관악구 난향동"}}, {"type": "Feature", "geometry": {"type": "Polygon", "coordinates": [[[948175.5656000016, 1943059.1833999988], [948238.2252000009, 1942669.6765000036], [947817.0954000002, 1942555.9294000005], [947604.1145000011, 1942508.5316999997], [947430.8390000009, 1942477.5026000007], [947426.2725000012, 1942480.7135000005], [947414.8007000003, 1942486.0525000016], [947296.9619000023, 1942459.7000000007], [947290.4383, 1942458.241100003], [947029.253200002, 1942399.8055000012], [947027.5352000007, 1942399.4025999992], [946954.1407000006, 1942382.1900000013], [946857.3916000009, 1942359.5001999997], [946861.6924000003, 1942382.6622000025], [946861.6988000015, 1942382.6948999995], [946861.7236000001, 1942382.819000003], [946863.3838000007, 1942390.5472], [946865.1342000003, 1942398.2652000026], [946866.9940000002, 1942405.9526000004], [946871.0236000008, 1942421.2458000018], [946873.1932000016, 1942428.851399999], [946875.4626000011, 1942436.4267000032], [946877.8318000013, 1942443.9714000023], [946880.3004000008, 1942451.4756000007], [946882.8690000006, 1942458.959300005], [946885.5376000011, 1942466.4026000008], [946888.3158000016, 1942473.8051999984], [946891.1837000009, 1942481.1774000018], [946894.1515000019, 1942488.5089999991], [946897.2091000003, 1942495.8002000009], [946900.3761000012, 1942503.0508000012], [946903.6333000013, 1942510.2510000004], [946904.2116999999, 1942511.484600002], [946910.5065000006, 1942524.579400002], [946916.5578000008, 1942536.5329999994], [946918.3191000016, 1942539.9238000035], [946921.3540000021, 1942545.5844], [946925.1792000023, 1942552.5113999983], [946929.1041000002, 1942559.378400005], [946933.1087, 1942566.1945999982], [946937.2132000017, 1942572.960599999], [946958.0442000023, 1942606.6281000038], [947047.5186000012, 1942741.9455000004], [947237.7199000013, 1943029.580600004], [947237.9089000003, 1943029.7182999998], [947443.7102000018, 1943018.4269999983], [947463.0047000016, 1943018.7447000016], [947494.158300001, 1943023.418099999], [947894.235300002, 1943142.6755999993], [947952.7353000012, 1943165.5475000006], [948010.2685000009, 1943192.7130000014], [948044.9067000016, 1943221.2092000023], [948110.0308000019, 1943286.120699999], [948175.5656000016, 1943059.1833999988]]]}, "properties": {"x": "947604", "y": "1942882", "adm_cd": "11210720", "adm_nm": "서울특별시 관악구 조원동"}}, {"type": "Feature", "geometry": {"type": "Polygon", "coordinates": [[[950389.4839000003, 1941437.8602000028], [950646.5647000009, 1941456.7677999986], [950662.3382000015, 1941456.897600003], [950729.6435000019, 1941457.451200001], [950740.9265000015, 1941457.5438000015], [950816.6099000005, 1941422.395800003], [950969.0360000023, 1941284.876000001], [950975.8575000011, 1941278.6664000035], [951019.9018999999, 1941237.8425999982], [951022.0665000002, 1941235.829800002], [951045.6181000003, 1941211.8363999994], [951065.8077000012, 1941191.0690000013], [951086.7848000008, 1941167.4186000014], [951107.6225000012, 1941143.075099999], [951141.3609000009, 1941120.5648000021], [951177.2053000012, 1941100.4312999984], [951187.8866000003, 1941096.7051000001], [951201.3058000014, 1941092.5876000032], [951220.5868000009, 1941086.9365999994], [951242.3434, 1941083.4465000015], [951261.1443, 1941082.261500001], [951264.0437000021, 1941082.1461999998], [951272.9349, 1941082.4230000009], [951284.6969000013, 1941083.2336000018], [951289.6941000003, 1941083.7848], [951311.3547000007, 1941087.3126999987], [951327.4765000008, 1941091.9708000044], [951351.3157000022, 1941100.2396000018], [951371.5873000012, 1941110.0825999996], [951382.2923000016, 1941116.4916000012], [951389.6872000007, 1941121.524499998], [951468.6136000017, 1941175.5820000023], [951476.6763000017, 1941181.1522000022], [951536.978400001, 1941253.5496000005], [951543.1142000017, 1941262.4238000037], [951553.4126000011, 1941286.2606000034], [951553.5051999995, 1941286.5800000015], [951554.1171000008, 1941290.3394000041], [951571.7705000001, 1941456.892900001], [951587.5305000003, 1941450.220199999], [951664.7242999999, 1941364.1104000006], [951866.2995000011, 1940900.8159999987], [951892.0111000005, 1940815.0761999993], [951897.1983000017, 1940654.3416000032], [951896.3999000018, 1940651.9936000016], [951856.0277000004, 1940533.2692000028], [951853.4755000006, 1940525.763999999], [952024.7235000015, 1940187.163399999], [952386.8873000009, 1939794.497200001], [952611.6661000012, 1939709.3104000022], [952723.5045000004, 1939666.9259999995], [952768.2859000005, 1939718.6479999993], [952826.0603, 1939785.8358000014], [952916.3783000017, 1939758.8494000018], [953149.8789000014, 1939225.7084000008], [953167.987900002, 1939085.8239999998], [953171.887300001, 1939050.0529999991], [953085.3525000018, 1939010.962400001], [953002.715800002, 1938973.5384], [952914.1414000016, 1938932.553200002], [952614.4413000008, 1938699.7876000018], [952583.0263000014, 1938586.651399999], [952582.274100001, 1938583.1876000012], [952615.4192000013, 1938388.5836000023], [952620.2417000006, 1938290.344200003], [952567.9546000006, 1938092.0326000052], [952506.7128999999, 1938046.8472000011], [952495.1262000019, 1938038.3795999992], [952491.509900002, 1938036.2754000009], [952141.8899000017, 1937910.2966000023], [951908.9353000001, 1937870.2618000018], [951281.9269000019, 1937818.0139999995], [951182.3235000019, 1937860.7676000018], [950962.1471999998, 1937715.0469999998], [950910.1803000013, 1937691.2697999985], [950478.4225000022, 1937541.1758000012], [950402.9023000023, 1937576.4005999994], [950333.3647000007, 1937620.002399999], [950260.6826000008, 1937728.128599998], [950219.6025000017, 1937866.6706000012], [950218.4789000016, 1937899.4146000016], [950217.8234000001, 1937926.064400002], [950217.7249999999, 1937931.0940000038], [950231.5483000015, 1937948.9213999982], [950257.5330999997, 1937983.1776000015], [950259.3507000019, 1937987.1974000027], [950272.9533000021, 1938040.013200003], [950262.5963000007, 1938057.436600002], [950228.2418000003, 1938115.0654000032], [950169.9205000005, 1938206.8726000022], [950166.3104000019, 1938212.4206000003], [950012.5743000024, 1938375.7368000029], [949973.0559000003, 1938381.3818000006], [949629.8333000003, 1938628.67], [949629.1731000011, 1938630.511700003], [949626.6473000024, 1938637.5586000008], [949615.9031000008, 1938667.573600001], [949610.0245000005, 1938684.2866000042], [949595.8655000017, 1938729.7820000001], [949613.6271000005, 1938835.7666000002], [949682.5187000013, 1938897.8250999984], [949933.0435000012, 1939137.1327999998], [950137.4493000014, 1939433.3384000035], [950179.5119000021, 1939520.835000004], [950336.356800002, 1939909.6302000016], [950345.3337000012, 1939932.7251999993], [950348.0333000019, 1939939.9822000007], [950349.7697000008, 1939951.5348000033], [950368.5445000004, 1940115.6345999995], [950366.8897000023, 1940123.461500002], [950362.4973000009, 1940143.1185999983], [950355.517900002, 1940173.8994000026], [950350.4577000017, 1940196.2158999995], [950345.519400001, 1940217.1636000015], [949974.6689000004, 1940808.695199999], [949733.4748000004, 1940866.5214000023], [949721.5917999996, 1940880.9553999999], [949721.5863000008, 1940881.0028000022], [949718.6447000012, 1940941.947399999], [949718.9423000014, 1940953.0464000022], [949724.679800001, 1940993.467600002], [949733.692700001, 1941034.986], [949812.7799000017, 1941215.1282000018], [949964.5153000003, 1941547.5335000013], [950389.4839000003, 1941437.8602000028]]]}, "properties": {"x": "951229", "y": "1939426", "adm_cd": "11210730", "adm_nm": "서울특별시 관악구 대학동"}}, {"type": "Feature", "geometry": {"type": "Polygon", "coordinates": [[[950545.5449000017, 1943882.7297000024], [950824.6909000017, 1943828.4931000015], [950935.5355000009, 1943731.7609000024], [950941.2933000014, 1943722.8947000052], [950961.2631000008, 1943692.1424999996], [951033.0185000023, 1943578.2182999998], [951034.313100001, 1943576.1626999981], [951034.2507000014, 1943488.0521000023], [951067.7094000002, 1943319.3441000008], [951073.9388000004, 1943291.3197000015], [951082.2575000024, 1943273.057100001], [951084.8165000007, 1943267.4393000011], [951107.3962000019, 1943220.0081], [951049.745400001, 1942670.3003000002], [950965.6132000014, 1942681.0932000014], [950932.4793000007, 1942685.3438], [950924.1695000001, 1942686.409900002], [950921.6684000014, 1942686.7349000042], [950901.4110000008, 1942689.4229000057], [950797.5494000006, 1942703.2046000026], [950796.0472000012, 1942703.4336000015], [950729.6052000007, 1942713.9664000003], [950675.1926000006, 1942722.5923999986], [950667.1280000017, 1942725.226800003], [950604.6322000009, 1942745.642600002], [950545.3706000014, 1942774.5284000002], [950544.2234000014, 1942775.0876], [950542.9816000009, 1942775.692999999], [950302.2750000022, 1942910.8785000017], [950117.5954000022, 1942994.2868999995], [949979.2221000018, 1942994.4761000006], [949979.8231000018, 1943196.8395000028], [950045.0573000027, 1943166.7259000028], [950432.9431, 1943143.8701000027], [950498.6281000013, 1943302.4225000024], [950497.7968000004, 1943308.7525000023], [950422.3211000031, 1943758.369500002], [950342.9493000039, 1943827.568500002], [950477.3594000009, 1943877.1916000003], [950545.5449000017, 1943882.7297000024]]]}, "properties": {"x": "950683", "y": "1943237", "adm_cd": "11210780", "adm_nm": "서울특별시 관악구 은천동"}}, {"type": "Feature", "geometry": {"type": "Polygon", "coordinates": [[[951211.4334000018, 1943974.1156000018], [951276.7628000003, 1943912.2449999982], [951342.1683000005, 1943867.2490000012], [951376.9363000012, 1943848.8736000024], [951748.606900001, 1943661.6881999993], [951920.8576999996, 1943722.2366999988], [952082.1621000005, 1943410.3346999998], [952088.197800002, 1943390.5556999994], [952088.5003000018, 1943388.0269], [952089.2365000017, 1943381.867900001], [952089.7376, 1943377.6757000026], [952090.038300002, 1943351.4915000005], [952084.853600001, 1943311.2935000004], [952084.7692000014, 1943310.9436000027], [952082.5473000009, 1943301.738700001], [952081.7152000009, 1943298.2919000024], [952081.0356000009, 1943297.2180999997], [952060.5741000008, 1943264.8949000007], [952055.3201000007, 1943256.5982999997], [951985.9274000018, 1943153.681700001], [951933.2859000016, 1943074.6969000022], [951167.2242000012, 1943211.1188999997], [951107.3962000019, 1943220.0081], [951084.8165000007, 1943267.4393000011], [951082.2575000024, 1943273.057100001], [951073.9388000004, 1943291.3197000015], [951067.7094000002, 1943319.3441000008], [951034.2507000014, 1943488.0521000023], [951034.313100001, 1943576.1626999981], [951033.0185000023, 1943578.2182999998], [950961.2631000008, 1943692.1424999996], [950941.2933000014, 1943722.8947000052], [950935.5355000009, 1943731.7609000024], [950824.6909000017, 1943828.4931000015], [951113.0938000001, 1944018.2193999994], [951211.4334000018, 1943974.1156000018]]]}, "properties": {"x": "951476", "y": "1943500", "adm_cd": "11210790", "adm_nm": "서울특별시 관악구 성현동"}}, {"type": "Feature", "geometry": {"type": "Polygon", "coordinates": [[[950117.5954000022, 1942994.2868999995], [950302.2750000022, 1942910.8785000017], [950542.9816000009, 1942775.692999999], [950544.2234000014, 1942775.0876], [950545.3706000014, 1942774.5284000002], [950604.6322000009, 1942745.642600002], [950667.1280000017, 1942725.226800003], [950675.1926000006, 1942722.5923999986], [950729.6052000007, 1942713.9664000003], [950796.0472000012, 1942703.4336000015], [950797.5494000006, 1942703.2046000026], [950901.4110000008, 1942689.4229000057], [950921.6684000014, 1942686.7349000042], [950924.1695000001, 1942686.409900002], [950932.4793000007, 1942685.3438], [950965.6132000014, 1942681.0932000014], [951049.745400001, 1942670.3003000002], [951617.6064000009, 1942591.6041000015], [951615.9213000007, 1942584.6391999994], [951608.3395000012, 1942553.3018000012], [951603.7855000007, 1942534.4788000025], [951602.5166000009, 1942527.601100001], [951600.1255000017, 1942514.6404000008], [951588.9975000003, 1942426.993800001], [951576.8519000012, 1942330.2789999982], [951576.2262000012, 1942319.302200002], [951572.2234000014, 1942249.0420000013], [951570.795300002, 1942223.9718000018], [951573.9748000021, 1942195.9868000015], [951576.3537000006, 1942175.0524], [951603.5022000021, 1941992.7493999999], [951612.526800002, 1941932.3243000035], [951613.8025000002, 1941923.7828000013], [951615.9387000017, 1941910.2720000008], [951620.4953000012, 1941881.4587000022], [951620.9530999998, 1941878.5638000001], [951622.4811000011, 1941868.9005999994], [951623.9319000009, 1941859.7250000006], [951627.1087000009, 1941836.8140000012], [951630.776100002, 1941810.3638000004], [951632.7485000005, 1941796.1382000046], [951633.8925000023, 1941787.8863999979], [951641.6651000008, 1941729.8820000004], [951642.4751000023, 1941699.8452999988], [951642.5383000008, 1941650.6638000011], [951625.2559000014, 1941572.4796000042], [951587.5305000003, 1941450.220199999], [951571.7705000001, 1941456.892900001], [951522.9456000018, 1941498.7191000027], [951517.9993000021, 1941502.660100002], [951490.4238, 1941524.6309000007], [951285.4532000024, 1941651.4697999984], [951264.8314000006, 1941646.4918000004], [951254.3956000016, 1941642.3844000036], [951205.9142000023, 1941620.6722000013], [951195.0011000006, 1941615.743900002], [951178.0778000009, 1941608.1012], [951175.5908000018, 1941608.467199999], [951083.755800001, 1941630.6823999982], [950862.2534000019, 1941816.2747000002], [950559.3215000012, 1942087.9137999995], [950514.0945000009, 1942149.580800004], [950437.9077000009, 1942243.4393000023], [950430.1267000015, 1942297.1616999996], [950358.9046999998, 1942338.3239000023], [950230.527500001, 1942390.2569000009], [950146.0807000019, 1942513.8570999994], [950163.017200001, 1942588.7052000002], [950270.2371000018, 1942703.3245], [950294.322000001, 1942823.1893000023], [950294.9617000017, 1942863.9300999998], [950295.1306000018, 1942874.696299999], [950295.1622000011, 1942887.4683000008], [950233.6952, 1942922.5031000013], [950226.7118000014, 1942926.4704999998], [950220.4876000016, 1942930.0065000006], [950216.238000002, 1942932.4121000054], [950203.9246000004, 1942938.8419000017], [950193.181400002, 1942944.3199000005], [950183.5040000004, 1942949.0503000019], [950177.3169999998, 1942951.660100005], [950169.2819000017, 1942955.0284999986], [950158.7985000006, 1942959.0716000018], [950154.9606000014, 1942960.4215000009], [950154.8678000009, 1942960.4529000004], [950149.6063000022, 1942962.2321000006], [950136.3716000023, 1942965.9279000005], [950129.0530000004, 1942967.970900002], [949998.162700002, 1942993.6249000002], [949979.2143000001, 1942991.1885000018], [949979.2221000018, 1942994.4761000006], [950117.5954000022, 1942994.2868999995]]]}, "properties": {"x": "951101", "y": "1942235", "adm_cd": "11210800", "adm_nm": "서울특별시 관악구 청룡동"}}, {"type": "Feature", "geometry": {"type": "Polygon", "coordinates": [[[949301.6865000016, 1941719.7684999993], [949323.6435000014, 1941665.5569000016], [949250.834900001, 1941200.3349000022], [949162.8499000014, 1941088.2219999982], [949021.1834000025, 1940882.7495000032], [948967.9489000016, 1940740.5539000002], [948934.7719000011, 1940742.0351000028], [948882.7605000001, 1940750.8813000042], [948750.5822000017, 1940816.2607000063], [948706.7960000022, 1940850.1939000003], [948697.5226000003, 1940862.7760999994], [948705.9864000003, 1940878.5867000003], [948715.102800002, 1940903.5415000003], [948684.7510000004, 1940922.9140000027], [948674.1550000007, 1940929.3538000025], [948672.218400001, 1940930.4496000009], [948483.9010000015, 1941000.9572000024], [948482.6946000002, 1941000.978600001], [948420.0692000014, 1940985.2761999993], [948323.5900999999, 1941013.4085000064], [948238.2650000014, 1941135.461100003], [948202.2404000005, 1941298.7157000005], [948255.2220000012, 1941463.5401000064], [948310.9844000016, 1941540.948100001], [948514.7894000015, 1941794.5275000008], [948520.9061000021, 1941800.9931000024], [948673.3832000019, 1941863.8203000003], [948978.1781000007, 1942072.1795], [949010.5952000022, 1942094.9188999995], [949024.2758000009, 1942104.5159000033], [949087.2121000001, 1942148.6673000008], [949309.0225000002, 1941830.9343000012], [949301.6865000016, 1941719.7684999993]]]}, "properties": {"x": "948817", "y": "1941422", "adm_cd": "11210810", "adm_nm": "서울특별시 관악구 난곡동"}}, {"type": "Feature", "geometry": {"type": "Polygon", "coordinates": [[[949458.5951000007, 1941893.6165000019], [949528.3885000024, 1941891.685500002], [949911.7814000016, 1941688.4801000017], [949964.5153000003, 1941547.5335000013], [949812.7799000017, 1941215.1282000018], [949733.692700001, 1941034.986], [949724.679800001, 1940993.467600002], [949718.9423000014, 1940953.0464000022], [949718.6447000012, 1940941.947399999], [949721.5863000008, 1940881.0028000022], [949721.5917999996, 1940880.9553999999], [949733.4748000004, 1940866.5214000023], [949974.6689000004, 1940808.695199999], [950345.519400001, 1940217.1636000015], [950350.4577000017, 1940196.2158999995], [950355.517900002, 1940173.8994000026], [950362.4973000009, 1940143.1185999983], [950366.8897000023, 1940123.461500002], [950368.5445000004, 1940115.6345999995], [950349.7697000008, 1939951.5348000033], [950348.0333000019, 1939939.9822000007], [950345.3337000012, 1939932.7251999993], [950336.356800002, 1939909.6302000016], [950179.5119000021, 1939520.835000004], [950137.4493000014, 1939433.3384000035], [949933.0435000012, 1939137.1327999998], [949682.5187000013, 1938897.8250999984], [949613.6271000005, 1938835.7666000002], [949442.3711000006, 1939156.1390000023], [949450.9646000017, 1939186.947300003], [949452.4390000014, 1939192.9343000026], [949447.4972000017, 1939222.548700001], [949440.0190000006, 1939244.8480999977], [949201.5393000009, 1939459.1867000023], [949195.5374000007, 1939461.8544999992], [949181.1209000006, 1939468.1095000017], [949175.7041000008, 1939466.2676999997], [949141.4719000016, 1939455.3314999985], [949135.7496000014, 1939453.503400001], [949126.6798000007, 1939450.6059], [949124.0191000006, 1939450.0481000007], [948994.8494000002, 1939603.957100002], [948975.1291000007, 1939637.8841000013], [948897.3010000004, 1939870.7615000014], [949035.0689000018, 1940078.8857000007], [949035.5277000015, 1940348.2655000049], [949030.4679000007, 1940356.290500003], [949022.5175000008, 1940369.0357000018], [949020.492300002, 1940372.2825000035], [948999.0351000009, 1940436.5036999986], [948967.0055000002, 1940550.3789000025], [948966.7100000008, 1940552.3829000024], [948965.6870000008, 1940614.822500005], [948965.5738000007, 1940625.5543000062], [948965.5684000006, 1940627.6398000014], [948965.6352000015, 1940652.0582999995], [948966.2327000003, 1940702.2429000025], [948967.9489000016, 1940740.5539000002], [949021.1834000025, 1940882.7495000032], [949162.8499000014, 1941088.2219999982], [949250.834900001, 1941200.3349000022], [949323.6435000014, 1941665.5569000016], [949301.6865000016, 1941719.7684999993], [949309.0225000002, 1941830.9343000012], [949458.5951000007, 1941893.6165000019]]]}, "properties": {"x": "949603", "y": "1940309", "adm_cd": "11210820", "adm_nm": "서울특별시 관악구 삼성동"}}, {"type": "Feature", "geometry": {"type": "Polygon", "coordinates": [[[948946.1800000006, 1942558.12], [949087.2121000001, 1942148.6673000008], [949024.2758000009, 1942104.5159000033], [949010.5952000022, 1942094.9188999995], [948978.1781000007, 1942072.1795], [948673.3832000019, 1941863.8203000003], [948520.9061000021, 1941800.9931000024], [948514.7894000015, 1941794.5275000008], [948310.9844000016, 1941540.948100001], [948255.2220000012, 1941463.5401000064], [948202.2404000005, 1941298.7157000005], [948238.2650000014, 1941135.461100003], [948323.5900999999, 1941013.4085000064], [948154.9287000014, 1940856.7602999993], [948140.8161000018, 1940855.2956000045], [948039.3969000017, 1940904.219399999], [947972.7996, 1941008.9986000005], [947671.435700001, 1941660.4958000013], [947897.157400002, 1941762.6274000015], [947921.9837000016, 1941795.3312], [947952.0763000005, 1941860.732200002], [947993.3769000015, 1942120.8853], [947996.348800001, 1942228.145899999], [947975.8953000021, 1942261.1295000012], [947876.1959000011, 1942288.1603000003], [947840.3434000008, 1942278.1689000009], [947818.8881000007, 1942272.1897000028], [947801.0625000019, 1942261.390100002], [947792.039600001, 1942255.739600001], [947780.6161000023, 1942265.5571000022], [947736.1355000008, 1942336.519100002], [947722.9385000006, 1942357.9639999992], [947715.7685000023, 1942369.6152999988], [947719.6969000015, 1942405.4557000038], [947748.4753000014, 1942473.4247999988], [947817.0954000002, 1942555.9294000005], [948238.2252000009, 1942669.6765000036], [948861.1132000025, 1942810.9141000009], [948946.1800000006, 1942558.12]]]}, "properties": {"x": "948323", "y": "1942022", "adm_cd": "11210830", "adm_nm": "서울특별시 관악구 미성동"}}, {"type": "Feature", "geometry": {"type": "Polygon", "coordinates": [[[958141.235000001, 1942616.3898000037], [958179.1917000017, 1942478.2787000043], [958054.7586000019, 1942509.2872000015], [957948.961300002, 1942481.7789000024], [957938.7085000004, 1942462.9803000027], [957942.7198000019, 1942445.381500006], [957952.4237000013, 1942402.8100000054], [957710.882700002, 1942132.5989], [957660.2710000018, 1942109.670200001], [957595.4540000001, 1942091.3055000016], [957540.6654000019, 1942086.4004000071], [957512.8526000008, 1942191.937700001], [957451.6310000012, 1942428.8434], [957492.938000001, 1942457.1208000004], [957488.021, 1942473.143700002], [957450.4038000007, 1942595.7258000001], [957345.7989000012, 1942743.2659000033], [957149.0207000005, 1943150.4736000025], [957125.8980000019, 1943199.8349000015], [957117.557500002, 1943217.6401000004], [957109.8222000013, 1943250.7061999992], [957098.8645000006, 1943297.5479999995], [957087.2784000019, 1943347.0768000004], [957087.2577000016, 1943347.2285000016], [957087.2329000006, 1943347.410399999], [957087.2055000006, 1943347.6130000036], [957060.2184000006, 1943547.8605000032], [957040.1397000016, 1943696.8489000036], [957019.9937000009, 1943868.2472000006], [957018.7630000013, 1943878.7189000081], [957014.1569999997, 1943917.9105999998], [957012.0207000016, 1943936.0928000002], [957011.9552000002, 1943936.650299999], [957682.9087000014, 1944191.1370999992], [957845.8117000023, 1943634.4706999997], [957946.6591000002, 1943302.6977999997], [958008.8528000007, 1943098.0891999996], [958141.235000001, 1942616.3898000037]]]}, "properties": {"x": "957573", "y": "1943195", "adm_cd": "11220510", "adm_nm": "서울특별시 서초구 서초1동"}}, {"type": "Feature", "geometry": {"type": "Polygon", "coordinates": [[[958788.7466000009, 1942890.6337000013], [958835.0848000007, 1942710.4155000031], [958827.2633000005, 1942654.650599998], [958670.311100001, 1942522.3594000004], [958655.0933999999, 1942514.710900003], [958649.1582000018, 1942511.9606000008], [958606.2618000021, 1942492.0838000015], [958482.7624000009, 1942444.2148000018], [958386.3751999998, 1942472.4949000021], [958357.928400001, 1942502.469200002], [958343.339300002, 1942515.9763999982], [958335.014200001, 1942521.0776000062], [958318.0082000009, 1942531.4977999995], [958278.8797000011, 1942528.1372999996], [958179.1917000017, 1942478.2787000043], [958141.235000001, 1942616.3898000037], [958008.8528000007, 1943098.0891999996], [957946.6591000002, 1943302.6977999997], [957845.8117000023, 1943634.4706999997], [957682.9087000014, 1944191.1370999992], [958243.3233000017, 1944404.0770000017], [958593.2012000005, 1943470.5228000022], [958809.2271000001, 1942894.1039], [958788.7466000009, 1942890.6337000013]]]}, "properties": {"x": "958267", "y": "1943389", "adm_cd": "11220520", "adm_nm": "서울특별시 서초구 서초2동"}}, {"type": "Feature", "geometry": {"type": "Polygon", "coordinates": [[[956914.1131000011, 1944474.7480000025], [957011.9552000002, 1943936.650299999], [957012.0207000016, 1943936.0928000002], [957014.1569999997, 1943917.9105999998], [957018.7630000013, 1943878.7189000081], [957019.9937000009, 1943868.2472000006], [957040.1397000016, 1943696.8489000036], [957060.2184000006, 1943547.8605000032], [957087.2055000006, 1943347.6130000036], [957087.2329000006, 1943347.410399999], [957087.2577000016, 1943347.2285000016], [957087.2784000019, 1943347.0768000004], [957098.8645000006, 1943297.5479999995], [957109.8222000013, 1943250.7061999992], [957117.557500002, 1943217.6401000004], [957125.8980000019, 1943199.8349000015], [957149.0207000005, 1943150.4736000025], [957345.7989000012, 1942743.2659000033], [957450.4038000007, 1942595.7258000001], [957488.021, 1942473.143700002], [957492.938000001, 1942457.1208000004], [957451.6310000012, 1942428.8434], [957512.8526000008, 1942191.937700001], [957540.6654000019, 1942086.4004000071], [957340.3891000019, 1942028.492399999], [957331.4187000003, 1942024.9452000028], [957299.9350000034, 1942011.8309000032], [957289.8388000025, 1942005.0348], [957253.3377000045, 1941979.8216000032], [957252.5536000016, 1941978.9700000081], [956879.1818000025, 1941668.391700002], [956682.7155000011, 1941593.0218000028], [956679.4380000001, 1941601.9361000003], [956653.9166000006, 1941665.2237000023], [956635.2046, 1941710.3669000003], [956547.994800002, 1941917.399100001], [956503.2196000009, 1942006.2851000002], [956460.6189000004, 1942076.4606000027], [956414.0586000008, 1942135.0714999991], [956267.5221000013, 1942316.210300004], [956059.5392000024, 1942504.9919000012], [955991.5177, 1942679.7104000058], [955990.9936000009, 1942680.4009000002], [955949.0826000024, 1942768.4368000012], [955866.4568000016, 1942819.7668000022], [955861.795300002, 1942836.9432000017], [955834.6924000005, 1943372.1606000012], [955834.7538000015, 1943378.1029999994], [955838.5998000008, 1943449.3353000009], [955841.7970000005, 1943502.5104000005], [955825.9911000016, 1943735.464000001], [955876.3421000001, 1943732.9382000002], [955911.0061000007, 1943753.1232000024], [955933.3687000005, 1943785.5638000008], [956090.3617000014, 1944019.6722000013], [956092.5171000018, 1944024.3575000074], [956109.5632999997, 1944066.0594000013], [956114.4156000006, 1944085.477500004], [956115.630000001, 1944090.5492000002], [956115.1238000013, 1944099.0829000007], [956115.1070000017, 1944099.3650000077], [956112.0298000005, 1944151.2328000008], [956113.9472000015, 1944194.8444999983], [956240.8008000025, 1944275.360600002], [956381.0464000021, 1944280.0278000003], [956577.9892000004, 1944284.7197000007], [956702.1457000013, 1944339.0076000004], [956658.1944000013, 1944388.7630000035], [956635.5254000009, 1944414.4257999999], [956582.5573000025, 1944474.3910000054], [956906.2281000016, 1944523.2178000002], [956914.1131000011, 1944474.7480000025]]]}, "properties": {"x": "956629", "y": "1943037", "adm_cd": "11220530", "adm_nm": "서울특별시 서초구 서초3동"}}, {"type": "Feature", "geometry": {"type": "Polygon", "coordinates": [[[958026.0174000012, 1944983.9094999982], [958243.3233000017, 1944404.0770000017], [957682.9087000014, 1944191.1370999992], [957011.9552000002, 1943936.650299999], [956914.1131000011, 1944474.7480000025], [956906.2281000016, 1944523.2178000002], [956909.848400001, 1944586.2053999985], [957017.5287000015, 1944623.1317000017], [957492.3457000025, 1944832.5495999993], [957504.9817000007, 1944972.0886999993], [957971.5410000009, 1945129.2678999985], [958026.0174000012, 1944983.9094999982]]]}, "properties": {"x": "957557", "y": "1944520", "adm_cd": "11220540", "adm_nm": "서울특별시 서초구 서초4동"}}, {"type": "Feature", "geometry": {"type": "Polygon", "coordinates": [[[956577.8195000014, 1947479.3905000002], [956889.2790000022, 1947220.0581999996], [956983.4208000014, 1947143.0648999996], [957043.5660000015, 1947226.1640000013], [957088.2476000008, 1947289.411600003], [957102.7898000024, 1947310.6315999995], [957140.6120000011, 1947362.5538000022], [957165.1444000016, 1947392.9510999986], [957165.2798000013, 1947393.1188000022], [957315.2389000019, 1947190.3292000005], [957315.9435000003, 1947189.0994999995], [957362.9121000022, 1947107.1099999994], [957392.0229000021, 1947056.2934000026], [957392.5349000015, 1947055.3995999987], [957404.701200001, 1947003.0976000025], [957518.5012000008, 1946513.8759000027], [957539.8043000016, 1946422.294399999], [957696.1354000021, 1945865.563200003], [956842.2891000006, 1945546.5225000018], [956807.2753000013, 1945739.6980000017], [956662.3803000017, 1945979.2276000008], [956559.5614000009, 1946120.972000004], [956541.5529000014, 1946304.3390999995], [956542.1398000019, 1946426.0395000002], [956037.4086000004, 1946936.1667000023], [956099.3991000014, 1946989.905500002], [956495.9714000023, 1947375.4213999987], [956577.8195000014, 1947479.3905000002]]]}, "properties": {"x": "956944", "y": "1946539", "adm_cd": "11220550", "adm_nm": "서울특별시 서초구 잠원동"}}, {"type": "Feature", "geometry": {"type": "Polygon", "coordinates": [[[955121.8225000007, 1945383.0991999996], [955084.0213000008, 1945283.9280000003], [955083.1286000012, 1945266.0506000002], [955082.5722000024, 1945254.906400003], [955086.4489000011, 1945212.6062000026], [955154.212300001, 1945085.093199999], [955265.0051999998, 1944962.6556000018], [955277.6483000016, 1944954.465399998], [955279.5399000006, 1944948.8686000016], [955323.3673000012, 1944818.7153999987], [955325.0904000017, 1944813.598099998], [955018.1117000016, 1944593.878600007], [954927.6489000006, 1944556.5721000063], [954925.850900001, 1944555.8308000024], [954878.0755000006, 1944539.6260000076], [954874.5865000002, 1944538.4530000011], [954829.4854000013, 1944523.2948000021], [954811.6173000019, 1944517.29], [954668.0592000019, 1944497.436600001], [954513.0900000012, 1944635.0325000007], [954499.3021000009, 1944649.7151000004], [954416.0376000004, 1944730.442500006], [954341.4675000015, 1944789.4222000006], [954259.3299000023, 1944849.6400000013], [954049.6545000011, 1945144.4924000022], [954076.9513000011, 1945378.2582000014], [954254.2568000013, 1945376.9175000002], [954320.7425000009, 1945375.0968999993], [954362.5091000015, 1945374.9158999994], [954378.9437000012, 1945374.8447000016], [954478.5831000018, 1945375.900300002], [954529.9574999999, 1945376.4448000006], [954531.3265000012, 1945376.5164000024], [954763.2204000009, 1945745.9064999996], [954911.589600001, 1945976.9682999994], [954911.6882999998, 1945976.759600005], [954948.6997000005, 1945896.985000005], [954971.6325000022, 1945846.7167999991], [955151.7207000008, 1945451.9524000003], [955154.8559000003, 1945445.0788000058], [955156.6989000007, 1945441.0377999994], [955156.685100002, 1945441.0054000076], [955138.356300002, 1945398.4286000011], [955121.8225000007, 1945383.0991999996]]]}, "properties": {"x": "954734", "y": "1945115", "adm_cd": "11220560", "adm_nm": "서울특별시 서초구 반포본동"}}, {"type": "Feature", "geometry": {"type": "Polygon", "coordinates": [[[957504.9817000007, 1944972.0886999993], [957492.3457000025, 1944832.5495999993], [957017.5287000015, 1944623.1317000017], [956909.848400001, 1944586.2053999985], [956864.5319000018, 1944844.0998000004], [956694.2076000007, 1945250.3917999992], [956608.1749000007, 1945459.0242000003], [956842.2891000006, 1945546.5225000018], [957696.1354000021, 1945865.563200003], [957971.5410000009, 1945129.2678999985], [957504.9817000007, 1944972.0886999993]]]}, "properties": {"x": "957289", "y": "1945350", "adm_cd": "11220570", "adm_nm": "서울특별시 서초구 반포1동"}}, {"type": "Feature", "geometry": {"type": "Polygon", "coordinates": [[[955939.9862000009, 1945136.2858000007], [956062.7293000008, 1944947.7798000015], [956077.0517000009, 1944918.3904000027], [956081.175900002, 1944877.7890000022], [956066.8811000016, 1944858.1200000015], [955923.2185000008, 1944784.0903999996], [955348.1363000004, 1944498.8846000042], [955322.7259000014, 1944488.542499999], [955296.4295000001, 1944477.8397999993], [955273.8885000017, 1944468.6664000002], [955211.2605000017, 1944451.9198000003], [955173.3977000013, 1944445.6866000001], [955122.3609000014, 1944443.944599999], [955112.2151000008, 1944443.5984000002], [954982.3187999998, 1944443.506600003], [954811.6173000019, 1944517.29], [954829.4854000013, 1944523.2948000021], [954874.5865000002, 1944538.4530000011], [954878.0755000006, 1944539.6260000076], [954925.850900001, 1944555.8308000024], [954927.6489000006, 1944556.5721000063], [955018.1117000016, 1944593.878600007], [955325.0904000017, 1944813.598099998], [955323.3673000012, 1944818.7153999987], [955279.5399000006, 1944948.8686000016], [955277.6483000016, 1944954.465399998], [955265.0051999998, 1944962.6556000018], [955154.212300001, 1945085.093199999], [955086.4489000011, 1945212.6062000026], [955082.5722000024, 1945254.906400003], [955083.1286000012, 1945266.0506000002], [955084.0213000008, 1945283.9280000003], [955121.8225000007, 1945383.0991999996], [955138.356300002, 1945398.4286000011], [955156.685100002, 1945441.0054000076], [955156.6989000007, 1945441.0377999994], [955154.8559000003, 1945445.0788000058], [955151.7207000008, 1945451.9524000003], [954971.6325000022, 1945846.7167999991], [954948.6997000005, 1945896.985000005], [954911.6882999998, 1945976.759600005], [954911.589600001, 1945976.9682999994], [954954.9323000011, 1946044.5392000033], [954990.847400001, 1946100.414200002], [955222.0592000004, 1946282.9300000053], [955433.8199000016, 1946450.0912999986], [955447.4249000011, 1946460.8308000024], [955559.4131000004, 1946548.4682000005], [955587.7880000011, 1946570.673100002], [955899.8595000019, 1946169.7522], [955912.983500002, 1946151.5774000036], [955761.6586000007, 1946058.1314000003], [955614.5376000023, 1945967.2814000016], [955613.584100001, 1945966.692600002], [955820.5605000008, 1945427.5456000003], [955826.0367000017, 1945413.4634000082], [955845.9141000002, 1945362.3495999998], [955908.9228000004, 1945200.3260000004], [955939.9862000009, 1945136.2858000007]]]}, "properties": {"x": "955458", "y": "1945459", "adm_cd": "11220580", "adm_nm": "서울특별시 서초구 반포2동"}}, {"type": "Feature", "geometry": {"type": "Polygon", "coordinates": [[[956542.1398000019, 1946426.0395000002], [956541.5529000014, 1946304.3390999995], [956559.5614000009, 1946120.972000004], [956662.3803000017, 1945979.2276000008], [956807.2753000013, 1945739.6980000017], [956842.2891000006, 1945546.5225000018], [956608.1749000007, 1945459.0242000003], [955908.9228000004, 1945200.3260000004], [955845.9141000002, 1945362.3495999998], [955826.0367000017, 1945413.4634000082], [955820.5605000008, 1945427.5456000003], [955613.584100001, 1945966.692600002], [955614.5376000023, 1945967.2814000016], [955761.6586000007, 1946058.1314000003], [955912.983500002, 1946151.5774000036], [955899.8595000019, 1946169.7522], [955587.7880000011, 1946570.673100002], [956037.4086000004, 1946936.1667000023], [956542.1398000019, 1946426.0395000002]]]}, "properties": {"x": "956169", "y": "1946014", "adm_cd": "11220590", "adm_nm": "서울특별시 서초구 반포3동"}}, {"type": "Feature", "geometry": {"type": "Polygon", "coordinates": [[[956694.2076000007, 1945250.3917999992], [956864.5319000018, 1944844.0998000004], [956909.848400001, 1944586.2053999985], [956906.2281000016, 1944523.2178000002], [956582.5573000025, 1944474.3910000054], [956635.5254000009, 1944414.4257999999], [956658.1944000013, 1944388.7630000035], [956702.1457000013, 1944339.0076000004], [956577.9892000004, 1944284.7197000007], [956381.0464000021, 1944280.0278000003], [956240.8008000025, 1944275.360600002], [956113.9472000015, 1944194.8444999983], [956112.0298000005, 1944151.2328000008], [956115.1070000017, 1944099.3650000077], [956115.1238000013, 1944099.0829000007], [956115.630000001, 1944090.5492000002], [956114.4156000006, 1944085.477500004], [956109.5632999997, 1944066.0594000013], [956092.5171000018, 1944024.3575000074], [956090.3617000014, 1944019.6722000013], [955933.3687000005, 1943785.5638000008], [955911.0061000007, 1943753.1232000024], [955876.3421000001, 1943732.9382000002], [955825.9911000016, 1943735.464000001], [955529.2575000024, 1943979.3286000006], [955398.1601000014, 1943984.4442999987], [955391.5940000007, 1944051.0917000007], [955335.2005000003, 1944171.622400003], [955312.5051999997, 1944196.2698000013], [955293.3796000001, 1944215.2424000003], [955178.7878000012, 1944269.530300002], [955044.8750000005, 1944340.8333999994], [955043.7099000011, 1944341.8184999977], [955035.784200001, 1944348.5198000027], [955032.3276000012, 1944351.4426000006], [955017.5931000013, 1944363.9299999997], [955007.8999000012, 1944372.215600001], [954982.1878000014, 1944418.7195000025], [954982.1986000016, 1944420.778400001], [954982.3187999998, 1944443.506600003], [955112.2151000008, 1944443.5984000002], [955122.3609000014, 1944443.944599999], [955173.3977000013, 1944445.6866000001], [955211.2605000017, 1944451.9198000003], [955273.8885000017, 1944468.6664000002], [955296.4295000001, 1944477.8397999993], [955322.7259000014, 1944488.542499999], [955348.1363000004, 1944498.8846000042], [955923.2185000008, 1944784.0903999996], [956066.8811000016, 1944858.1200000015], [956081.175900002, 1944877.7890000022], [956077.0517000009, 1944918.3904000027], [956062.7293000008, 1944947.7798000015], [955939.9862000009, 1945136.2858000007], [955908.9228000004, 1945200.3260000004], [956608.1749000007, 1945459.0242000003], [956694.2076000007, 1945250.3917999992]]]}, "properties": {"x": "956099", "y": "1944585", "adm_cd": "11220600", "adm_nm": "서울특별시 서초구 반포4동"}}, {"type": "Feature", "geometry": {"type": "Polygon", "coordinates": [[[954668.0592000019, 1944497.436600001], [954811.6173000019, 1944517.29], [954982.3187999998, 1944443.506600003], [954982.1986000016, 1944420.778400001], [954982.1878000014, 1944418.7195000025], [955007.8999000012, 1944372.215600001], [955017.5931000013, 1944363.9299999997], [955032.3276000012, 1944351.4426000006], [955035.784200001, 1944348.5198000027], [955043.7099000011, 1944341.8184999977], [955044.8750000005, 1944340.8333999994], [955178.7878000012, 1944269.530300002], [955293.3796000001, 1944215.2424000003], [955312.5051999997, 1944196.2698000013], [955335.2005000003, 1944171.622400003], [955391.5940000007, 1944051.0917000007], [955398.1601000014, 1943984.4442999987], [955118.887500002, 1943932.259600001], [955008.5804000013, 1943880.177800001], [954956.0376000023, 1943855.3687999994], [954955.2077000018, 1943854.959400002], [954954.5913000004, 1943854.6553000016], [954870.4878000005, 1943813.1384000005], [954870.476400001, 1943810.9988000032], [954870.434500002, 1943803.0991999991], [954859.9359000016, 1943797.9046000002], [954841.612300002, 1943788.8786000018], [954595.278200001, 1943667.7623000008], [954557.8518000008, 1943650.1236000024], [954517.5631000012, 1943639.1416000011], [954266.1740000003, 1943641.4663999998], [954275.6547000001, 1943799.7923000008], [954289.9803000006, 1944182.3515000017], [954292.1746000015, 1944265.0983], [954292.1783000004, 1944265.236300001], [954292.3531000011, 1944270.4953000015], [954294.1249000013, 1944318.325300002], [954299.8647000015, 1944329.7657000013], [954303.0751000007, 1944335.9715000014], [954317.8663000017, 1944360.4281000006], [954513.0900000012, 1944635.0325000007], [954668.0592000019, 1944497.436600001]]]}, "properties": {"x": "954719", "y": "1944204", "adm_cd": "11220610", "adm_nm": "서울특별시 서초구 방배본동"}}, {"type": "Feature", "geometry": {"type": "Polygon", "coordinates": [[[955949.0826000024, 1942768.4368000012], [955990.9936000009, 1942680.4009000002], [955733.6844000003, 1942609.332400002], [955637.3280000016, 1942599.8260000013], [955585.1828000012, 1942587.4714000032], [955584.4234000006, 1942587.291400002], [955463.7575000004, 1942540.516700001], [955407.7345000014, 1942518.7991999998], [955371.7553000008, 1942504.8512000022], [955341.5284000018, 1942492.648800001], [955284.9489000009, 1942469.8064000006], [955230.6411, 1942447.8810000042], [954967.7237000014, 1942969.9701000033], [954879.7068000018, 1943144.3652000017], [955841.7970000005, 1943502.5104000005], [955838.5998000008, 1943449.3353000009], [955834.7538000015, 1943378.1029999994], [955834.6924000005, 1943372.1606000012], [955861.795300002, 1942836.9432000017], [955866.4568000016, 1942819.7668000022], [955949.0826000024, 1942768.4368000012]]]}, "properties": {"x": "955458", "y": "1942963", "adm_cd": "11220620", "adm_nm": "서울특별시 서초구 방배1동"}}, {"type": "Feature", "geometry": {"type": "Polygon", "coordinates": [[[954967.7237000014, 1942969.9701000033], [955230.6411, 1942447.8810000042], [955117.7134000002, 1942402.3772000028], [954989.827100001, 1942350.8456000006], [954965.8055000014, 1942341.1657999996], [954933.9813000021, 1942328.3417999991], [954911.3593, 1942315.590000002], [954908.2845000003, 1942313.824200001], [954670.3982999998, 1942166.8794000016], [954664.4215000012, 1942162.4770000014], [954656.205500002, 1942156.4252000004], [954639.3001000017, 1942143.9722000044], [954619.3993000006, 1942124.6382000027], [954612.6347000004, 1942118.0654000025], [954606.4641000021, 1942112.0696000003], [954588.0589000017, 1942064.6111000022], [954558.4284000016, 1941988.2059999998], [954554.7569000022, 1941972.0662999982], [954523.2869999995, 1941833.7090000026], [954637.0265000007, 1941578.1375999993], [954710.3189000017, 1941464.9042000081], [954751.9735000008, 1941424.413600002], [954915.2611000005, 1941299.5842000009], [954949.0315000013, 1941284.667], [955067.1087000004, 1941277.7852999987], [955093.8888999999, 1941290.8435999998], [955130.0592000003, 1941293.6863000006], [955321.9972000022, 1941186.8356000022], [955456.3765000011, 1940945.5877000075], [955535.5359000007, 1940671.5059999996], [955540.7035000015, 1940653.2354000043], [955550.9103000012, 1940616.3198000025], [955496.585500001, 1940415.3379999995], [955277.1103000004, 1940366.3617999998], [955014.7569000025, 1940225.1778000018], [954889.3205000019, 1940134.0316000008], [954775.0966999999, 1940007.891500002], [954716.4775000012, 1940115.6735999987], [954708.3417000001, 1940131.0129999993], [954695.8391000018, 1940160.6031999986], [954688.7055000016, 1940184.1712000032], [954685.4215000008, 1940196.9639999997], [954680.0494999998, 1940228.3678000015], [954678.5273000004, 1940249.5479999995], [954678.3069000018, 1940275.544600001], [954683.3371000008, 1940312.7592000011], [954688.7843000013, 1940341.1580000028], [954721.066700001, 1940485.5248000002], [954745.2455000004, 1940593.716800002], [954748.9435000021, 1940618.3422000003], [954751.5053000015, 1940641.4900000005], [954752.8269000005, 1940655.129000003], [954732.6101000016, 1940788.9795999993], [954727.1805000019, 1940823.4616000014], [954717.7997000017, 1940870.6080000002], [954662.9325000014, 1941056.787000003], [954657.0011000009, 1941063.7826], [954630.151900001, 1941093.8096000012], [954504.673100001, 1941231.7162000015], [954433.4295000011, 1941306.5388000011], [954404.5919000022, 1941324.2016], [954349.753700002, 1941418.3687999994], [954303.7821000008, 1941498.1586000011], [954282.2083000015, 1941552.843600001], [954271.8999000008, 1941579.010600004], [954258.3831000008, 1941614.1382000027], [954248.2615000019, 1941640.9320000038], [954233.3573000005, 1941680.668200001], [954224.3827000019, 1941705.0568000027], [954212.9837000013, 1941736.518600003], [954211.3305000011, 1941743.5796000005], [954210.6115000002, 1941746.8712000009], [954185.1807000015, 1941887.1432000017], [954182.6489000013, 1941912.8972000007], [954176.4399000007, 1941981.9896000037], [954173.4931000008, 1942022.238400002], [954172.5583000001, 1942048.6614999992], [954211.5447000007, 1942941.0513999998], [954215.9478000012, 1943031.5450999998], [954879.7068000018, 1943144.3652000017], [954967.7237000014, 1942969.9701000033]]]}, "properties": {"x": "954370", "y": "1941578", "adm_cd": "11220630", "adm_nm": "서울특별시 서초구 방배2동"}}, {"type": "Feature", "geometry": {"type": "Polygon", "coordinates": [[[955991.5177, 1942679.7104000058], [956059.5392000024, 1942504.9919000012], [956267.5221000013, 1942316.210300004], [956414.0586000008, 1942135.0714999991], [956460.6189000004, 1942076.4606000027], [956503.2196000009, 1942006.2851000002], [956547.994800002, 1941917.399100001], [956635.2046, 1941710.3669000003], [956653.9166000006, 1941665.2237000023], [956679.4380000001, 1941601.9361000003], [956682.7155000011, 1941593.0218000028], [956673.4424000045, 1941567.3934], [956639.6490000027, 1941519.8110000002], [956616.5664000008, 1941487.6943], [956599.2148000011, 1941464.059900003], [956580.5790000013, 1941439.011800002], [956524.0025000012, 1941462.2532000039], [956510.9452999999, 1941467.6171000004], [956463.4683999997, 1941443.3475000025], [956305.1150000002, 1941361.9250000035], [956277.6448000023, 1941337.8744000036], [956178.9446000014, 1941188.8893000004], [956124.0855000012, 1941095.9000999993], [956110.8060000003, 1941060.785100003], [956027.286600002, 1940995.1265999994], [955958.9947000018, 1940991.3646000023], [955767.2868999997, 1940997.4004000002], [955557.9645000002, 1941010.6675999993], [955535.3319, 1941007.6636], [955524.5981000012, 1941005.2294000033], [955518.9123000021, 1941003.939799999], [955498.1855000013, 1940992.1480000026], [955456.3765000011, 1940945.5877000075], [955321.9972000022, 1941186.8356000022], [955130.0592000003, 1941293.6863000006], [955093.8888999999, 1941290.8435999998], [955067.1087000004, 1941277.7852999987], [954949.0315000013, 1941284.667], [954915.2611000005, 1941299.5842000009], [954751.9735000008, 1941424.413600002], [954710.3189000017, 1941464.9042000081], [954637.0265000007, 1941578.1375999993], [954523.2869999995, 1941833.7090000026], [954554.7569000022, 1941972.0662999982], [954558.4284000016, 1941988.2059999998], [954588.0589000017, 1942064.6111000022], [954606.4641000021, 1942112.0696000003], [954612.6347000004, 1942118.0654000025], [954619.3993000006, 1942124.6382000027], [954639.3001000017, 1942143.9722000044], [954656.205500002, 1942156.4252000004], [954664.4215000012, 1942162.4770000014], [954670.3982999998, 1942166.8794000016], [954908.2845000003, 1942313.824200001], [954911.3593, 1942315.590000002], [954933.9813000021, 1942328.3417999991], [954965.8055000014, 1942341.1657999996], [954989.827100001, 1942350.8456000006], [955117.7134000002, 1942402.3772000028], [955230.6411, 1942447.8810000042], [955284.9489000009, 1942469.8064000006], [955341.5284000018, 1942492.648800001], [955371.7553000008, 1942504.8512000022], [955407.7345000014, 1942518.7991999998], [955463.7575000004, 1942540.516700001], [955584.4234000006, 1942587.291400002], [955585.1828000012, 1942587.4714000032], [955637.3280000016, 1942599.8260000013], [955733.6844000003, 1942609.332400002], [955990.9936000009, 1942680.4009000002], [955991.5177, 1942679.7104000058]]]}, "properties": {"x": "955601", "y": "1941799", "adm_cd": "11220640", "adm_nm": "서울특별시 서초구 방배3동"}}, {"type": "Feature", "geometry": {"type": "Polygon", "coordinates": [[[955529.2575000024, 1943979.3286000006], [955825.9911000016, 1943735.464000001], [955841.7970000005, 1943502.5104000005], [954879.7068000018, 1943144.3652000017], [954215.9478000012, 1943031.5450999998], [954216.0006000014, 1943032.6259000008], [954266.1740000003, 1943641.4663999998], [954517.5631000012, 1943639.1416000011], [954557.8518000008, 1943650.1236000024], [954595.278200001, 1943667.7623000008], [954841.612300002, 1943788.8786000018], [954859.9359000016, 1943797.9046000002], [954870.434500002, 1943803.0991999991], [954870.476400001, 1943810.9988000032], [954870.4878000005, 1943813.1384000005], [954954.5913000004, 1943854.6553000016], [954955.2077000018, 1943854.959400002], [954956.0376000023, 1943855.3687999994], [955008.5804000013, 1943880.177800001], [955118.887500002, 1943932.259600001], [955398.1601000014, 1943984.4442999987], [955529.2575000024, 1943979.3286000006]]]}, "properties": {"x": "955004", "y": "1943617", "adm_cd": "11220650", "adm_nm": "서울특별시 서초구 방배4동"}}, {"type": "Feature", "geometry": {"type": "Polygon", "coordinates": [[[959474.6028000019, 1942987.3948000022], [959683.6564000017, 1942398.657800003], [959687.5459000005, 1942387.6842000005], [959677.6463000004, 1942372.764000001], [959677.5841000004, 1942372.670600001], [959672.2727000014, 1942364.7388000027], [959647.2821000005, 1942327.4205999998], [959490.5277000004, 1942093.3432000019], [959479.6206000003, 1942077.0560000006], [959452.7525000023, 1942036.9355999995], [959452.0297000015, 1942035.9839000006], [959450.6547000008, 1942034.1740000034], [959444.9639000009, 1942026.6848000067], [959354.3753000018, 1941907.4765], [959267.9409000005, 1941821.0120999997], [959267.8347000008, 1941820.9064999993], [959266.1231000007, 1941820.095100002], [959201.3151000013, 1941789.3880000026], [959140.5780000001, 1941760.6099999999], [959115.8673000021, 1941748.9020000016], [959107.9644000009, 1941745.1579000019], [959023.6123000011, 1941712.3073999984], [958943.5695000004, 1941681.1366000045], [958904.047200002, 1941667.1886000023], [958900.6219000008, 1941665.9803], [958856.3783000021, 1941650.3671999997], [958775.7837000014, 1941621.925799999], [958683.9467000009, 1941541.3498], [958578.8449000005, 1941416.2218], [958578.8222000003, 1941416.1944], [958573.8056000026, 1941410.1057999996], [958521.690900004, 1941346.8542000027], [958347.4005000019, 1941049.3279999986], [958423.2843000016, 1940810.3862000022], [958431.0057000001, 1940786.0732000014], [958399.9238999999, 1940668.2488000016], [958323.314100001, 1940417.9036000008], [958110.2518000009, 1939983.6314000026], [958097.6103000017, 1939970.7650000001], [958079.0165000018, 1939951.9026000071], [958029.2952000028, 1939924.144100001], [957680.8039000018, 1939777.3873999985], [957520.3911000008, 1939729.4732000001], [957155.7603000067, 1939634.7515999996], [957110.6189000022, 1939625.649900001], [957093.6945000006, 1939626.832000002], [957061.5157000036, 1939629.158399999], [956872.9007000017, 1939706.4092000024], [956721.5551995481, 1939774.0026280524], [956596.1649000011, 1939893.3665999984], [956582.4453999999, 1939910.057999999], [956550.3307000017, 1939953.9626000011], [956222.5367000005, 1940557.2241999991], [956178.917700002, 1940655.7936000014], [956205.2814000025, 1940749.931200001], [956218.4881000031, 1940851.8854000014], [956185.0743000018, 1940957.2424000003], [956160.900300001, 1940996.5118000032], [956110.8060000003, 1941060.785100003], [956124.0855000012, 1941095.9000999993], [956178.9446000014, 1941188.8893000004], [956277.6448000023, 1941337.8744000036], [956305.1150000002, 1941361.9250000035], [956463.4683999997, 1941443.3475000025], [956510.9452999999, 1941467.6171000004], [956524.0025000012, 1941462.2532000039], [956580.5790000013, 1941439.011800002], [956599.2148000011, 1941464.059900003], [956616.5664000008, 1941487.6943], [956639.6490000027, 1941519.8110000002], [956673.4424000045, 1941567.3934], [956682.7155000011, 1941593.0218000028], [956879.1818000025, 1941668.391700002], [957252.5536000016, 1941978.9700000081], [957253.3377000045, 1941979.8216000032], [957289.8388000025, 1942005.0348], [957299.9350000034, 1942011.8309000032], [957331.4187000003, 1942024.9452000028], [957340.3891000019, 1942028.492399999], [957540.6654000019, 1942086.4004000071], [957595.4540000001, 1942091.3055000016], [957660.2710000018, 1942109.670200001], [957710.882700002, 1942132.5989], [957952.4237000013, 1942402.8100000054], [957942.7198000019, 1942445.381500006], [957938.7085000004, 1942462.9803000027], [957948.961300002, 1942481.7789000024], [958054.7586000019, 1942509.2872000015], [958179.1917000017, 1942478.2787000043], [958278.8797000011, 1942528.1372999996], [958318.0082000009, 1942531.4977999995], [958335.014200001, 1942521.0776000062], [958343.339300002, 1942515.9763999982], [958357.928400001, 1942502.469200002], [958386.3751999998, 1942472.4949000021], [958482.7624000009, 1942444.2148000018], [958606.2618000021, 1942492.0838000015], [958649.1582000018, 1942511.9606000008], [958655.0933999999, 1942514.710900003], [958670.311100001, 1942522.3594000004], [958827.2633000005, 1942654.650599998], [958835.0848000007, 1942710.4155000031], [958788.7466000009, 1942890.6337000013], [958809.2271000001, 1942894.1039], [959487.2737999996, 1943009.2693999999], [959474.6028000019, 1942987.3948000022]]]}, "properties": {"x": "957767", "y": "1941241", "adm_cd": "11220660", "adm_nm": "서울특별시 서초구 양재1동"}}, {"type": "Feature", "geometry": {"type": "Polygon", "coordinates": [[[959724.4423000009, 1940936.857799999], [959588.192300001, 1940814.196599998], [959588.541300001, 1940813.7870000054], [959745.7245000016, 1940629.3618], [959755.2835000006, 1940618.4654000015], [959848.8977000015, 1940143.6153999986], [959854.0601000017, 1940128.3928000024], [959857.4947000017, 1940119.7219999987], [959881.8761000014, 1940070.6491999985], [959934.8387000007, 1939975.7753999988], [960037.329300002, 1939860.7230000002], [960156.103700002, 1939721.6496000015], [960185.2375000006, 1939668.7122000023], [960252.9269000015, 1939517.8394000032], [960261.3631000018, 1939490.3212000038], [960253.5893000002, 1939446.3570000008], [960251.8329000012, 1939441.7909999993], [960251.0605000008, 1939439.783800001], [960243.752100002, 1939426.4308000016], [960239.4869000014, 1939418.6378000034], [960245.5543000009, 1939387.6114000026], [960248.4967000016, 1939379.2010000022], [960268.1325000006, 1939327.8783999989], [960270.9911000011, 1939320.4490000028], [960284.0087000018, 1939289.7056000065], [960508.1989000002, 1938980.4690000028], [960618.9247000017, 1938850.3440000033], [960937.239900002, 1938431.3788000029], [961116.1289000015, 1938050.985200003], [961132.2909000015, 1938041.3844000017], [961182.5551000012, 1937996.9350000022], [961189.6963000011, 1937989.9628000055], [961315.5683000006, 1937844.8744000013], [961353.8727000018, 1937785.3130000066], [961362.4959000013, 1937771.1708000028], [961369.5103000021, 1937757.5568000032], [961386.3847000024, 1937721.838200001], [961427.2537000016, 1937537.4134000023], [961428.1275000009, 1937532.7501999992], [961425.9753000011, 1937489.4400000004], [961383.228100002, 1937283.376600001], [961240.4105000023, 1936957.3768000063], [961173.2830999999, 1936849.1271999993], [961052.4111000004, 1936805.5329999994], [960492.6003000014, 1936721.7758000037], [960219.148100002, 1936835.4298000056], [960150.2201000011, 1936885.556800001], [959954.8796000014, 1936934.3847000021], [959942.8103000016, 1937082.9558000022], [959874.0363, 1937188.6860999994], [959826.8743000024, 1937243.3830000013], [959675.5627000015, 1937418.7439000001], [959403.1854000002, 1937721.1338000002], [959384.6171000015, 1937733.3524000016], [959349.406900001, 1937756.1552000016], [959311.6539000025, 1937773.5044999984], [959268.7719000007, 1937769.1390999998], [959238.1087000002, 1937765.802500003], [959221.3427000016, 1937764.4237000002], [959047.6096000003, 1937778.9936000025], [959039.6563000004, 1937781.4098000033], [958915.8402000011, 1937860.5352], [958893.9451000004, 1937967.424200002], [958891.7739000015, 1937979.1493000048], [958884.272500002, 1938019.7368000033], [958880.9195000005, 1938038.403600003], [958881.3507000005, 1938075.7004000011], [958891.2009000008, 1938085.9492000008], [958961.3323000001, 1938142.8770000013], [958962.6985000004, 1938144.1504000034], [958993.2201000021, 1938173.9778000028], [959013.1221000017, 1938201.3306000014], [959087.0553000008, 1938332.608800007], [959127.5275000029, 1938433.6070000012], [959136.5973000034, 1938471.0140000053], [959149.9799, 1938526.5473999996], [959154.2139000008, 1938544.5803999994], [959152.3949000002, 1938619.8748000008], [959119.2381000018, 1938959.923200002], [959116.0751000005, 1938990.9282000023], [959113.5317000032, 1939015.0267999992], [959045.6883000007, 1939156.169600003], [958996.6117000009, 1939246.1522000013], [958940.9813000022, 1939323.9804000026], [958985.5359000005, 1939553.0032000004], [959062.1395000024, 1939657.5266], [959059.5995000033, 1939672.0318], [959056.9543000009, 1939687.136999999], [959028.5817000007, 1939794.8408000008], [958869.9767000006, 1940209.6196000003], [958803.6201000006, 1940220.9842000008], [958785.1501000014, 1940249.9000000025], [958766.6399000019, 1940322.0419999983], [958782.5221000003, 1940424.564200001], [958807.3481000013, 1940493.7200000004], [958837.0807000005, 1940560.349600004], [958848.702700001, 1940631.4496000004], [958849.8585000017, 1940643.9574000014], [958843.6409000006, 1940653.1290000002], [958714.8985000015, 1940747.583599999], [958681.1241000011, 1940767.254600002], [958607.3921000017, 1940803.7558000009], [958543.2305000005, 1940815.9658000018], [958486.5315000017, 1940803.8336000019], [958472.5207000002, 1940800.8148000073], [958431.0057000001, 1940786.0732000014], [958423.2843000016, 1940810.3862000022], [958347.4005000019, 1941049.3279999986], [958521.690900004, 1941346.8542000027], [958573.8056000026, 1941410.1057999996], [958578.8222000003, 1941416.1944], [958578.8449000005, 1941416.2218], [958683.9467000009, 1941541.3498], [958775.7837000014, 1941621.925799999], [958856.3783000021, 1941650.3671999997], [958900.6219000008, 1941665.9803], [958904.047200002, 1941667.1886000023], [958943.5695000004, 1941681.1366000045], [959023.6123000011, 1941712.3073999984], [959107.9644000009, 1941745.1579000019], [959115.8673000021, 1941748.9020000016], [959140.5780000001, 1941760.6099999999], [959201.3151000013, 1941789.3880000026], [959266.1231000007, 1941820.095100002], [959267.8347000008, 1941820.9064999993], [959267.9409000005, 1941821.0120999997], [959354.3753000018, 1941907.4765], [959444.9639000009, 1942026.6848000067], [959450.6547000008, 1942034.1740000034], [959452.0297000015, 1942035.9839000006], [959452.7525000023, 1942036.9355999995], [959479.6206000003, 1942077.0560000006], [959490.5277000004, 1942093.3432000019], [959647.2821000005, 1942327.4205999998], [959672.2727000014, 1942364.7388000027], [959677.5841000004, 1942372.670600001], [959677.6463000004, 1942372.764000001], [959687.5459000005, 1942387.6842000005], [959779.0749000023, 1942129.413400005], [959781.4511000008, 1942123.2031999994], [959784.1279000002, 1942117.1312000032], [959787.0953000017, 1942111.1877999995], [959790.3635000017, 1942105.4026000013], [959793.9023000015, 1942099.786], [959797.7121000005, 1942094.3477999996], [959801.7929000009, 1942089.108200002], [959805.8451000006, 1942084.1486000018], [959923.3207000004, 1941940.5602000018], [960108.5871000022, 1941714.1139999987], [960289.0066999998, 1941493.581600002], [960107.5229000011, 1941281.7320000033], [959724.4423000009, 1940936.857799999]]]}, "properties": {"x": "959841", "y": "1939182", "adm_cd": "11220670", "adm_nm": "서울특별시 서초구 양재2동"}}, {"type": "Feature", "geometry": {"type": "Polygon", "coordinates": [[[963300.7602000011, 1941906.9407999995], [963258.1807000015, 1941849.785800002], [963228.4252000023, 1941612.097500002], [963266.0167000007, 1941519.4804000002], [963305.4746000019, 1941423.1397999981], [963313.9957000001, 1941422.0533000007], [963344.3345000019, 1941418.1870000004], [963387.3371000013, 1941409.8566000005], [963445.6259000018, 1941372.5688000005], [963459.4683000015, 1941356.0998000004], [963782.148300001, 1940960.430200005], [963886.5017000008, 1940801.3830000004], [963890.6895000022, 1940793.4406000017], [963915.398700001, 1940746.578], [963923.5795000007, 1940712.3866000024], [963924.1367000006, 1940682.043000002], [963925.4219000018, 1940597.563200003], [963921.1292000024, 1940569.9554000013], [963910.6697000023, 1940422.6845999984], [964014.4313000019, 1940308.390600002], [964126.3115000015, 1940274.3022000012], [964172.5579000018, 1940274.4724000008], [964213.3457000019, 1939925.3806000026], [964200.8380000022, 1939765.5052999998], [964120.2193000009, 1939747.0518000014], [964072.5109000013, 1939730.9035000037], [964051.7990000013, 1939709.990000002], [963822.0105000006, 1939366.4438000002], [963631.4585000016, 1939030.765400001], [963596.6739000011, 1938947.2012000037], [963587.1991000021, 1938906.5970000047], [963587.1811000018, 1938906.5087999986], [963587.1753000021, 1938906.472400003], [963590.2655000009, 1938752.5454000013], [963570.9661000016, 1938546.819399998], [963543.6419000017, 1938492.4526000023], [963536.8294000009, 1938490.4057], [963184.6685000013, 1938330.1016000034], [963131.4419000007, 1938236.2307000002], [963104.4083000007, 1938192.6093000025], [963062.2953000013, 1938126.8567999997], [963032.5949000006, 1938101.617599999], [962974.7509000013, 1938088.5847000051], [962862.0965000014, 1938069.126000003], [962765.9524999999, 1938097.0302000039], [962686.070900001, 1938125.4423000016], [962635.1059000005, 1938143.142200001], [962494.5545000017, 1938191.461700003], [962383.6149000025, 1938200.8271999983], [962360.7733000009, 1938202.4785000018], [962152.092500001, 1938206.7371000014], [962113.2487000003, 1938144.8408000015], [962110.4117000003, 1938136.623999999], [962106.3905000007, 1938124.9770999986], [962157.1239000007, 1937887.2194000008], [962293.3059000011, 1937709.8159000021], [962296.3519000004, 1937695.1172000007], [962300.4805000004, 1937667.4410000024], [962275.1875000007, 1937618.290000002], [962227.5047000011, 1937556.721600002], [962038.7935000006, 1937190.1392000017], [961923.0075000012, 1936915.1674000064], [961575.6803000007, 1936755.4926000033], [961173.2830999999, 1936849.1271999993], [961240.4105000023, 1936957.3768000063], [961383.228100002, 1937283.376600001], [961425.9753000011, 1937489.4400000004], [961428.1275000009, 1937532.7501999992], [961427.2537000016, 1937537.4134000023], [961386.3847000024, 1937721.838200001], [961369.5103000021, 1937757.5568000032], [961362.4959000013, 1937771.1708000028], [961353.8727000018, 1937785.3130000066], [961315.5683000006, 1937844.8744000013], [961189.6963000011, 1937989.9628000055], [961182.5551000012, 1937996.9350000022], [961132.2909000015, 1938041.3844000017], [961116.1289000015, 1938050.985200003], [960937.239900002, 1938431.3788000029], [960618.9247000017, 1938850.3440000033], [960508.1989000002, 1938980.4690000028], [960284.0087000018, 1939289.7056000065], [960270.9911000011, 1939320.4490000028], [960268.1325000006, 1939327.8783999989], [960248.4967000016, 1939379.2010000022], [960245.5543000009, 1939387.6114000026], [960239.4869000014, 1939418.6378000034], [960243.752100002, 1939426.4308000016], [960251.0605000008, 1939439.783800001], [960251.8329000012, 1939441.7909999993], [960253.5893000002, 1939446.3570000008], [960261.3631000018, 1939490.3212000038], [960252.9269000015, 1939517.8394000032], [960185.2375000006, 1939668.7122000023], [960156.103700002, 1939721.6496000015], [960037.329300002, 1939860.7230000002], [959934.8387000007, 1939975.7753999988], [959881.8761000014, 1940070.6491999985], [959857.4947000017, 1940119.7219999987], [959854.0601000017, 1940128.3928000024], [959848.8977000015, 1940143.6153999986], [959755.2835000006, 1940618.4654000015], [959745.7245000016, 1940629.3618], [959588.541300001, 1940813.7870000054], [959588.192300001, 1940814.196599998], [959724.4423000009, 1940936.857799999], [960107.5229000011, 1941281.7320000033], [960166.137500001, 1941275.3638000009], [960247.7528999997, 1941263.4883999997], [960301.0005000015, 1941222.2466000007], [960306.7113000012, 1941130.4207999997], [960291.3307000018, 1941024.774], [960381.3023000003, 1941042.217000002], [960500.4419000004, 1941084.0136000016], [960645.5995000005, 1941135.0452000012], [960843.3647000007, 1941172.8906000005], [961013.5531000015, 1941195.9988000025], [961282.632700002, 1941190.2782000033], [961379.3267000011, 1941185.4530000016], [961524.1215000026, 1941214.0256000008], [961579.4637000007, 1941233.7836000023], [961618.0147000018, 1941268.8740999983], [961664.7641000014, 1941305.7146000015], [961852.9014999998, 1941403.2095999992], [961947.1415000018, 1941407.6570000006], [962043.823500002, 1941441.7254000055], [962215.7303000016, 1941505.1219999995], [962234.9827000002, 1941524.6672000021], [962590.5518000005, 1941860.8904000032], [962683.5353000009, 1941820.232000003], [962774.6549000008, 1941826.6582000018], [963019.5678000016, 1941884.1546000037], [963240.2025000018, 1941914.1152000013], [963300.7602000011, 1941906.9407999995]]]}, "properties": {"x": "962023", "y": "1939725", "adm_cd": "11220680", "adm_nm": "서울특별시 서초구 내곡동"}}, {"type": "Feature", "geometry": {"type": "Polygon", "coordinates": [[[957731.0111000019, 1948575.7660000012], [957981.8944000001, 1948114.9631999996], [957994.4971000021, 1948092.2447999995], [958008.4755000006, 1948067.0468000064], [958052.9883000009, 1947986.8094000025], [958055.7219000023, 1947983.3827999996], [958061.9047000015, 1947975.632899999], [958092.7076000021, 1947937.0240000004], [958101.5370000018, 1947925.957400002], [958133.2266000004, 1947886.2386000035], [958134.898600002, 1947884.1429999995], [958184.7982000008, 1947831.7479999985], [958243.153000001, 1947770.4750000015], [958295.1146000003, 1947712.2342000026], [958317.1183000023, 1947669.3720999998], [958322.5344000018, 1947658.8218000014], [958325.829800002, 1947648.4462000001], [958333.3316000011, 1947624.8214000002], [958333.760100001, 1947614.1644000057], [958335.1828000003, 1947578.7762000018], [958335.3898000019, 1947573.6202000026], [958335.3954000017, 1947573.480599999], [958335.6258000014, 1947567.7362000002], [958334.8752000012, 1947548.9546000022], [958332.0600000012, 1947478.5497999997], [958331.5418000005, 1947465.5918000021], [958330.6626000011, 1947443.6222000066], [958326.577800001, 1947360.3469999977], [958322.1342000018, 1947269.7668000017], [958319.761000002, 1947221.3929999983], [958298.177600001, 1946816.1552000039], [957539.8043000016, 1946422.294399999], [957518.5012000008, 1946513.8759000027], [957404.701200001, 1947003.0976000025], [957392.5349000015, 1947055.3995999987], [957392.0229000021, 1947056.2934000026], [957362.9121000022, 1947107.1099999994], [957315.9435000003, 1947189.0994999995], [957315.2389000019, 1947190.3292000005], [957165.2798000013, 1947393.1188000022], [957165.1444000016, 1947392.9510999986], [957140.6120000011, 1947362.5538000022], [957102.7898000024, 1947310.6315999995], [957088.2476000008, 1947289.411600003], [957043.5660000015, 1947226.1640000013], [956983.4208000014, 1947143.0648999996], [956889.2790000022, 1947220.0581999996], [956577.8195000014, 1947479.3905000002], [956891.3369000022, 1947888.2914000023], [957139.8837000015, 1948210.0669999998], [957365.6997000001, 1948408.1547999987], [957697.0454000019, 1948607.8214000016], [957731.0111000019, 1948575.7660000012]]]}, "properties": {"x": "957603", "y": "1947527", "adm_cd": "11230510", "adm_nm": "서울특별시 강남구 신사동"}}, {"type": "Feature", "geometry": {"type": "Polygon", "coordinates": [[[963175.1487000014, 1944601.1512000025], [963860.2533999998, 1944350.401300002], [963646.9160000021, 1944233.5410000016], [962972.3719000018, 1943963.8237999987], [962966.7385000011, 1943961.6128000016], [962831.3873000012, 1943903.3858000014], [963029.7209000011, 1943351.6036000005], [962644.1843000017, 1943181.6372000007], [962696.9017000017, 1943263.952], [962699.3725000005, 1943270.9272000017], [962616.0355000005, 1943573.2844000005], [962600.6743000017, 1943611.3393000038], [962539.3903000002, 1943763.1591000021], [962530.1945000017, 1943767.0659999996], [962449.3172000018, 1943734.42], [962252.1453000009, 1943687.1815000009], [962243.9549000018, 1943688.2422000007], [962232.6075000006, 1943714.2325999988], [962136.3275000001, 1943966.0874000008], [962158.6377000015, 1943994.158800005], [962182.3363000005, 1944025.4486000012], [962191.394400001, 1944037.4088000015], [962193.1301000018, 1944039.861800002], [962206.1493000005, 1944058.262800003], [962225.525500002, 1944089.0986000025], [962239.4929000005, 1944116.0444000005], [962250.6605000005, 1944142.8051999991], [962258.2171000018, 1944163.4771999998], [962263.9757000012, 1944186.248200003], [962268.7430999998, 1944210.6337999995], [962272.0929000006, 1944231.6079999995], [962273.4989000014, 1944268.6966000018], [962273.6341000015, 1944311.2198000022], [962183.9679000003, 1944609.706600002], [962184.8081000005, 1944890.732999999], [962306.1226000006, 1944876.4290000012], [962310.6001000018, 1944875.923000001], [962340.5489000003, 1944872.5246000015], [962425.7093000023, 1944862.4601999996], [962530.1149000009, 1944849.976600003], [962610.774600001, 1944840.2039000005], [962684.5108000021, 1944809.6447000003], [963062.7968000013, 1944648.6049000043], [963175.1487000014, 1944601.1512000025]]]}, "properties": {"x": "962773", "y": "1944501", "adm_cd": "11230511", "adm_nm": "서울특별시 강남구 개포3동"}}, {"type": "Feature", "geometry": {"type": "Polygon", "coordinates": [[[957973.9117000005, 1945130.1536999987], [957971.5410000009, 1945129.2678999985], [957696.1354000021, 1945865.563200003], [957539.8043000016, 1946422.294399999], [958298.177600001, 1946816.1552000039], [958314.6748000024, 1946790.1479999996], [958336.5574000017, 1946730.1744000018], [958735.5069000018, 1945636.741600005], [958806.0673000016, 1945443.3496000026], [958806.8849000004, 1945440.8548000064], [957973.9117000005, 1945130.1536999987]]]}, "properties": {"x": "958154", "y": "1945949", "adm_cd": "11230520", "adm_nm": "서울특별시 강남구 논현1동"}}, {"type": "Feature", "geometry": {"type": "Polygon", "coordinates": [[[958877.7643000009, 1945467.2896000016], [958806.8849000004, 1945440.8548000064], [958806.0673000016, 1945443.3496000026], [958735.5069000018, 1945636.741600005], [958336.5574000017, 1946730.1744000018], [958314.6748000024, 1946790.1479999996], [958298.177600001, 1946816.1552000039], [959269.5778000015, 1947197.7440000032], [959462.1464000009, 1946535.4416000042], [959686.4358000008, 1945764.0180000048], [958877.7643000009, 1945467.2896000016]]]}, "properties": {"x": "959014", "y": "1946318", "adm_cd": "11230530", "adm_nm": "서울특별시 강남구 논현2동"}}, {"type": "Feature", "geometry": {"type": "Polygon", "coordinates": [[[961788.042000002, 1947014.4666000064], [961815.7828000019, 1946657.7360000045], [961859.5818000014, 1946198.0736000002], [961875.6448000021, 1946009.2086000002], [961887.1406000005, 1945872.6272000056], [961893.4104000004, 1945798.1349999998], [961897.3567000012, 1945756.3099000026], [961764.5610000005, 1945728.0549000036], [961688.214900002, 1945711.5841000034], [961000.6345000006, 1945450.6043000012], [960892.8294000006, 1945409.6824999996], [960818.3778999997, 1945381.4213999982], [960792.421900002, 1945440.4870000025], [960791.8791000003, 1945441.7222000025], [960761.3493000019, 1945511.1970000025], [960696.949900001, 1945657.7482000007], [960640.5525000021, 1945786.089600001], [960477.8603000003, 1946169.5650000009], [960469.0989000001, 1946190.3939999996], [960412.6404999997, 1946325.2892000054], [960383.4015000002, 1946395.1525999997], [960259.2525000025, 1946710.8927999986], [960858.696400001, 1946843.0254000006], [961391.7843000008, 1947022.4118000038], [961397.5201000014, 1947018.2530000005], [961447.4143000022, 1947013.1358000052], [961448.0547000009, 1947014.7090000003], [961602.595, 1947394.4705000012], [961781.8880000012, 1947341.4055000022], [961788.042000002, 1947014.4666000064]]]}, "properties": {"x": "961186", "y": "1946309", "adm_cd": "11230580", "adm_nm": "서울특별시 강남구 삼성1동"}}, {"type": "Feature", "geometry": {"type": "Polygon", "coordinates": [[[960148.8169000014, 1945127.2814000025], [960137.1379000013, 1945122.8448000015], [960136.7931000006, 1945123.7748000082], [960111.2341000002, 1945192.7076000008], [960100.4165000012, 1945221.882400001], [960088.8460000013, 1945253.082], [960085.0589000003, 1945262.7683999995], [960080.9411000004, 1945272.3266000059], [960076.4925000006, 1945281.7266000027], [960076.3343000021, 1945282.0374000047], [960071.7232999998, 1945290.9684000008], [960066.6333000003, 1945300.0420000013], [960061.2323000014, 1945308.9273999995], [960055.5205000004, 1945317.6244], [960049.5179000022, 1945326.1230000046], [960043.7529000015, 1945333.7076000008], [960043.2241000002, 1945334.4032000033], [960036.6493000003, 1945342.464999999], [960029.7933, 1945350.2884000002], [960022.666100001, 1945357.8634000015], [960015.2877000007, 1945365.1998000017], [960007.6581000015, 1945372.267600002], [959999.7871000003, 1945379.0666000005], [959991.694700002, 1945385.597200001], [959951.0837000022, 1945417.1580000008], [959877.4281000008, 1945474.3993999995], [959816.2528000015, 1945521.9458000031], [959814.5907000001, 1945523.2839999998], [959808.1107000003, 1945528.5064000026], [959800.209900002, 1945535.3357999995], [959792.5405000002, 1945542.443800002], [959785.1323000006, 1945549.8102000016], [959777.985300001, 1945557.435200004], [959771.1097000003, 1945565.298800003], [959764.515100002, 1945573.400599999], [959758.2015000021, 1945581.7210000067], [959752.1789000016, 1945590.259800002], [959751.9668000006, 1945590.584000001], [959746.4575000012, 1945599.0067999996], [959741.0469000005, 1945607.942000002], [959735.9571000007, 1945617.065600006], [959731.1781000007, 1945626.3574000031], [959726.7299000005, 1945635.8176], [959722.6223000016, 1945645.4156000004], [959721.0566000005, 1945649.451600002], [959718.8453000004, 1945655.1520000012], [959715.3989000015, 1945665.0165999993], [959712.6963000002, 1945673.7676000055], [959712.3131000019, 1945675.0092000042], [959708.5475000024, 1945687.9610000048], [959686.4358000008, 1945764.0180000048], [959462.1464000009, 1946535.4416000042], [960259.2525000025, 1946710.8927999986], [960383.4015000002, 1946395.1525999997], [960412.6404999997, 1946325.2892000054], [960469.0989000001, 1946190.3939999996], [960477.8603000003, 1946169.5650000009], [960640.5525000021, 1945786.089600001], [960696.949900001, 1945657.7482000007], [960761.3493000019, 1945511.1970000025], [960791.8791000003, 1945441.7222000025], [960792.421900002, 1945440.4870000025], [960818.3778999997, 1945381.4213999982], [960761.3885000008, 1945359.7894000008], [960148.8169000014, 1945127.2814000025]]]}, "properties": {"x": "960123", "y": "1945937", "adm_cd": "11230590", "adm_nm": "서울특별시 강남구 삼성2동"}}, {"type": "Feature", "geometry": {"type": "Polygon", "coordinates": [[[961181.3987000012, 1944459.061000002], [961227.861100001, 1944438.9050000005], [961280.7641000018, 1944314.269000002], [961281.8601000019, 1944311.6742000026], [961291.4563, 1944288.8903999997], [961304.2497, 1944258.5153999997], [961321.8915000001, 1944216.6278000018], [961383.808100001, 1944069.375200001], [961418.1443000003, 1943976.7182000026], [961584.4395000014, 1943576.127999999], [961603.3243000006, 1943530.6420000005], [961603.647300001, 1943529.8638000027], [961349.1853000014, 1943472.2935999993], [961300.1996999999, 1943461.2109999983], [961226.7875000003, 1943444.6022000015], [961201.7467000005, 1943438.9368000042], [961134.9596999997, 1943419.0779999988], [961035.3461000009, 1943389.4582], [961035.1771000021, 1943389.4077999992], [960868.9731000012, 1943298.277399999], [960843.7931000018, 1943284.4710000022], [960843.071300002, 1943284.0749999997], [960834.1897000014, 1943277.4746000017], [960788.5941000006, 1943243.5596000012], [960785.8975000008, 1943241.5538000036], [960688.2638000015, 1943637.3134000008], [960475.4485000009, 1944210.5728000049], [960475.1796000024, 1944211.299600001], [960475.3180000007, 1944211.3550000023], [961169.887000001, 1944486.4030000004], [961181.3987000012, 1944459.061000002]]]}, "properties": {"x": "961024", "y": "1943881", "adm_cd": "11230600", "adm_nm": "서울특별시 강남구 대치1동"}}, {"type": "Feature", "geometry": {"type": "Polygon", "coordinates": [[[960475.3180000007, 1944211.3550000023], [960475.1796000024, 1944211.299600001], [960137.2721000002, 1945122.4829999995], [960137.1379000013, 1945122.8448000015], [960148.8169000014, 1945127.2814000025], [960761.3885000008, 1945359.7894000008], [960805.5224000008, 1945340.9012000035], [960866.4182000012, 1945206.6590000014], [960875.4227000002, 1945185.2908000005], [960979.2965000011, 1944938.7915999996], [961169.887000001, 1944486.4030000004], [960475.3180000007, 1944211.3550000023]]]}, "properties": {"x": "960646", "y": "1944793", "adm_cd": "11230630", "adm_nm": "서울특별시 강남구 대치4동"}}, {"type": "Feature", "geometry": {"type": "Polygon", "coordinates": [[[958680.429100002, 1943487.5843999991], [958593.2012000005, 1943470.5228000022], [958243.3233000017, 1944404.0770000017], [958026.0174000012, 1944983.9094999982], [957971.5410000009, 1945129.2678999985], [957973.9117000005, 1945130.1536999987], [958806.8849000004, 1945440.8548000064], [958877.7643000009, 1945467.2896000016], [959686.4358000008, 1945764.0180000048], [959708.5475000024, 1945687.9610000048], [959712.3131000019, 1945675.0092000042], [959712.6963000002, 1945673.7676000055], [959715.3989000015, 1945665.0165999993], [959718.8453000004, 1945655.1520000012], [959721.0566000005, 1945649.451600002], [959722.6223000016, 1945645.4156000004], [959726.7299000005, 1945635.8176], [959731.1781000007, 1945626.3574000031], [959735.9571000007, 1945617.065600006], [959741.0469000005, 1945607.942000002], [959746.4575000012, 1945599.0067999996], [959751.9668000006, 1945590.584000001], [959752.1789000016, 1945590.259800002], [959758.2015000021, 1945581.7210000067], [959764.515100002, 1945573.400599999], [959771.1097000003, 1945565.298800003], [959777.985300001, 1945557.435200004], [959785.1323000006, 1945549.8102000016], [959792.5405000002, 1945542.443800002], [959800.209900002, 1945535.3357999995], [959808.1107000003, 1945528.5064000026], [959814.5907000001, 1945523.2839999998], [959816.2528000015, 1945521.9458000031], [959877.4281000008, 1945474.3993999995], [959951.0837000022, 1945417.1580000008], [959991.694700002, 1945385.597200001], [959999.7871000003, 1945379.0666000005], [960007.6581000015, 1945372.267600002], [960015.2877000007, 1945365.1998000017], [960022.666100001, 1945357.8634000015], [960029.7933, 1945350.2884000002], [960036.6493000003, 1945342.464999999], [960043.2241000002, 1945334.4032000033], [960043.7529000015, 1945333.7076000008], [960049.5179000022, 1945326.1230000046], [960055.5205000004, 1945317.6244], [960061.2323000014, 1945308.9273999995], [960066.6333000003, 1945300.0420000013], [960071.7232999998, 1945290.9684000008], [960076.3343000021, 1945282.0374000047], [960076.4925000006, 1945281.7266000027], [960080.9411000004, 1945272.3266000059], [960085.0589000003, 1945262.7683999995], [960088.8460000013, 1945253.082], [960100.4165000012, 1945221.882400001], [960111.2341000002, 1945192.7076000008], [960136.7931000006, 1945123.7748000082], [960137.1379000013, 1945122.8448000015], [960137.2721000002, 1945122.4829999995], [960025.3855000018, 1945081.7881000005], [959978.7821000025, 1945064.1148000022], [959783.2691000004, 1944989.9700000025], [959130.8322000017, 1944742.5434000029], [959072.3745000011, 1944720.3738000016], [959072.4777, 1944720.0122000016], [959073.2739000004, 1944717.2250000008], [959088.8773, 1944662.609400001], [959094.5949000006, 1944642.5968000004], [959127.7903000009, 1944553.5675999997], [959169.8669000001, 1944440.7232], [959381.8869000005, 1943872.1135999993], [959415.1471000019, 1943782.914700002], [959152.8123000013, 1943682.9673000006], [958854.0133000012, 1943553.4816], [958809.2198999999, 1943536.4739999997], [958803.610700001, 1943534.3443999991], [958739.2352999998, 1943509.9047999992], [958712.4315000002, 1943499.730400002], [958680.429100002, 1943487.5843999991]]]}, "properties": {"x": "958643", "y": "1944720", "adm_cd": "11230640", "adm_nm": "서울특별시 강남구 역삼1동"}}, {"type": "Feature", "geometry": {"type": "Polygon", "coordinates": [[[959933.6187000026, 1943979.4609999994], [959415.1471000019, 1943782.914700002], [959381.8869000005, 1943872.1135999993], [959169.8669000001, 1944440.7232], [959127.7903000009, 1944553.5675999997], [959094.5949000006, 1944642.5968000004], [959088.8773, 1944662.609400001], [959073.2739000004, 1944717.2250000008], [959072.4777, 1944720.0122000016], [959072.3745000011, 1944720.3738000016], [959130.8322000017, 1944742.5434000029], [959783.2691000004, 1944989.9700000025], [959978.7821000025, 1945064.1148000022], [960025.3855000018, 1945081.7881000005], [960137.2721000002, 1945122.4829999995], [960475.1796000024, 1944211.299600001], [960475.4485000009, 1944210.5728000049], [959933.6187000026, 1943979.4609999994]]]}, "properties": {"x": "959772", "y": "1944455", "adm_cd": "11230650", "adm_nm": "서울특별시 강남구 역삼2동"}}, {"type": "Feature", "geometry": {"type": "Polygon", "coordinates": [[[959933.6187000026, 1943979.4609999994], [960134.5715000008, 1943497.638100004], [960210.3873000011, 1943314.7566000023], [959908.3423000005, 1943140.730199999], [959888.5909000022, 1943129.3712000009], [959875.6853000008, 1943121.9500000014], [959808.4157000004, 1943083.2708000029], [959799.2139000003, 1943078.491199999], [959784.8949000005, 1943072.0394000006], [959757.4775000006, 1943061.1188000024], [959735.8671000013, 1943053.876000004], [959729.3723000018, 1943052.1219999995], [959721.9625000019, 1943050.121000005], [959700.0566999998, 1943045.5787999989], [959698.9157000011, 1943045.3450000011], [959684.4869000015, 1943042.4444000006], [959680.7002, 1943041.6832999988], [959680.4531000017, 1943041.634000002], [959638.1189000002, 1943034.4599999997], [959487.2737999996, 1943009.2693999999], [958809.2271000001, 1942894.1039], [958593.2012000005, 1943470.5228000022], [958680.429100002, 1943487.5843999991], [958712.4315000002, 1943499.730400002], [958739.2352999998, 1943509.9047999992], [958803.610700001, 1943534.3443999991], [958809.2198999999, 1943536.4739999997], [958854.0133000012, 1943553.4816], [959152.8123000013, 1943682.9673000006], [959415.1471000019, 1943782.914700002], [959933.6187000026, 1943979.4609999994]]]}, "properties": {"x": "959423", "y": "1943392", "adm_cd": "11230660", "adm_nm": "서울특별시 강남구 도곡1동"}}, {"type": "Feature", "geometry": {"type": "Polygon", "coordinates": [[[960688.2638000015, 1943637.3134000008], [960785.8975000008, 1943241.5538000036], [960371.8416000009, 1942933.5800000015], [959991.3773000013, 1942655.3768000014], [959778.5595000025, 1942510.4160000042], [959741.844100002, 1942485.407200001], [959683.6564000017, 1942398.657800003], [959474.6028000019, 1942987.3948000022], [959487.2737999996, 1943009.2693999999], [959638.1189000002, 1943034.4599999997], [959680.4531000017, 1943041.634000002], [959680.7002, 1943041.6832999988], [959684.4869000015, 1943042.4444000006], [959698.9157000011, 1943045.3450000011], [959700.0566999998, 1943045.5787999989], [959721.9625000019, 1943050.121000005], [959729.3723000018, 1943052.1219999995], [959735.8671000013, 1943053.876000004], [959757.4775000006, 1943061.1188000024], [959784.8949000005, 1943072.0394000006], [959799.2139000003, 1943078.491199999], [959808.4157000004, 1943083.2708000029], [959875.6853000008, 1943121.9500000014], [959888.5909000022, 1943129.3712000009], [959908.3423000005, 1943140.730199999], [960210.3873000011, 1943314.7566000023], [960134.5715000008, 1943497.638100004], [959933.6187000026, 1943979.4609999994], [960475.4485000009, 1944210.5728000049], [960688.2638000015, 1943637.3134000008]]]}, "properties": {"x": "960388", "y": "1943537", "adm_cd": "11230670", "adm_nm": "서울특별시 강남구 도곡2동"}}, {"type": "Feature", "geometry": {"type": "Polygon", "coordinates": [[[960946.6997000015, 1942924.8710000042], [961035.1189000017, 1942829.038799999], [961064.8831000003, 1942797.972800002], [961223.3460999997, 1942632.6876000012], [961502.2341000002, 1942342.048], [961650.2735000015, 1942380.389200003], [961858.7449000006, 1942309.2094000012], [961885.182700001, 1942280.9924000073], [961896.1473000012, 1942269.2898000004], [961978.4522000002, 1942181.4445999996], [961952.8503000019, 1942109.9616], [961939.7009000016, 1942073.2474000002], [961936.247700002, 1942046.0062000034], [961936.631400001, 1942026.8223999992], [961941.2355000016, 1942006.8709999998], [961955.0478999998, 1941982.6994000026], [962195.9977000003, 1941587.8948000015], [962234.9827000002, 1941524.6672000021], [962215.7303000016, 1941505.1219999995], [962043.823500002, 1941441.7254000055], [961947.1415000018, 1941407.6570000006], [961852.9014999998, 1941403.2095999992], [961664.7641000014, 1941305.7146000015], [961618.0147000018, 1941268.8740999983], [961579.4637000007, 1941233.7836000023], [961534.2843000025, 1941245.8356000017], [961475.273900002, 1941286.708400001], [961432.3129000007, 1941344.7038000007], [961410.8279000001, 1941373.707600002], [961364.140300001, 1941436.7340000016], [961120.7969000009, 1941767.757999998], [960984.8431000006, 1941953.7721999993], [960628.0005000017, 1942446.4628000027], [960371.8416000009, 1942933.5800000015], [960785.8975000008, 1943241.5538000036], [960946.6997000015, 1942924.8710000042]]]}, "properties": {"x": "961300", "y": "1942155", "adm_cd": "11230680", "adm_nm": "서울특별시 강남구 개포1동"}}, {"type": "Feature", "geometry": {"type": "Polygon", "coordinates": [[[960371.8416000009, 1942933.5800000015], [960628.0005000017, 1942446.4628000027], [960984.8431000006, 1941953.7721999993], [961120.7969000009, 1941767.757999998], [961364.140300001, 1941436.7340000016], [961410.8279000001, 1941373.707600002], [961432.3129000007, 1941344.7038000007], [961475.273900002, 1941286.708400001], [961534.2843000025, 1941245.8356000017], [961579.4637000007, 1941233.7836000023], [961524.1215000026, 1941214.0256000008], [961379.3267000011, 1941185.4530000016], [961282.632700002, 1941190.2782000033], [961013.5531000015, 1941195.9988000025], [960843.3647000007, 1941172.8906000005], [960645.5995000005, 1941135.0452000012], [960500.4419000004, 1941084.0136000016], [960381.3023000003, 1941042.217000002], [960291.3307000018, 1941024.774], [960306.7113000012, 1941130.4207999997], [960301.0005000015, 1941222.2466000007], [960247.7528999997, 1941263.4883999997], [960166.137500001, 1941275.3638000009], [960107.5229000011, 1941281.7320000033], [960289.0066999998, 1941493.581600002], [960108.5871000022, 1941714.1139999987], [959923.3207000004, 1941940.5602000018], [959805.8451000006, 1942084.1486000018], [959801.7929000009, 1942089.108200002], [959797.7121000005, 1942094.3477999996], [959793.9023000015, 1942099.786], [959790.3635000017, 1942105.4026000013], [959787.0953000017, 1942111.1877999995], [959784.1279000002, 1942117.1312000032], [959781.4511000008, 1942123.2031999994], [959779.0749000023, 1942129.413400005], [959687.5459000005, 1942387.6842000005], [959683.6564000017, 1942398.657800003], [959741.844100002, 1942485.407200001], [959778.5595000025, 1942510.4160000042], [959991.3773000013, 1942655.3768000014], [960371.8416000009, 1942933.5800000015]]]}, "properties": {"x": "960508", "y": "1941890", "adm_cd": "11230710", "adm_nm": "서울특별시 강남구 개포4동"}}, {"type": "Feature", "geometry": {"type": "Polygon", "coordinates": [[[963765.8655000012, 1943605.3315999997], [963785.2719000014, 1943567.7098000017], [963904.4271000003, 1943374.3339999998], [964115.7808999999, 1943200.4568000017], [964122.6619000009, 1943184.2618000014], [964160.1485000013, 1942760.228800008], [964158.4299000007, 1942660.5489000066], [964145.4351000012, 1942611.5922000022], [964101.0589000015, 1942519.2538000003], [964074.6689000006, 1942454.9785999996], [964064.1813000003, 1942429.4338000063], [964045.0639000018, 1942218.6163999985], [964038.6445000017, 1942142.7500999987], [963900.0531000011, 1942143.1447999997], [963425.2129000016, 1941979.2074000016], [963380.0453000024, 1941959.2781999996], [963300.7602000011, 1941906.9407999995], [963240.2025000018, 1941914.1152000013], [963019.5678000016, 1941884.1546000037], [962774.6549000008, 1941826.6582000018], [962683.5353000009, 1941820.232000003], [962590.5518000005, 1941860.8904000032], [962491.5869000005, 1941906.3429999999], [962364.8936999999, 1941966.046200002], [962239.2765000015, 1942188.540599999], [962236.9507000018, 1942192.9552000002], [962219.5899000021, 1942245.753200002], [962210.873100001, 1942324.128800004], [962293.3799000022, 1942389.0624000016], [962374.4969000006, 1942437.3258000016], [962404.2607000018, 1942455.5528000055], [962408.2063000001, 1942460.5263999999], [962408.6501000002, 1942461.234400001], [962434.654700001, 1942502.7284000022], [962638.6623000011, 1942914.0876000058], [962638.8161000006, 1942914.5138000008], [962645.0183000006, 1942931.7170000032], [962652.5856999999, 1942952.7072000015], [962659.7675000015, 1942972.6286000018], [962694.7175000008, 1943069.9018000006], [962644.1843000017, 1943181.6372000007], [963029.7209000011, 1943351.6036000005], [963757.7551000002, 1943619.3280000007], [963765.8655000012, 1943605.3315999997]]]}, "properties": {"x": "963266", "y": "1942649", "adm_cd": "11230720", "adm_nm": "서울특별시 강남구 일원본동"}}, {"type": "Feature", "geometry": {"type": "Polygon", "coordinates": [[[964595.5503000012, 1943807.7986000027], [964530.2833000023, 1943780.8226000015], [964297.8669000017, 1943715.2185999993], [964131.9283, 1943744.3796000006], [964087.459500002, 1943735.5450000027], [964040.9671000008, 1943726.3081999985], [963926.0827000001, 1943699.4950000015], [963863.071300002, 1943682.267400002], [963815.1237000023, 1943666.6492000027], [963740.0593000014, 1943639.3114000037], [963730.0565000002, 1943625.620600002], [963732.9387000008, 1943623.5967999992], [963757.7551000002, 1943619.3280000007], [963029.7209000011, 1943351.6036000005], [962831.3873000012, 1943903.3858000014], [962966.7385000011, 1943961.6128000016], [962972.3719000018, 1943963.8237999987], [963646.9160000021, 1944233.5410000016], [963860.2533999998, 1944350.401300002], [964277.1308000023, 1944192.2635000045], [964791.0245000015, 1943885.871500005], [964595.5503000012, 1943807.7986000027]]]}, "properties": {"x": "963682", "y": "1944082", "adm_cd": "11230730", "adm_nm": "서울특별시 강남구 일원1동"}}, {"type": "Feature", "geometry": {"type": "Polygon", "coordinates": [[[964938.9240000007, 1943798.7400000019], [965336.3200000006, 1943383.285700003], [965666.6355000001, 1942799.1945999977], [965602.4849000012, 1942760.1133999994], [965486.910500002, 1942730.9334000014], [965248.5949000015, 1942695.0201999983], [965215.0269000012, 1942691.1126000003], [965130.7277000004, 1942686.5328000002], [965116.1525000011, 1942692.292400003], [965109.7891000018, 1942695.0884000019], [965102.6271000004, 1942700.6021999991], [965082.6621000019, 1942729.2044000002], [965063.4249000002, 1942756.8743999994], [965055.0893000022, 1942772.0310000004], [965043.0835000018, 1942794.0229999998], [965029.2304999996, 1942820.4096000025], [965019.5543000011, 1942838.9276000056], [964967.1561000019, 1942954.2558], [964881.1857000005, 1942938.4256000028], [964780.6755000014, 1942884.5276000034], [964509.7967000005, 1942659.903799999], [964468.3737000019, 1942621.060800002], [964434.6799000012, 1942565.4553999994], [964420.9371000004, 1942498.2075999992], [964461.4893000007, 1942314.9783999992], [964493.8477000013, 1942241.48], [964499.4923000017, 1942185.8136000028], [964499.4775000019, 1942185.7664000024], [964484.9175000021, 1942175.6043999994], [964484.8871000012, 1942175.5834000004], [964465.7607000025, 1942164.3000000035], [964444.8233000025, 1942160.4702000022], [964441.9187000024, 1942159.9389999998], [964222.8403000014, 1942161.161599999], [964038.6445000017, 1942142.7500999987], [964045.0639000018, 1942218.6163999985], [964064.1813000003, 1942429.4338000063], [964074.6689000006, 1942454.9785999996], [964101.0589000015, 1942519.2538000003], [964145.4351000012, 1942611.5922000022], [964158.4299000007, 1942660.5489000066], [964160.1485000013, 1942760.228800008], [964122.6619000009, 1943184.2618000014], [964115.7808999999, 1943200.4568000017], [963904.4271000003, 1943374.3339999998], [963785.2719000014, 1943567.7098000017], [963765.8655000012, 1943605.3315999997], [963757.7551000002, 1943619.3280000007], [963732.9387000008, 1943623.5967999992], [963730.0565000002, 1943625.620600002], [963740.0593000014, 1943639.3114000037], [963815.1237000023, 1943666.6492000027], [963863.071300002, 1943682.267400002], [963926.0827000001, 1943699.4950000015], [964040.9671000008, 1943726.3081999985], [964087.459500002, 1943735.5450000027], [964131.9283, 1943744.3796000006], [964297.8669000017, 1943715.2185999993], [964530.2833000023, 1943780.8226000015], [964595.5503000012, 1943807.7986000027], [964791.0245000015, 1943885.871500005], [964938.9240000007, 1943798.7400000019]]]}, "properties": {"x": "964641", "y": "1943347", "adm_cd": "11230750", "adm_nm": "서울특별시 강남구 수서동"}}, {"type": "Feature", "geometry": {"type": "Polygon", "coordinates": [[[964967.1561000019, 1942954.2558], [965019.5543000011, 1942838.9276000056], [965029.2304999996, 1942820.4096000025], [965043.0835000018, 1942794.0229999998], [965055.0893000022, 1942772.0310000004], [965063.4249000002, 1942756.8743999994], [965082.6621000019, 1942729.2044000002], [965102.6271000004, 1942700.6021999991], [965109.7891000018, 1942695.0884000019], [965116.1525000011, 1942692.292400003], [965130.7277000004, 1942686.5328000002], [965215.0269000012, 1942691.1126000003], [965248.5949000015, 1942695.0201999983], [965486.910500002, 1942730.9334000014], [965602.4849000012, 1942760.1133999994], [965666.6355000001, 1942799.1945999977], [965693.0385000006, 1942744.9471000026], [965721.2011000006, 1942687.2643000004], [965751.6022000012, 1942626.0363999982], [965782.9368000005, 1942566.8599999999], [965894.9117000016, 1942374.5524000032], [966010.2563000002, 1942178.8480999991], [966050.7223000008, 1942110.206900003], [966098.9023000023, 1942030.9650000022], [966173.4840000004, 1941907.873000001], [966373.2792000002, 1941572.2338999996], [966473.2116000023, 1941397.222800002], [966695.9322000017, 1941006.5506000053], [966768.7311000017, 1940878.3187000062], [966763.0946000014, 1940875.5376000013], [966729.7470000018, 1940857.7210999995], [966679.6520000008, 1940818.5634000017], [966560.5345000017, 1940725.3303000005], [966171.4710000003, 1940401.4570000025], [966171.1080000019, 1940400.8342000002], [966141.5167000007, 1940346.610000004], [966139.8488000019, 1940343.5535000032], [966128.2079999998, 1940322.1852000018], [966128.2050000012, 1940322.1444000024], [966123.5548000023, 1940257.3905999996], [966120.5346000006, 1940209.9744000044], [966119.9392000004, 1940188.9546000024], [966118.5764000004, 1940006.6889999993], [966105.6954000002, 1940005.3402], [966101.0695000016, 1940004.8560000043], [966060.5858000015, 1940002.0094000027], [966050.3858000024, 1940001.8970000017], [966029.9398, 1940001.6717000012], [965994.8912000007, 1940013.571600007], [965993.1767000007, 1940014.2985000017], [965859.0048000007, 1940104.9741999982], [965830.7049000021, 1940129.0208000029], [965822.0778000018, 1940136.7204000014], [965811.8112000015, 1940147.7707000007], [965754.0415000017, 1940217.845400001], [965766.9481000018, 1940230.1824999996], [965791.4284000001, 1940242.9849999985], [965800.923600001, 1940251.619400002], [965804.7595000004, 1940259.2522000019], [965804.7595000004, 1940259.2865999998], [965804.7573999997, 1940273.6093999995], [965804.7564000009, 1940279.4326000004], [965707.3070000007, 1940326.1806000017], [965671.1533000023, 1940341.7721000013], [965394.221600001, 1940399.746999998], [965234.5988000012, 1940424.051800002], [965216.2244000012, 1940428.6782000011], [965198.1146000016, 1940430.2426000005], [965171.5764000011, 1940428.4129000003], [965009.9966000018, 1940403.3406000047], [965010.2148000009, 1940402.441000001], [965017.6460000013, 1940371.8045000024], [965021.0435000007, 1940276.282800003], [964973.6539000021, 1940167.8746000002], [964962.0404000013, 1940154.2842000006], [964562.1094000005, 1939795.3948000027], [964467.4514000004, 1939761.8146000039], [964200.8380000022, 1939765.5052999998], [964213.3457000019, 1939925.3806000026], [964172.5579000018, 1940274.4724000008], [964126.3115000015, 1940274.3022000012], [964014.4313000019, 1940308.390600002], [963910.6697000023, 1940422.6845999984], [963921.1292000024, 1940569.9554000013], [963925.4219000018, 1940597.563200003], [963924.1367000006, 1940682.043000002], [963923.5795000007, 1940712.3866000024], [963915.398700001, 1940746.578], [963890.6895000022, 1940793.4406000017], [963886.5017000008, 1940801.3830000004], [963782.148300001, 1940960.430200005], [963459.4683000015, 1941356.0998000004], [963445.6259000018, 1941372.5688000005], [963387.3371000013, 1941409.8566000005], [963344.3345000019, 1941418.1870000004], [963313.9957000001, 1941422.0533000007], [963305.4746000019, 1941423.1397999981], [963266.0167000007, 1941519.4804000002], [963228.4252000023, 1941612.097500002], [963258.1807000015, 1941849.785800002], [963300.7602000011, 1941906.9407999995], [963380.0453000024, 1941959.2781999996], [963425.2129000016, 1941979.2074000016], [963900.0531000011, 1942143.1447999997], [964038.6445000017, 1942142.7500999987], [964222.8403000014, 1942161.161599999], [964441.9187000024, 1942159.9389999998], [964444.8233000025, 1942160.4702000022], [964465.7607000025, 1942164.3000000035], [964484.8871000012, 1942175.5834000004], [964484.9175000021, 1942175.6043999994], [964499.4775000019, 1942185.7664000024], [964499.4923000017, 1942185.8136000028], [964493.8477000013, 1942241.48], [964461.4893000007, 1942314.9783999992], [964420.9371000004, 1942498.2075999992], [964434.6799000012, 1942565.4553999994], [964468.3737000019, 1942621.060800002], [964509.7967000005, 1942659.903799999], [964780.6755000014, 1942884.5276000034], [964881.1857000005, 1942938.4256000028], [964967.1561000019, 1942954.2558]]]}, "properties": {"x": "965009", "y": "1941350", "adm_cd": "11230760", "adm_nm": "서울특별시 강남구 세곡동"}}, {"type": "Feature", "geometry": {"type": "Polygon", "coordinates": [[[957884.7535000014, 1948604.5602000041], [958989.4128000012, 1948602.5761999995], [959156.1769000019, 1948601.528400003], [959180.510500002, 1948601.3705000007], [959285.6421000017, 1948600.688200003], [959325.862500001, 1948600.3950999985], [959394.1771000015, 1948599.8770000031], [959830.2979000001, 1948444.470600001], [959860.0267000017, 1948433.7240000023], [959867.0683000006, 1948431.1774], [959893.0461000005, 1948421.782400004], [959939.9187000013, 1948386.4450000003], [959934.3811000017, 1948387.565999999], [959862.7325000013, 1948101.2846000008], [959687.3869000005, 1947622.7332000004], [959561.6928000012, 1947663.6605999996], [959416.8263000015, 1947710.8315999997], [959269.5778000015, 1947197.7440000032], [958298.177600001, 1946816.1552000039], [958319.761000002, 1947221.3929999983], [958322.1342000018, 1947269.7668000017], [958326.577800001, 1947360.3469999977], [958330.6626000011, 1947443.6222000066], [958331.5418000005, 1947465.5918000021], [958332.0600000012, 1947478.5497999997], [958334.8752000012, 1947548.9546000022], [958335.6258000014, 1947567.7362000002], [958335.3954000017, 1947573.480599999], [958335.3898000019, 1947573.6202000026], [958335.1828000003, 1947578.7762000018], [958333.760100001, 1947614.1644000057], [958333.3316000011, 1947624.8214000002], [958325.829800002, 1947648.4462000001], [958322.5344000018, 1947658.8218000014], [958317.1183000023, 1947669.3720999998], [958295.1146000003, 1947712.2342000026], [958243.153000001, 1947770.4750000015], [958184.7982000008, 1947831.7479999985], [958134.898600002, 1947884.1429999995], [958133.2266000004, 1947886.2386000035], [958101.5370000018, 1947925.957400002], [958092.7076000021, 1947937.0240000004], [958061.9047000015, 1947975.632899999], [958055.7219000023, 1947983.3827999996], [958052.9883000009, 1947986.8094000025], [958008.4755000006, 1948067.0468000064], [957994.4971000021, 1948092.2447999995], [957981.8944000001, 1948114.9631999996], [957731.0111000019, 1948575.7660000012], [957697.0454000019, 1948607.8214000016], [957884.7535000014, 1948604.5602000041]]]}, "properties": {"x": "958856", "y": "1947929", "adm_cd": "11230770", "adm_nm": "서울특별시 강남구 압구정동"}}, {"type": "Feature", "geometry": {"type": "Polygon", "coordinates": [[[959934.3811000017, 1948387.565999999], [959939.9187000013, 1948386.4450000003], [960146.1439000017, 1948229.7182000023], [960331.5543000017, 1948089.9795999993], [960370.5363000007, 1948060.4740000018], [960390.8613000014, 1948044.9220000017], [960423.6051000021, 1948019.1202000012], [960545.2009000012, 1947919.2170000034], [960683.7873000012, 1947805.3747999994], [960691.5725, 1947799.0070000011], [960724.0729000013, 1947786.0896000008], [960750.5073000013, 1947775.5903999987], [960775.8324999997, 1947765.5508000024], [960784.1576000006, 1947762.2607000035], [960788.4873000016, 1947760.5496000014], [960789.1121000017, 1947761.9441000018], [961491.8127000015, 1947447.7287000013], [961602.595, 1947394.4705000012], [961448.0547000009, 1947014.7090000003], [961447.4143000022, 1947013.1358000052], [961397.5201000014, 1947018.2530000005], [961391.7843000008, 1947022.4118000038], [960858.696400001, 1946843.0254000006], [960259.2525000025, 1946710.8927999986], [959462.1464000009, 1946535.4416000042], [959269.5778000015, 1947197.7440000032], [959416.8263000015, 1947710.8315999997], [959561.6928000012, 1947663.6605999996], [959687.3869000005, 1947622.7332000004], [959862.7325000013, 1948101.2846000008], [959934.3811000017, 1948387.565999999]]]}, "properties": {"x": "960285", "y": "1947324", "adm_cd": "11230780", "adm_nm": "서울특별시 강남구 청담동"}}, {"type": "Feature", "geometry": {"type": "Polygon", "coordinates": [[[962183.9679000003, 1944609.706600002], [962273.6341000015, 1944311.2198000022], [962273.4989000014, 1944268.6966000018], [962272.0929000006, 1944231.6079999995], [962268.7430999998, 1944210.6337999995], [962263.9757000012, 1944186.248200003], [962258.2171000018, 1944163.4771999998], [962250.6605000005, 1944142.8051999991], [962239.4929000005, 1944116.0444000005], [962225.525500002, 1944089.0986000025], [962206.1493000005, 1944058.262800003], [962193.1301000018, 1944039.861800002], [962191.394400001, 1944037.4088000015], [962182.3363000005, 1944025.4486000012], [962158.6377000015, 1943994.158800005], [962136.3275000001, 1943966.0874000008], [961955.1343000013, 1943773.290000002], [961948.9971000024, 1943766.973600001], [961945.6261000007, 1943763.504200006], [961936.0001000011, 1943754.1286000016], [961920.5069000007, 1943739.2263999977], [961899.3539000007, 1943720.1455999995], [961890.4449, 1943712.1757999985], [961881.2067000021, 1943704.287600005], [961871.7795000006, 1943696.6105999989], [961861.9931000005, 1943689.0252000017], [961846.4286000014, 1943678.0824000016], [961839.2167000019, 1943673.0120000006], [961821.3953000002, 1943662.0403999998], [961803.7383000009, 1943651.8878000008], [961794.8048, 1943646.8369999982], [961785.8427000006, 1943641.9964000043], [961776.8203000003, 1943637.1360000009], [961767.6388999998, 1943632.4664000012], [961758.3979000007, 1943627.8470000047], [961748.9581000013, 1943623.4388000001], [961739.3089000011, 1943619.1113999998], [961729.5821000019, 1943615.2344000025], [961720.055900001, 1943611.4964000029], [961718.6956000011, 1943610.9922000007], [961710.2703000021, 1943607.8696000013], [961700.4261000013, 1943604.4929999998], [961690.6729000008, 1943601.3258000035], [961680.6201000004, 1943598.180199999], [961670.2995000014, 1943595.4262000022], [961660.1203000015, 1943592.9808000014], [961584.4395000014, 1943576.127999999], [961418.1443000003, 1943976.7182000026], [961383.808100001, 1944069.375200001], [961321.8915000001, 1944216.6278000018], [961304.2497, 1944258.5153999997], [961291.4563, 1944288.8903999997], [961281.8601000019, 1944311.6742000026], [961280.7641000018, 1944314.269000002], [961227.861100001, 1944438.9050000005], [961181.3987000012, 1944459.061000002], [961169.887000001, 1944486.4030000004], [960979.2965000011, 1944938.7915999996], [960875.4227000002, 1945185.2908000005], [960866.4182000012, 1945206.6590000014], [960805.5224000008, 1945340.9012000035], [960761.3885000008, 1945359.7894000008], [960818.3778999997, 1945381.4213999982], [960892.8294000006, 1945409.6824999996], [961000.6345000006, 1945450.6043000012], [961688.214900002, 1945711.5841000034], [961764.5610000005, 1945728.0549000036], [961897.3567000012, 1945756.3099000026], [961919.6806000003, 1945519.7482999996], [961923.5464000022, 1945478.7513000024], [961930.9122000023, 1945398.2431000015], [961933.7518000016, 1945366.2659000014], [961935.599200001, 1945345.4611000023], [961939.9541000002, 1945296.4174000057], [961940.4454000015, 1945290.8475000001], [961947.579600001, 1945209.949400003], [961957.0152000012, 1945102.9541000004], [961958.0669000007, 1945091.0267999992], [961965.9825000009, 1944998.300900001], [961968.5459000005, 1944979.734600002], [961970.4845000023, 1944965.6938000016], [961976.6173000021, 1944921.2755999998], [961977.1999000025, 1944917.0609999998], [962184.8081000005, 1944890.732999999], [962183.9679000003, 1944609.706600002]]]}, "properties": {"x": "961610", "y": "1944723", "adm_cd": "11230790", "adm_nm": "서울특별시 강남구 대치2동"}}, {"type": "Feature", "geometry": {"type": "Polygon", "coordinates": [[[962232.6075000006, 1943714.2325999988], [962243.9549000018, 1943688.2422000007], [962252.1453000009, 1943687.1815000009], [962449.3172000018, 1943734.42], [962530.1945000017, 1943767.0659999996], [962539.3903000002, 1943763.1591000021], [962600.6743000017, 1943611.3393000038], [962616.0355000005, 1943573.2844000005], [962699.3725000005, 1943270.9272000017], [962696.9017000017, 1943263.952], [962644.1843000017, 1943181.6372000007], [962694.7175000008, 1943069.9018000006], [962659.7675000015, 1942972.6286000018], [962652.5856999999, 1942952.7072000015], [962645.0183000006, 1942931.7170000032], [962638.8161000006, 1942914.5138000008], [962638.6623000011, 1942914.0876000058], [962434.654700001, 1942502.7284000022], [962408.6501000002, 1942461.234400001], [962408.2063000001, 1942460.5263999999], [962404.2607000018, 1942455.5528000055], [962374.4969000006, 1942437.3258000016], [962293.3799000022, 1942389.0624000016], [962210.873100001, 1942324.128800004], [962219.5899000021, 1942245.753200002], [962236.9507000018, 1942192.9552000002], [962239.2765000015, 1942188.540599999], [962364.8936999999, 1941966.046200002], [962491.5869000005, 1941906.3429999999], [962590.5518000005, 1941860.8904000032], [962234.9827000002, 1941524.6672000021], [962195.9977000003, 1941587.8948000015], [961955.0478999998, 1941982.6994000026], [961941.2355000016, 1942006.8709999998], [961936.631400001, 1942026.8223999992], [961936.247700002, 1942046.0062000034], [961939.7009000016, 1942073.2474000002], [961952.8503000019, 1942109.9616], [961978.4522000002, 1942181.4445999996], [961896.1473000012, 1942269.2898000004], [961885.182700001, 1942280.9924000073], [961858.7449000006, 1942309.2094000012], [961650.2735000015, 1942380.389200003], [961502.2341000002, 1942342.048], [961223.3460999997, 1942632.6876000012], [961064.8831000003, 1942797.972800002], [961035.1189000017, 1942829.038799999], [960946.6997000015, 1942924.8710000042], [960785.8975000008, 1943241.5538000036], [960788.5941000006, 1943243.5596000012], [960834.1897000014, 1943277.4746000017], [960843.071300002, 1943284.0749999997], [960843.7931000018, 1943284.4710000022], [960868.9731000012, 1943298.277399999], [961035.1771000021, 1943389.4077999992], [961035.3461000009, 1943389.4582], [961134.9596999997, 1943419.0779999988], [961201.7467000005, 1943438.9368000042], [961226.7875000003, 1943444.6022000015], [961300.1996999999, 1943461.2109999983], [961349.1853000014, 1943472.2935999993], [961603.647300001, 1943529.8638000027], [961603.3243000006, 1943530.6420000005], [961584.4395000014, 1943576.127999999], [961660.1203000015, 1943592.9808000014], [961670.2995000014, 1943595.4262000022], [961680.6201000004, 1943598.180199999], [961690.6729000008, 1943601.3258000035], [961700.4261000013, 1943604.4929999998], [961710.2703000021, 1943607.8696000013], [961718.6956000011, 1943610.9922000007], [961720.055900001, 1943611.4964000029], [961729.5821000019, 1943615.2344000025], [961739.3089000011, 1943619.1113999998], [961748.9581000013, 1943623.4388000001], [961758.3979000007, 1943627.8470000047], [961767.6388999998, 1943632.4664000012], [961776.8203000003, 1943637.1360000009], [961785.8427000006, 1943641.9964000043], [961794.8048, 1943646.8369999982], [961803.7383000009, 1943651.8878000008], [961821.3953000002, 1943662.0403999998], [961839.2167000019, 1943673.0120000006], [961846.4286000014, 1943678.0824000016], [961861.9931000005, 1943689.0252000017], [961871.7795000006, 1943696.6105999989], [961881.2067000021, 1943704.287600005], [961890.4449, 1943712.1757999985], [961899.3539000007, 1943720.1455999995], [961920.5069000007, 1943739.2263999977], [961936.0001000011, 1943754.1286000016], [961945.6261000007, 1943763.504200006], [961948.9971000024, 1943766.973600001], [961955.1343000013, 1943773.290000002], [962136.3275000001, 1943966.0874000008], [962232.6075000006, 1943714.2325999988]]]}, "properties": {"x": "961901", "y": "1942923", "adm_cd": "11230800", "adm_nm": "서울특별시 강남구 개포2동"}}, {"type": "Feature", "geometry": {"type": "Polygon", "coordinates": [[[966123.5671000017, 1949250.522999999], [966733.1427000011, 1948880.4606000008], [966552.5923000005, 1948261.2568], [966552.2719000013, 1948261.2920000018], [966256.2783000019, 1948368.4946999988], [965904.5847000018, 1948496.0351000023], [965706.587100002, 1948567.9548999993], [965349.0517000013, 1948706.1065000016], [965136.8793000019, 1948783.5285000014], [965023.5628000018, 1948824.8778], [965395.0547000021, 1949192.314800005], [965418.9680000012, 1949246.8378000017], [965452.9142000015, 1949324.2368000005], [965480.4202000003, 1949386.9521999988], [965480.4930000007, 1949387.1182000013], [965489.6933000013, 1949387.0934000025], [965695.4804000002, 1949386.5375999985], [965821.9385000013, 1949386.196000001], [965821.9167000011, 1949386.0038000015], [965821.7163000004, 1949384.2369999993], [965816.4660000014, 1949365.3589999988], [965816.9032000008, 1949365.1914000025], [965842.5990000016, 1949355.3422000012], [965940.8417, 1949318.5812000004], [966123.5671000017, 1949250.522999999]]]}, "properties": {"x": "965957", "y": "1948859", "adm_cd": "11240510", "adm_nm": "서울특별시 송파구 풍납1동"}}, {"type": "Feature", "geometry": {"type": "Polygon", "coordinates": [[[966150.7465000022, 1947259.1042999998], [966144.9464999997, 1947247.3896999985], [965820.5192000022, 1947248.8899000026], [965703.7258000014, 1947249.430000002], [965001.691500001, 1947252.6766000018], [964944.9429000003, 1947252.9391000015], [964764.987000002, 1947265.4220000026], [964152.4350000008, 1947965.5538000003], [964840.4853000005, 1948644.0791000044], [965023.5628000018, 1948824.8778], [965136.8793000019, 1948783.5285000014], [965349.0517000013, 1948706.1065000016], [965706.587100002, 1948567.9548999993], [965904.5847000018, 1948496.0351000023], [966256.2783000019, 1948368.4946999988], [966552.2719000013, 1948261.2920000018], [966361.5228000011, 1947686.6640000022], [966150.7465000022, 1947259.1042999998]]]}, "properties": {"x": "965378", "y": "1947945", "adm_cd": "11240520", "adm_nm": "서울특별시 송파구 풍납2동"}}, {"type": "Feature", "geometry": {"type": "Polygon", "coordinates": [[[968406.8484000012, 1944518.6264999998], [968756.3173000019, 1944349.510299999], [968641.6081000015, 1944031.1345000016], [968532.4611000016, 1943712.0419], [968416.1844000001, 1943381.2345000003], [968383.4865000002, 1943568.7048000023], [968329.5187000013, 1943701.1098000016], [968321.9457000021, 1943716.9937999998], [968320.5637000011, 1943718.4005999998], [968313.3339, 1943719.8184000016], [968304.9221000012, 1943718.8631999993], [968303.809700001, 1943699.4366000015], [968306.7335000022, 1943689.065200002], [968309.2911000022, 1943677.4560000012], [968310.4419000002, 1943662.5756000022], [968304.3995000015, 1943659.7988000023], [967930.7498000014, 1943504.4752999982], [967914.9001000002, 1943610.6399000015], [967996.0431000004, 1943896.4833000032], [968001.1415000008, 1943963.0189000012], [968121.7463000008, 1944104.7854999993], [968326.1175000009, 1944567.135199998], [968406.8484000012, 1944518.6264999998]]]}, "properties": {"x": "968230", "y": "1943954", "adm_cd": "11240530", "adm_nm": "서울특별시 송파구 거여1동"}}, {"type": "Feature", "geometry": {"type": "Polygon", "coordinates": [[[968756.3173000019, 1944349.510299999], [968966.2463000014, 1944166.5091000018], [969278.2663000014, 1943811.085299999], [969173.2900000005, 1943778.4340000027], [969090.491400001, 1943709.2513000015], [969083.9943000008, 1943703.2561000008], [968947.7365000015, 1943475.8332999991], [968771.7911000014, 1943179.4135000003], [968734.790500001, 1943167.869100003], [968703.721300001, 1943166.3559000038], [968654.194700002, 1943167.4565000006], [968587.9359000007, 1943179.5481000054], [968416.1844000001, 1943381.2345000003], [968532.4611000016, 1943712.0419], [968641.6081000015, 1944031.1345000016], [968756.3173000019, 1944349.510299999]]]}, "properties": {"x": "968810", "y": "1943704", "adm_cd": "11240540", "adm_nm": "서울특별시 송파구 거여2동"}}, {"type": "Feature", "geometry": {"type": "Polygon", "coordinates": [[[970012.6069000005, 1944505.9296000013], [970044.9169, 1944499.8529999997], [969933.7990000009, 1944104.349400002], [969942.3799000018, 1944056.9480000024], [969946.822700002, 1943993.4480000008], [969947.391700001, 1943956.4913000015], [969922.2812000003, 1943874.7178000028], [969919.3078000017, 1943866.4456999996], [969913.9317000003, 1943852.3027000013], [969901.9356000025, 1943834.6220999996], [969884.330700001, 1943819.3781999992], [969735.6023000022, 1943492.192900001], [969333.5328000018, 1943765.1415999983], [969278.2663000014, 1943811.085299999], [968966.2463000014, 1944166.5091000018], [968973.4877000016, 1944174.583500002], [969025.0547000009, 1944232.0748999994], [969050.8111000013, 1944260.7859000012], [969051.1109999998, 1944261.1201000013], [969155.6501000015, 1944243.1979], [969242.517, 1944223.9967000014], [969333.2501000001, 1944244.3903000029], [969408.7037000009, 1944279.1189000006], [969575.1240000019, 1944366.4968000017], [969640.9512000015, 1944404.2487999992], [969641.1688000013, 1944404.4162000024], [969741.4743000016, 1944492.3204000003], [969744.119300002, 1944506.8923999988], [969803.3273000021, 1944585.6875999994], [969837.0316000022, 1944597.085000002], [969851.046500002, 1944592.4258000008], [969893.853100002, 1944578.1946000007], [970012.6069000005, 1944505.9296000013]]]}, "properties": {"x": "969606", "y": "1944071", "adm_cd": "11240550", "adm_nm": "서울특별시 송파구 마천1동"}}, {"type": "Feature", "geometry": {"type": "Polygon", "coordinates": [[[969215.0510000014, 1944955.2424000017], [969251.0701000013, 1944912.6873000013], [969350.093900002, 1944880.0503000016], [969633.2311000024, 1944787.9915000019], [969634.5690000006, 1944788.4884999995], [969643.5917000019, 1944791.8410999994], [969739.9639000011, 1944923.2004999993], [969747.8978000024, 1944934.0145999994], [969848.0656000024, 1944846.1426999988], [969992.3395000008, 1944701.8719000001], [970049.9358000003, 1944630.6725000043], [970055.2781000007, 1944624.0683000023], [970070.2988000014, 1944602.4660000033], [970073.8323000021, 1944582.6421000008], [970072.7405000012, 1944547.4743000017], [970066.8632000006, 1944528.8565999991], [970057.6557000019, 1944512.629700001], [970044.9169, 1944499.8529999997], [970012.6069000005, 1944505.9296000013], [969893.853100002, 1944578.1946000007], [969851.046500002, 1944592.4258000008], [969837.0316000022, 1944597.085000002], [969803.3273000021, 1944585.6875999994], [969744.119300002, 1944506.8923999988], [969741.4743000016, 1944492.3204000003], [969641.1688000013, 1944404.4162000024], [969640.9512000015, 1944404.2487999992], [969575.1240000019, 1944366.4968000017], [969408.7037000009, 1944279.1189000006], [969333.2501000001, 1944244.3903000029], [969242.517, 1944223.9967000014], [969155.6501000015, 1944243.1979], [969051.1109999998, 1944261.1201000013], [969050.8111000013, 1944260.7859000012], [969025.0547000009, 1944232.0748999994], [968973.4877000016, 1944174.583500002], [968966.2463000014, 1944166.5091000018], [968756.3173000019, 1944349.510299999], [968406.8484000012, 1944518.6264999998], [968326.1175000009, 1944567.135199998], [968544.0529000012, 1945073.558800003], [968670.1219000011, 1944956.998600001], [968980.6760000009, 1945028.0126], [969110.6553000009, 1945068.9962], [969215.0510000014, 1944955.2424000017]]]}, "properties": {"x": "969124", "y": "1944631", "adm_cd": "11240560", "adm_nm": "서울특별시 송파구 마천2동"}}, {"type": "Feature", "geometry": {"type": "Polygon", "coordinates": [[[966642.4440000015, 1946145.0833], [966705.239700001, 1946158.2655000049], [966790.2144000011, 1946114.1040000007], [966853.2786000016, 1946081.3293000008], [966917.819000002, 1946047.787400003], [966976.0704000012, 1946017.513900003], [967017.3295000005, 1945996.0689000026], [967085.0179000004, 1945960.886700001], [967109.6143000007, 1945948.1017], [967115.7521000013, 1945944.9102999996], [967132.5259000016, 1945936.1885000025], [967123.5673000014, 1945901.1866999995], [966739.9797, 1945128.5946999993], [966120.7825000001, 1945457.9947000025], [966507.1669000015, 1946208.499700001], [966642.4440000015, 1946145.0833]]]}, "properties": {"x": "966632", "y": "1945685", "adm_cd": "11240570", "adm_nm": "서울특별시 송파구 방이1동"}}, {"type": "Feature", "geometry": {"type": "Polygon", "coordinates": [[[966062.696300002, 1946410.094200002], [966507.1669000015, 1946208.499700001], [966120.7825000001, 1945457.9947000025], [965743.5538000003, 1945732.951100001], [965368.6789000018, 1945927.9968000017], [965240.3280999998, 1946315.4065000014], [965792.7511000012, 1946532.4390999996], [966062.696300002, 1946410.094200002]]]}, "properties": {"x": "965879", "y": "1946063", "adm_cd": "11240580", "adm_nm": "서울특별시 송파구 방이2동"}}, {"type": "Feature", "geometry": {"type": "Polygon", "coordinates": [[[968048.6986000012, 1946730.8594000018], [968061.3078000008, 1946735.0271000024], [968259.4136000001, 1946624.437400003], [968408.3418, 1946540.5472000025], [968636.6418000015, 1946453.1945000016], [968594.4570000006, 1946317.5211], [968366.4393000014, 1946321.2579000015], [968289.7789000018, 1946262.2320000008], [968297.6194000011, 1945934.9721000046], [968204.7114000011, 1945680.2802000013], [968184.1566000022, 1945559.404400002], [968184.3601000003, 1945532.9136000015], [968085.9775000019, 1945366.7431000033], [968069.2389000009, 1945374.0520000001], [968044.7137000007, 1945385.8473000024], [968024.8499000013, 1945395.4016000035], [967669.1999000005, 1945577.6459000027], [967663.4141000006, 1945616.6954999994], [967662.8983000014, 1945620.1771], [967662.8051000014, 1945620.8061000016], [967654.9772000002, 1945624.876400007], [967123.5673000014, 1945901.1866999995], [967132.5259000016, 1945936.1885000025], [967115.7521000013, 1945944.9102999996], [967109.6143000007, 1945948.1017], [967085.0179000004, 1945960.886700001], [967017.3295000005, 1945996.0689000026], [966976.0704000012, 1946017.513900003], [966917.819000002, 1946047.787400003], [966853.2786000016, 1946081.3293000008], [966790.2144000011, 1946114.1040000007], [966705.239700001, 1946158.2655000049], [966642.4440000015, 1946145.0833], [966507.1669000015, 1946208.499700001], [966062.696300002, 1946410.094200002], [965792.7511000012, 1946532.4390999996], [965939.6306999999, 1946830.7155000002], [966144.9464999997, 1947247.3896999985], [966150.7465000022, 1947259.1042999998], [966361.5228000011, 1947686.6640000022], [967191.5219000019, 1947222.0308000024], [967646.790400001, 1946967.1519], [968048.6986000012, 1946730.8594000018]]]}, "properties": {"x": "967189", "y": "1946534", "adm_cd": "11240590", "adm_nm": "서울특별시 송파구 오륜동"}}, {"type": "Feature", "geometry": {"type": "Polygon", "coordinates": [[[968085.9775000019, 1945366.7431000033], [968184.3601000003, 1945532.9136000015], [968211.2084000002, 1945505.4930000056], [968302.0886000025, 1945357.545000002], [968313.1567000023, 1945338.7436000016], [968316.4109000015, 1945330.8852000006], [968316.0944999998, 1945330.2312000026], [968294.358700002, 1945298.858400001], [968286.3033000007, 1945287.8114000033], [968284.6173000005, 1945286.0108000024], [968270.2657000003, 1945270.6840000018], [968253.8983000012, 1945250.1855000001], [968273.0879000006, 1945206.0666000019], [968280.0248000014, 1945190.7157000005], [968378.9535999997, 1945128.3186000031], [968484.0253000001, 1945075.6890000007], [968528.2808999999, 1945074.1112000046], [968544.0529000012, 1945073.558800003], [968326.1175000009, 1944567.135199998], [968121.7463000008, 1944104.7854999993], [967360.8383000013, 1944620.1595000015], [967330.6041000012, 1944645.5615999983], [967181.9343000001, 1944770.470699999], [967165.651900002, 1944784.1509000005], [967130.618500002, 1944813.6909000007], [966739.9797, 1945128.5946999993], [967123.5673000014, 1945901.1866999995], [967654.9772000002, 1945624.876400007], [967662.8051000014, 1945620.8061000016], [967662.8983000014, 1945620.1771], [967663.4141000006, 1945616.6954999994], [967669.1999000005, 1945577.6459000027], [968024.8499000013, 1945395.4016000035], [968044.7137000007, 1945385.8473000024], [968069.2389000009, 1945374.0520000001], [968085.9775000019, 1945366.7431000033]]]}, "properties": {"x": "967658", "y": "1945037", "adm_cd": "11240600", "adm_nm": "서울특별시 송파구 오금동"}}, {"type": "Feature", "geometry": {"type": "Polygon", "coordinates": [[[965536.3785000013, 1944822.1461], [965536.1055000001, 1944822.0703000012], [965167.0001000001, 1945335.7815000033], [964999.1489000006, 1945569.371700003], [965368.6789000018, 1945927.9968000017], [965743.5538000003, 1945732.951100001], [966120.7825000001, 1945457.9947000025], [966086.8643000012, 1945387.949500003], [966054.597800001, 1945323.3172999986], [966019.7506999999, 1945253.5170000042], [965950.8710000012, 1945125.7411000016], [965950.3021999998, 1945124.6863000025], [965894.6753000024, 1945049.3103000028], [965887.6871000009, 1945040.6657000007], [965866.122900001, 1945013.9903000025], [965814.2883000005, 1944966.293500002], [965810.8401000017, 1944963.1207000017], [965759.9153000012, 1944923.4047000022], [965704.2930000003, 1944889.5189000014], [965699.6312, 1944887.1239000016], [965656.2407000002, 1944864.8363000038], [965607.7145000019, 1944845.2271000014], [965581.7543000006, 1944834.7375000012], [965581.2057000012, 1944834.5852000054], [965536.3785000013, 1944822.1461]]]}, "properties": {"x": "965563", "y": "1945394", "adm_cd": "11240610", "adm_nm": "서울특별시 송파구 송파1동"}}, {"type": "Feature", "geometry": {"type": "Polygon", "coordinates": [[[966344.0405000013, 1944658.5821000033], [965949.9211000002, 1944390.2243000024], [965669.5997000011, 1944636.354100002], [965536.1055000001, 1944822.0703000012], [965536.3785000013, 1944822.1461], [965581.2057000012, 1944834.5852000054], [965581.7543000006, 1944834.7375000012], [965607.7145000019, 1944845.2271000014], [965656.2407000002, 1944864.8363000038], [965699.6312, 1944887.1239000016], [965704.2930000003, 1944889.5189000014], [965759.9153000012, 1944923.4047000022], [965810.8401000017, 1944963.1207000017], [965814.2883000005, 1944966.293500002], [965866.122900001, 1945013.9903000025], [965887.6871000009, 1945040.6657000007], [965894.6753000024, 1945049.3103000028], [965950.3021999998, 1945124.6863000025], [965950.8710000012, 1945125.7411000016], [966019.7506999999, 1945253.5170000042], [966054.597800001, 1945323.3172999986], [966086.8643000012, 1945387.949500003], [966120.7825000001, 1945457.9947000025], [966739.9797, 1945128.5946999993], [966726.5319000005, 1945101.4751000018], [966708.8187000006, 1945065.7536999986], [966701.182100001, 1945050.7598999995], [966699.4195000008, 1945047.4737000014], [966693.2266000017, 1945035.9276999997], [966684.9521000015, 1945021.2673000018], [966676.3787000014, 1945006.7881000014], [966667.5061999997, 1944992.4807000007], [966658.3349000015, 1944978.3747000042], [966648.8649000011, 1944964.4601000012], [966639.095900002, 1944950.7470999998], [966629.048300002, 1944937.2455000014], [966618.7217000013, 1944923.9653000045], [966608.1165000016, 1944910.8965000017], [966597.232700001, 1944898.0491000009], [966586.0901000018, 1944885.4428999997], [966574.6789000004, 1944873.0680999993], [966563.0091000026, 1944860.9447000045], [966551.0907000004, 1944849.062300003], [966538.9238000016, 1944837.4313000022], [966458.2018000005, 1944761.9100000025], [966407.7981000006, 1944714.7536999993], [966398.6921000017, 1944706.2344000032], [966371.7934999997, 1944681.9161000014], [966354.6299, 1944667.4852999998], [966344.0405000013, 1944658.5821000033]]]}, "properties": {"x": "966149", "y": "1944915", "adm_cd": "11240620", "adm_nm": "서울특별시 송파구 송파2동"}}, {"type": "Feature", "geometry": {"type": "Polygon", "coordinates": [[[965167.0001000001, 1945335.7815000033], [965536.1055000001, 1944822.0703000012], [965669.5997000011, 1944636.354100002], [965581.8915000004, 1944598.8097000006], [965506.918000001, 1944701.7012000042], [965497.031200001, 1944702.1275999988], [965493.7060000014, 1944702.2710000002], [965044.6832000015, 1944537.159700002], [964434.8657000018, 1944312.9189000009], [964411.3429, 1944259.3698999994], [964364.7989000017, 1944694.5468000027], [964407.0331000003, 1945327.7113], [964408.2556999997, 1945327.4748999989], [964419.8450999999, 1945325.2343000022], [964438.3299000012, 1945322.1185000036], [964440.4789000027, 1945321.7563000063], [964461.2783000018, 1945319.3568999982], [964482.1734999998, 1945318.0567000043], [964503.1044000001, 1945317.8458999987], [964537.0820000023, 1945319.8351000012], [964544.8537000008, 1945320.7134999991], [964565.5621000017, 1945323.782699999], [964586.0864000011, 1945327.9323000005], [964606.3563000008, 1945333.1528999987], [964626.3320000009, 1945339.4246999985], [964636.9288000017, 1945343.3709000004], [964645.9430999998, 1945346.7278999991], [964665.1501000004, 1945355.053100001], [964682.6594000006, 1945363.7169000022], [964705.3235000013, 1945375.5622999999], [964808.772800002, 1945430.0235000006], [964821.1633000021, 1945436.6753000005], [964845.5462999998, 1945450.3008999992], [964869.4371000007, 1945465.3684999994], [964881.1833000012, 1945473.0633000017], [964892.7908000005, 1945480.9689000007], [964904.2593000021, 1945489.0650999988], [964915.5889000006, 1945497.3619], [964926.7697000022, 1945505.8595000007], [964937.8016000015, 1945514.5475000013], [964941.5698, 1945517.6247000005], [964948.6745000011, 1945523.4267000007], [964959.3985000006, 1945532.4963000035], [964969.9537000009, 1945541.7569000032], [964990.5867000002, 1945560.8103000019], [964999.1489000006, 1945569.371700003], [965167.0001000001, 1945335.7815000033]]]}, "properties": {"x": "964872", "y": "1944912", "adm_cd": "11240630", "adm_nm": "서울특별시 송파구 석촌동"}}, {"type": "Feature", "geometry": {"type": "Polygon", "coordinates": [[[964364.7989000017, 1944694.5468000027], [964411.3429, 1944259.3698999994], [964277.1308000023, 1944192.2635000045], [963860.2533999998, 1944350.401300002], [963175.1487000014, 1944601.1512000025], [963062.7968000013, 1944648.6049000043], [963195.1981000018, 1944677.7190000035], [963273.9741000012, 1944705.2612000005], [963340.151700001, 1944728.4018000006], [963498.681900001, 1944959.4324000003], [963829.0423000003, 1945440.9213], [964407.0331000003, 1945327.7113], [964364.7989000017, 1944694.5468000027]]]}, "properties": {"x": "963937", "y": "1944812", "adm_cd": "11240640", "adm_nm": "서울특별시 송파구 삼전동"}}, {"type": "Feature", "geometry": {"type": "Polygon", "coordinates": [[[966900.9867000005, 1943741.6518999995], [966961.263100001, 1943649.5117000034], [966515.1237000003, 1943372.938500005], [966349.2815000017, 1943724.6348999995], [966329.624300002, 1943728.7309000036], [966303.2133000002, 1943762.0263000024], [966301.2671000009, 1943764.4799000022], [966294.0847, 1943773.5360999992], [966239.4839000022, 1943848.883300003], [966140.3970000016, 1943985.620699999], [966119.896700002, 1944013.9114999985], [966114.9297000018, 1944020.7662000014], [966070.4341000007, 1944083.9695000006], [966030.9732000008, 1944140.0231000022], [965987.8574999999, 1944201.2684000032], [965935.5582000015, 1944289.2057000017], [965936.9711000016, 1944299.1489], [965949.9211000002, 1944390.2243000024], [966344.0405000013, 1944658.5821000033], [966354.6299, 1944667.4852999998], [966371.7934999997, 1944681.9161000014], [966398.6921000017, 1944706.2344000032], [966407.7981000006, 1944714.7536999993], [966458.2018000005, 1944761.9100000025], [966538.9238000016, 1944837.4313000022], [966551.0907000004, 1944849.062300003], [966563.0091000026, 1944860.9447000045], [966574.6789000004, 1944873.0680999993], [966586.0901000018, 1944885.4428999997], [966597.232700001, 1944898.0491000009], [966608.1165000016, 1944910.8965000017], [966618.7217000013, 1944923.9653000045], [966629.048300002, 1944937.2455000014], [966639.095900002, 1944950.7470999998], [966648.8649000011, 1944964.4601000012], [966658.3349000015, 1944978.3747000042], [966667.5061999997, 1944992.4807000007], [966676.3787000014, 1945006.7881000014], [966684.9521000015, 1945021.2673000018], [966693.2266000017, 1945035.9276999997], [966699.4195000008, 1945047.4737000014], [966701.182100001, 1945050.7598999995], [966708.8187000006, 1945065.7536999986], [966726.5319000005, 1945101.4751000018], [966739.9797, 1945128.5946999993], [967130.618500002, 1944813.6909000007], [967069.0386000015, 1944731.7659000007], [967061.0543000015, 1944721.1418999995], [966999.1930999998, 1944625.6157000023], [966705.245100001, 1944035.6640000038], [966705.355700002, 1944035.4973999998], [966900.9867000005, 1943741.6518999995]]]}, "properties": {"x": "966400", "y": "1944363", "adm_cd": "11240650", "adm_nm": "서울특별시 송파구 가락본동"}}, {"type": "Feature", "geometry": {"type": "Polygon", "coordinates": [[[965581.8915000004, 1944598.8097000006], [965669.5997000011, 1944636.354100002], [965949.9211000002, 1944390.2243000024], [965936.9711000016, 1944299.1489], [965935.5582000015, 1944289.2057000017], [965987.8574999999, 1944201.2684000032], [966030.9732000008, 1944140.0231000022], [966070.4341000007, 1944083.9695000006], [966114.9297000018, 1944020.7662000014], [966119.896700002, 1944013.9114999985], [966140.3970000016, 1943985.620699999], [966239.4839000022, 1943848.883300003], [966294.0847, 1943773.5360999992], [966301.2671000009, 1943764.4799000022], [966303.2133000002, 1943762.0263000024], [966329.624300002, 1943728.7309000036], [966281.9219000017, 1943735.133700002], [966269.1753000004, 1943736.7605000008], [966263.1171000008, 1943734.763500001], [966132.6777000015, 1943689.6317000026], [966114.0560000013, 1943682.8779000004], [966097.1731000014, 1943676.7547], [966036.267300002, 1943654.2959000017], [965967.8597000013, 1943629.067900003], [965870.286300001, 1943593.0785000012], [965457.8891000021, 1943431.804500001], [965336.3200000006, 1943383.285700003], [964938.9240000007, 1943798.7400000019], [964791.0245000015, 1943885.871500005], [964277.1308000023, 1944192.2635000045], [964411.3429, 1944259.3698999994], [964434.8657000018, 1944312.9189000009], [965044.6832000015, 1944537.159700002], [965493.7060000014, 1944702.2710000002], [965497.031200001, 1944702.1275999988], [965506.918000001, 1944701.7012000042], [965581.8915000004, 1944598.8097000006]]]}, "properties": {"x": "965371", "y": "1944064", "adm_cd": "11240660", "adm_nm": "서울특별시 송파구 가락1동"}}, {"type": "Feature", "geometry": {"type": "Polygon", "coordinates": [[[968121.7463000008, 1944104.7854999993], [968001.1415000008, 1943963.0189000012], [967605.3125000014, 1943536.2593000042], [967444.7693000012, 1943682.623600002], [967252.0223000011, 1943856.138300002], [967244.8517000014, 1943847.9894999992], [967237.4029000022, 1943840.1219000006], [967229.6658000017, 1943832.5159000037], [967221.6600000022, 1943825.2010999995], [967213.3959000006, 1943818.177500001], [967204.8835000019, 1943811.4651000015], [967196.1328999996, 1943805.0539000002], [967189.0262000011, 1943800.3474000022], [967063.5605000018, 1943717.257900002], [967021.3029000005, 1943689.2729000035], [966961.263100001, 1943649.5117000034], [966900.9867000005, 1943741.6518999995], [966705.355700002, 1944035.4973999998], [966705.245100001, 1944035.6640000038], [966999.1930999998, 1944625.6157000023], [967061.0543000015, 1944721.1418999995], [967069.0386000015, 1944731.7659000007], [967130.618500002, 1944813.6909000007], [967165.651900002, 1944784.1509000005], [967181.9343000001, 1944770.470699999], [967330.6041000012, 1944645.5615999983], [967360.8383000013, 1944620.1595000015], [968121.7463000008, 1944104.7854999993]]]}, "properties": {"x": "967354", "y": "1944232", "adm_cd": "11240670", "adm_nm": "서울특별시 송파구 가락2동"}}, {"type": "Feature", "geometry": {"type": "Polygon", "coordinates": [[[967467.3279000004, 1943372.8162999982], [967294.8405000004, 1943186.8476999993], [967286.337000001, 1943177.9961000022], [967277.5447000017, 1943169.4159000015], [967268.494300002, 1943161.1270999997], [967267.1103999998, 1943159.9393000025], [967259.175500002, 1943153.1294999993], [967249.6085000017, 1943145.4331000014], [967240.7274000016, 1943138.7440000037], [967239.8031000004, 1943138.047900003], [967229.7594999999, 1943130.9737000014], [967219.5077000016, 1943124.2307000016], [967209.037700002, 1943117.808499998], [967198.3696, 1943111.7273], [967187.5134000012, 1943105.997099999], [967182.5965000011, 1943103.5955000003], [967176.4789000007, 1943100.6074999995], [967165.2767000005, 1943095.578900003], [967153.926100001, 1943090.9006999983], [967142.4277000013, 1943086.5933000003], [967141.742900001, 1943086.3614000012], [967130.8013000018, 1943082.6563000004], [967126.2844000018, 1943081.2858000018], [966772.187300002, 1942636.3065000023], [966515.1237000003, 1943372.938500005], [966961.263100001, 1943649.5117000034], [967021.3029000005, 1943689.2729000035], [967063.5605000018, 1943717.257900002], [967189.0262000011, 1943800.3474000022], [967196.1328999996, 1943805.0539000002], [967204.8835000019, 1943811.4651000015], [967213.3959000006, 1943818.177500001], [967221.6600000022, 1943825.2010999995], [967229.6658000017, 1943832.5159000037], [967237.4029000022, 1943840.1219000006], [967244.8517000014, 1943847.9894999992], [967252.0223000011, 1943856.138300002], [967444.7693000012, 1943682.623600002], [967605.3125000014, 1943536.2593000042], [967467.3279000004, 1943372.8162999982]]]}, "properties": {"x": "966920", "y": "1943390", "adm_cd": "11240680", "adm_nm": "서울특별시 송파구 문정1동"}}, {"type": "Feature", "geometry": {"type": "Polygon", "coordinates": [[[966349.2815000017, 1943724.6348999995], [966515.1237000003, 1943372.938500005], [966772.187300002, 1942636.3065000023], [966841.9149000014, 1942495.9057000047], [966851.3683000021, 1942476.869400002], [966922.7731000013, 1942292.5395000023], [966966.753900002, 1942175.8084999989], [966971.6901000019, 1942162.7067000007], [967000.0823000004, 1942082.9513000017], [967005.7142000019, 1942067.1309000016], [967021.1319000018, 1941990.2395000006], [967021.9266000007, 1941968.817700001], [967023.1785000012, 1941935.0473000002], [967009.7283000001, 1941652.3018999984], [966967.7944000018, 1941124.891100003], [966930.6067000012, 1941164.509500001], [966902.1179000001, 1941188.1822000018], [966885.972500002, 1941200.6999000004], [966873.3093000014, 1941210.3572000032], [966868.0505000005, 1941214.3527000018], [966858.1877000001, 1941221.808000003], [966849.1568000021, 1941221.1679000026], [966835.2182000019, 1941220.0552000017], [966829.468100002, 1941219.4298000005], [966827.0497000015, 1941211.226900002], [966831.0771000024, 1941195.9302999978], [966844.0055000006, 1941150.8471000027], [966854.7260999997, 1941125.4880000001], [966855.7723000004, 1941081.218400002], [966857.0769000002, 1941023.608600002], [966838.1469000004, 1940958.7955999998], [966823.8046000012, 1940931.4759000023], [966823.3460000013, 1940930.7605000082], [966817.7571000009, 1940922.0426000026], [966793.6535000011, 1940891.8697000002], [966768.9792000011, 1940877.9426000025], [966768.7311000017, 1940878.3187000062], [966695.9322000017, 1941006.5506000053], [966473.2116000023, 1941397.222800002], [966373.2792000002, 1941572.2338999996], [966173.4840000004, 1941907.873000001], [966098.9023000023, 1942030.9650000022], [966050.7223000008, 1942110.206900003], [966010.2563000002, 1942178.8480999991], [965894.9117000016, 1942374.5524000032], [965782.9368000005, 1942566.8599999999], [965751.6022000012, 1942626.0363999982], [965721.2011000006, 1942687.2643000004], [965693.0385000006, 1942744.9471000026], [965666.6355000001, 1942799.1945999977], [965336.3200000006, 1943383.285700003], [965457.8891000021, 1943431.804500001], [965870.286300001, 1943593.0785000012], [965967.8597000013, 1943629.067900003], [966036.267300002, 1943654.2959000017], [966097.1731000014, 1943676.7547], [966114.0560000013, 1943682.8779000004], [966132.6777000015, 1943689.6317000026], [966263.1171000008, 1943734.763500001], [966269.1753000004, 1943736.7605000008], [966281.9219000017, 1943735.133700002], [966329.624300002, 1943728.7309000036], [966349.2815000017, 1943724.6348999995]]]}, "properties": {"x": "966327", "y": "1942511", "adm_cd": "11240690", "adm_nm": "서울특별시 송파구 문정2동"}}, {"type": "Feature", "geometry": {"type": "Polygon", "coordinates": [[[963498.681900001, 1944959.4324000003], [963340.151700001, 1944728.4018000006], [963273.9741000012, 1944705.2612000005], [963195.1981000018, 1944677.7190000035], [963062.7968000013, 1944648.6049000043], [962684.5108000021, 1944809.6447000003], [962610.774600001, 1944840.2039000005], [962530.1149000009, 1944849.976600003], [962425.7093000023, 1944862.4601999996], [962340.5489000003, 1944872.5246000015], [962310.6001000018, 1944875.923000001], [962306.1226000006, 1944876.4290000012], [962388.1249000009, 1944934.7781000005], [962834.8906000007, 1945360.1801000044], [962805.6814000006, 1945521.7107000013], [962774.582700002, 1945693.1293000013], [962746.2033000011, 1945849.360700002], [962731.472700002, 1945930.6426999997], [963373.4335000007, 1945897.3328000065], [963395.7581000023, 1945780.9287], [963400.4047000011, 1945759.842099999], [963405.8549000003, 1945740.1843000024], [963406.1723999996, 1945739.039300002], [963413.0611000012, 1945718.5704999985], [963416.9431000012, 1945708.8153000027], [963419.2221000001, 1945703.0885], [963421.0418999998, 1945698.5159], [963430.0945000013, 1945678.9153000005], [963440.1895000015, 1945659.8291000016], [963451.2974000018, 1945641.3271000013], [963451.424100002, 1945641.1393000055], [963463.3879000023, 1945623.4398999999], [963466.1461000006, 1945619.8023000024], [963476.4319000021, 1945606.2372999988], [963477.505100001, 1945604.9694000022], [963490.3793000005, 1945589.7597000026], [963505.2005000005, 1945574.0671000003], [963510.3708000012, 1945569.150500001], [963520.8458000014, 1945559.1897000019], [963537.2753000017, 1945545.1778999995], [963539.1417000003, 1945543.751900001], [963554.4293000018, 1945532.0721000019], [963564.755400002, 1945525.0389000017], [963572.2681, 1945519.9220999992], [963590.7419000014, 1945508.7385000032], [963609.7808999997, 1945498.5812999988], [963629.3552000013, 1945489.4611000037], [963645.9206000017, 1945482.8007999999], [963649.3849000022, 1945481.4080999997], [963669.820100002, 1945474.4422999998], [963682.1404000008, 1945470.9811999998], [963689.0056999999, 1945469.0527000003], [963690.6013000011, 1945468.6045000008], [963711.6683000014, 1945463.8845000002], [963719.5995000002, 1945462.332700001], [963792.3841000011, 1945448.0929000005], [963829.0423000003, 1945440.9213], [963498.681900001, 1944959.4324000003]]]}, "properties": {"x": "963111", "y": "1945271", "adm_cd": "11240710", "adm_nm": "서울특별시 송파구 잠실본동"}}, {"type": "Feature", "geometry": {"type": "Polygon", "coordinates": [[[965939.6306999999, 1946830.7155000002], [965792.7511000012, 1946532.4390999996], [965240.3280999998, 1946315.4065000014], [964915.9591000013, 1947039.446000001], [964764.987000002, 1947265.4220000026], [964944.9429000003, 1947252.9391000015], [965001.691500001, 1947252.6766000018], [965703.7258000014, 1947249.430000002], [965820.5192000022, 1947248.8899000026], [966144.9464999997, 1947247.3896999985], [965939.6306999999, 1946830.7155000002]]]}, "properties": {"x": "965462", "y": "1946892", "adm_cd": "11240750", "adm_nm": "서울특별시 송파구 잠실4동"}}, {"type": "Feature", "geometry": {"type": "Polygon", "coordinates": [[[964915.9591000013, 1947039.446000001], [965240.3280999998, 1946315.4065000014], [965368.6789000018, 1945927.9968000017], [964999.1489000006, 1945569.371700003], [964807.7037000014, 1945835.8351000017], [964661.5779000013, 1946071.4299999992], [964271.7000000017, 1946712.2780000027], [963993.574900001, 1947177.1320000028], [963756.5018000014, 1947583.7105999994], [963888.9876000002, 1947706.8530000015], [964152.4350000008, 1947965.5538000003], [964764.987000002, 1947265.4220000026], [964915.9591000013, 1947039.446000001]]]}, "properties": {"x": "964602", "y": "1946796", "adm_cd": "11240770", "adm_nm": "서울특별시 송파구 잠실6동"}}, {"type": "Feature", "geometry": {"type": "Polygon", "coordinates": [[[962746.2033000011, 1945849.360700002], [962774.582700002, 1945693.1293000013], [962805.6814000006, 1945521.7107000013], [962834.8906000007, 1945360.1801000044], [962388.1249000009, 1944934.7781000005], [962306.1226000006, 1944876.4290000012], [962184.8081000005, 1944890.732999999], [961977.1999000025, 1944917.0609999998], [961976.6173000021, 1944921.2755999998], [961970.4845000023, 1944965.6938000016], [961968.5459000005, 1944979.734600002], [961965.9825000009, 1944998.300900001], [961958.0669000007, 1945091.0267999992], [961957.0152000012, 1945102.9541000004], [961947.579600001, 1945209.949400003], [961940.4454000015, 1945290.8475000001], [961939.9541000002, 1945296.4174000057], [961935.599200001, 1945345.4611000023], [961933.7518000016, 1945366.2659000014], [961930.9122000023, 1945398.2431000015], [961923.5464000022, 1945478.7513000024], [961919.6806000003, 1945519.7482999996], [961897.3567000012, 1945756.3099000026], [961893.4104000004, 1945798.1349999998], [962006.1885000023, 1945778.8336999994], [962045.515300002, 1945787.0249], [962052.0551000023, 1945788.3871000027], [962268.3934000019, 1945833.6335000019], [962486.892500002, 1945879.4061000007], [962730.2872000007, 1945930.3943000017], [962731.472700002, 1945930.6426999997], [962746.2033000011, 1945849.360700002]]]}, "properties": {"x": "962340", "y": "1945423", "adm_cd": "11240780", "adm_nm": "서울특별시 송파구 잠실7동"}}, {"type": "Feature", "geometry": {"type": "Polygon", "coordinates": [[[963659.3691000016, 1947108.9677000006], [963707.8245000015, 1946934.9165000007], [963845.6506000009, 1946479.5597000015], [964013.3295000021, 1945953.6103000036], [963990.4537000022, 1945928.128900002], [963987.9996000018, 1945925.3953000028], [963883.3845000016, 1945912.8137000008], [963682.4505000004, 1945888.6485000048], [963666.5377000015, 1945886.9835000057], [963659.5487000009, 1945886.494400004], [963649.1379000026, 1945885.766000001], [963631.701100002, 1945885.1488000005], [963614.2577000007, 1945885.1311999997], [963596.827500001, 1945885.7334000051], [963373.4335000007, 1945897.3328000065], [962731.472700002, 1945930.6426999997], [962730.2872000007, 1945930.3943000017], [962486.892500002, 1945879.4061000007], [962268.3934000019, 1945833.6335000019], [962052.0551000023, 1945788.3871000027], [962045.515300002, 1945787.0249], [962006.1885000023, 1945778.8336999994], [961893.4104000004, 1945798.1349999998], [961887.1406000005, 1945872.6272000056], [961875.6448000021, 1946009.2086000002], [961859.5818000014, 1946198.0736000002], [961815.7828000019, 1946657.7360000045], [961788.042000002, 1947014.4666000064], [961781.8880000012, 1947341.4055000022], [962216.1622000018, 1947200.5190000008], [962252.9767000007, 1947189.1439000035], [962364.2207000009, 1947154.7712999997], [962385.3572000021, 1947148.2406000004], [962478.2185000022, 1947132.1786000007], [962602.5903000021, 1947110.6665000007], [962617.0264000006, 1947108.169600008], [962618.1068000019, 1947108.1439999994], [962716.788500002, 1947125.5121999988], [962885.2050000016, 1947155.1541999993], [963386.0706000008, 1947354.1467999998], [963426.5664000007, 1947379.2428000015], [963464.0340000021, 1947402.4622000034], [963551.0964000016, 1947456.4164999998], [963659.3691000016, 1947108.9677000006]]]}, "properties": {"x": "962824", "y": "1946544", "adm_cd": "11240790", "adm_nm": "서울특별시 송파구 잠실2동"}}, {"type": "Feature", "geometry": {"type": "Polygon", "coordinates": [[[963993.574900001, 1947177.1320000028], [964271.7000000017, 1946712.2780000027], [964661.5779000013, 1946071.4299999992], [964807.7037000014, 1945835.8351000017], [964999.1489000006, 1945569.371700003], [964990.5867000002, 1945560.8103000019], [964969.9537000009, 1945541.7569000032], [964959.3985000006, 1945532.4963000035], [964948.6745000011, 1945523.4267000007], [964941.5698, 1945517.6247000005], [964937.8016000015, 1945514.5475000013], [964926.7697000022, 1945505.8595000007], [964915.5889000006, 1945497.3619], [964904.2593000021, 1945489.0650999988], [964892.7908000005, 1945480.9689000007], [964881.1833000012, 1945473.0633000017], [964869.4371000007, 1945465.3684999994], [964845.5462999998, 1945450.3008999992], [964821.1633000021, 1945436.6753000005], [964808.772800002, 1945430.0235000006], [964705.3235000013, 1945375.5622999999], [964682.6594000006, 1945363.7169000022], [964665.1501000004, 1945355.053100001], [964645.9430999998, 1945346.7278999991], [964636.9288000017, 1945343.3709000004], [964626.3320000009, 1945339.4246999985], [964606.3563000008, 1945333.1528999987], [964586.0864000011, 1945327.9323000005], [964565.5621000017, 1945323.782699999], [964544.8537000008, 1945320.7134999991], [964537.0820000023, 1945319.8351000012], [964503.1044000001, 1945317.8458999987], [964482.1734999998, 1945318.0567000043], [964461.2783000018, 1945319.3568999982], [964440.4789000027, 1945321.7563000063], [964438.3299000012, 1945322.1185000036], [964419.8450999999, 1945325.2343000022], [964408.2556999997, 1945327.4748999989], [964407.0331000003, 1945327.7113], [963829.0423000003, 1945440.9213], [963792.3841000011, 1945448.0929000005], [963719.5995000002, 1945462.332700001], [963711.6683000014, 1945463.8845000002], [963690.6013000011, 1945468.6045000008], [963689.0056999999, 1945469.0527000003], [963682.1404000008, 1945470.9811999998], [963669.820100002, 1945474.4422999998], [963649.3849000022, 1945481.4080999997], [963645.9206000017, 1945482.8007999999], [963629.3552000013, 1945489.4611000037], [963609.7808999997, 1945498.5812999988], [963590.7419000014, 1945508.7385000032], [963572.2681, 1945519.9220999992], [963564.755400002, 1945525.0389000017], [963554.4293000018, 1945532.0721000019], [963539.1417000003, 1945543.751900001], [963537.2753000017, 1945545.1778999995], [963520.8458000014, 1945559.1897000019], [963510.3708000012, 1945569.150500001], [963505.2005000005, 1945574.0671000003], [963490.3793000005, 1945589.7597000026], [963477.505100001, 1945604.9694000022], [963476.4319000021, 1945606.2372999988], [963466.1461000006, 1945619.8023000024], [963463.3879000023, 1945623.4398999999], [963451.424100002, 1945641.1393000055], [963451.2974000018, 1945641.3271000013], [963440.1895000015, 1945659.8291000016], [963430.0945000013, 1945678.9153000005], [963421.0418999998, 1945698.5159], [963419.2221000001, 1945703.0885], [963416.9431000012, 1945708.8153000027], [963413.0611000012, 1945718.5704999985], [963406.1723999996, 1945739.039300002], [963405.8549000003, 1945740.1843000024], [963400.4047000011, 1945759.842099999], [963395.7581000023, 1945780.9287], [963373.4335000007, 1945897.3328000065], [963596.827500001, 1945885.7334000051], [963614.2577000007, 1945885.1311999997], [963631.701100002, 1945885.1488000005], [963649.1379000026, 1945885.766000001], [963659.5487000009, 1945886.494400004], [963666.5377000015, 1945886.9835000057], [963682.4505000004, 1945888.6485000048], [963883.3845000016, 1945912.8137000008], [963987.9996000018, 1945925.3953000028], [963990.4537000022, 1945928.128900002], [964013.3295000021, 1945953.6103000036], [963845.6506000009, 1946479.5597000015], [963707.8245000015, 1946934.9165000007], [963659.3691000016, 1947108.9677000006], [963551.0964000016, 1947456.4164999998], [963756.5018000014, 1947583.7105999994], [963993.574900001, 1947177.1320000028]]]}, "properties": {"x": "964341", "y": "1946141", "adm_cd": "11240800", "adm_nm": "서울특별시 송파구 잠실3동"}}, {"type": "Feature", "geometry": {"type": "Polygon", "coordinates": [[[967762.8125000012, 1942541.6084999996], [967989.3693000008, 1942576.2379000024], [968046.229700001, 1942567.1873000006], [968064.7027000012, 1942555.2988999998], [968030.1183000016, 1942475.1459999986], [968029.7259000011, 1942474.237300003], [968029.3301000004, 1942473.3297000024], [968028.9325000017, 1942472.4244000046], [968028.5307000016, 1942471.5196999996], [968028.1261000005, 1942470.6172000007], [968027.7187000006, 1942469.7148000007], [968027.3079000025, 1942468.8153000004], [968026.8943000011, 1942467.9157000014], [968026.4777000012, 1942467.0183000043], [968026.0583000003, 1942466.121899999], [968025.6355000013, 1942465.2265000036], [968025.2099000011, 1942464.3332000002], [968024.7815, 1942463.4416999994], [968024.3499000006, 1942462.5514000012], [968023.9153000026, 1942461.662000001], [968023.4777000016, 1942460.7734999983], [968023.0373000017, 1942459.8882999995], [968022.5937000014, 1942459.003000002], [968022.1483000009, 1942458.119700002], [968021.6987000012, 1942457.2383999997], [968021.2463000003, 1942456.3581000026], [968020.7917, 1942455.479000002], [968020.3335000018, 1942454.6015000038], [968019.8728999998, 1942453.7264000005], [968019.4087, 1942452.8521000007], [968018.9419000013, 1942451.9790000017], [968018.4725000011, 1942451.1078000013], [968018.0001000003, 1942450.238700002], [968017.5247000006, 1942449.370599999], [968017.0463000005, 1942448.5044000016], [968016.5649000015, 1942447.6403999992], [968016.0807000017, 1942446.7761999993], [968015.5931000016, 1942445.9151000013], [968015.1037000013, 1942445.0549999997], [968014.6117000019, 1942444.1969000024], [968014.1153000013, 1942443.3410000002], [968013.6167000012, 1942442.4858999993], [968013.1153, 1942441.6327000016], [968012.6111000022, 1942440.7807000023], [968012.1047000005, 1942439.9309000028], [968011.594500001, 1942439.083000002], [968011.0821000021, 1942438.2359000002], [968010.5669000021, 1942437.3910000024], [968010.0489000012, 1942436.5479000001], [968009.5273000023, 1942435.7071000007], [968009.004100001, 1942434.8672000011], [968008.4769000022, 1942434.0292999996], [968007.9477000015, 1942433.1933000009], [968007.4155000022, 1942432.3595000017], [968006.880500002, 1942431.5268000024], [968006.3423000011, 1942430.6960000019], [968005.8019000005, 1942429.8672000011], [968005.2587000014, 1942429.0404000026], [968004.7125000013, 1942428.2146000005], [968004.1637000022, 1942427.3908000025], [968003.6125000017, 1942426.570000003], [968003.0583000001, 1942425.7492000016], [968002.5011000002, 1942424.9316000007], [968001.9409000017, 1942424.1158000017], [968001.3791000007, 1942423.3009000008], [968000.8137000017, 1942422.4894000003], [968000.2457000015, 1942421.678700003], [967999.6755000018, 1942420.869999999], [967999.102500001, 1942420.0633000014], [967998.5265000018, 1942419.2588000011], [967997.9477000013, 1942418.456100003], [967997.361600002, 1942417.647700002], [967996.7825000009, 1942416.8557000011], [967996.1955000017, 1942416.0593999997], [967995.6067000023, 1942415.263800003], [967995.0145000005, 1942414.4712000005], [967994.4205000008, 1942413.6795], [967993.8227000013, 1942412.8910000003], [967993.2227, 1942412.1035000016], [967992.6198000011, 1942411.3166000023], [967992.0157000016, 1942410.535600001], [967991.4079000009, 1942409.753900002], [967990.7981000005, 1942408.975600001], [967990.1851000017, 1942408.1982000023], [967989.5692999996, 1942407.4228000008], [967989.1344999997, 1942406.8791000012], [967988.9513000003, 1942406.6502000007], [967988.3307000019, 1942405.8797000013], [967987.7079000017, 1942405.1103000017], [967987.0821000007, 1942404.3440000014], [967986.4543000022, 1942403.5796000003], [967985.8223000021, 1942402.8174000008], [967985.1895000008, 1942402.0570000035], [967984.5539000006, 1942401.2985999994], [967983.9149000023, 1942400.5421000007], [967983.2743000016, 1942399.7879000003], [967982.6305000002, 1942399.036500001], [967981.9847000013, 1942398.2863000003], [967981.3361000014, 1942397.5392000014], [967980.6794000014, 1942396.786900002], [967980.0317000014, 1942396.0506000032], [967979.3759000015, 1942395.3094000025], [967978.7173000004, 1942394.5702000018], [967978.0569000014, 1942393.8337999997], [967977.3943000007, 1942393.099500003], [967976.7285000018, 1942392.3673000026], [967976.0599000017, 1942391.6374000004], [967975.3893000019, 1942390.9091999996], [967974.7167000001, 1942390.1839000029], [967974.0411000019, 1942389.4607000048], [967973.3635000017, 1942388.7398000006], [967972.6829000007, 1942388.0205000013], [967972.000500002, 1942387.3044000024], [967971.3159000014, 1942386.5903999996], [967970.6284999998, 1942385.8781000029], [967969.9379000021, 1942385.1681], [967969.2465000008, 1942384.461200003], [967968.5519000014, 1942383.7559999987], [967967.8545000008, 1942383.0530000005], [967967.1561000014, 1942382.3529000022], [967966.4549000011, 1942381.6549000023], [967965.7505000001, 1942380.9590000033], [967965.0449000007, 1942380.2659999996], [967964.3365000023, 1942379.574899999], [967963.625100001, 1942378.8860000027], [967962.9127000009, 1942378.1998999985], [967962.1973000023, 1942377.5161000013], [967961.4803000011, 1942376.8340999996], [967960.7599000019, 1942376.1551000013], [967960.0373000009, 1942375.478400001], [967959.3133000017, 1942374.804400003], [967958.5871000006, 1942374.1325000038], [967957.8585000001, 1942373.4634999998], [967957.1273000007, 1942372.795700001], [967956.3931000005, 1942372.1319000018], [967955.6579000014, 1942371.4690000005], [967954.9207000004, 1942370.809200001], [967954.1805000008, 1942370.1523999998], [967953.4383000014, 1942369.497500002], [967952.6941, 1942368.8457000013], [967951.9479000011, 1942368.1960000042], [967951.199900002, 1942367.548100002], [967950.4487000003, 1942366.903400003], [967949.695500001, 1942366.261600006], [967948.9405000015, 1942365.621900003], [967948.1833000004, 1942364.9841999998], [967947.4243000015, 1942364.3493], [967946.6633000005, 1942363.7176000006], [967945.899300001, 1942363.0878999988], [967945.1341000006, 1942362.461200002], [967944.3661000016, 1942361.836600002], [967943.5961000004, 1942361.2140000015], [967942.8251000005, 1942360.5951], [967942.051100002, 1942359.9785000011], [967941.2753000013, 1942359.3638999998], [967940.497300001, 1942358.7522000028], [967939.7173000008, 1942358.1434999998], [967938.9355000008, 1942357.537000001], [967938.1507000021, 1942356.9323000042], [967937.3647000005, 1942356.3318000003], [967936.5771000007, 1942355.733100003], [967935.7869000019, 1942355.1366000008], [967934.9951000006, 1942354.5439999995], [967911.3997000004, 1942336.8956999998], [967899.3123000016, 1942331.0168999997], [967532.3981000006, 1942085.2915000017], [967507.9567000007, 1942062.701200002], [967493.5137000006, 1942049.3521000012], [967447.3344000019, 1942010.0628999982], [967443.0601000024, 1942006.4264000007], [967009.7283000001, 1941652.3018999984], [967023.1785000012, 1941935.0473000002], [967021.9266000007, 1941968.817700001], [967021.1319000018, 1941990.2395000006], [967005.7142000019, 1942067.1309000016], [967000.0823000004, 1942082.9513000017], [966971.6901000019, 1942162.7067000007], [966966.753900002, 1942175.8084999989], [966922.7731000013, 1942292.5395000023], [966851.3683000021, 1942476.869400002], [966841.9149000014, 1942495.9057000047], [966772.187300002, 1942636.3065000023], [967126.2844000018, 1943081.2858000018], [967130.8013000018, 1943082.6563000004], [967141.742900001, 1943086.3614000012], [967142.4277000013, 1943086.5933000003], [967153.926100001, 1943090.9006999983], [967165.2767000005, 1943095.578900003], [967176.4789000007, 1943100.6074999995], [967182.5965000011, 1943103.5955000003], [967187.5134000012, 1943105.997099999], [967198.3696, 1943111.7273], [967209.037700002, 1943117.808499998], [967219.5077000016, 1943124.2307000016], [967229.7594999999, 1943130.9737000014], [967239.8031000004, 1943138.047900003], [967240.7274000016, 1943138.7440000037], [967249.6085000017, 1943145.4331000014], [967259.175500002, 1943153.1294999993], [967267.1103999998, 1943159.9393000025], [967268.494300002, 1943161.1270999997], [967277.5447000017, 1943169.4159000015], [967286.337000001, 1943177.9961000022], [967294.8405000004, 1943186.8476999993], [967467.3279000004, 1943372.8162999982], [967605.3125000014, 1943536.2593000042], [968001.1415000008, 1943963.0189000012], [967996.0431000004, 1943896.4833000032], [967914.9001000002, 1943610.6399000015], [967930.7498000014, 1943504.4752999982], [967880.9199000013, 1943384.8834999993], [967868.425500002, 1943295.0281000016], [967841.9835000022, 1943104.8653000002], [967823.8943000019, 1942968.9037000006], [967783.4072000014, 1942673.0154999997], [967768.1273000005, 1942571.6221000017], [967762.8125000012, 1942541.6084999996]]]}, "properties": {"x": "967333", "y": "1942691", "adm_cd": "11240810", "adm_nm": "서울특별시 송파구 장지동"}}, {"type": "Feature", "geometry": {"type": "Polygon", "coordinates": [[[969333.5328000018, 1943765.1415999983], [969735.6023000022, 1943492.192900001], [969732.4714000009, 1943383.3706000007], [969327.5582000006, 1943100.522300001], [969207.4989000002, 1943020.0083000024], [969195.8986999998, 1943015.7282999998], [969146.1587000004, 1942981.8061000037], [969095.3723000004, 1942947.1701000046], [969076.5125000019, 1942931.318299998], [969050.2759000012, 1942909.2655000016], [968940.4113999999, 1942813.9811999998], [968931.1511000008, 1942797.0047000006], [968899.6533000022, 1942739.2527000005], [968859.1335000027, 1942656.8520000023], [968850.1574000004, 1942634.8739000005], [968844.5327000013, 1942617.5215000017], [968842.8377000008, 1942612.2895000016], [968837.2147000008, 1942589.2240999988], [968833.3232000023, 1942565.8047000002], [968832.9851000013, 1942562.5707000007], [968831.1808000016, 1942542.1611000008], [968827.6092000018, 1942474.9709000015], [968820.2134000005, 1942336.1081000064], [968814.3511000015, 1942226.0517000018], [968802.8800000008, 1942065.8339000037], [968802.1065000006, 1942060.8173000016], [968801.6263000004, 1942057.704800002], [968722.2683, 1942061.925100003], [968682.4219000012, 1942064.0455000014], [968678.8493000004, 1942064.2364000035], [968653.0655, 1942065.6089999983], [968556.3268000009, 1942070.7588000027], [968491.1727000014, 1941840.9367999996], [968488.9637000018, 1941831.3192999996], [968487.4237000018, 1941821.5722000017], [968486.5599000014, 1941811.7435999997], [968484.9297000023, 1941781.098300003], [968480.2844000007, 1941693.7551999993], [968129.649100001, 1941712.4367000002], [968123.2683000006, 1941712.7765000025], [968021.2411000023, 1941718.2096000034], [967961.9896000006, 1941719.8638000023], [967889.3660000017, 1941720.7280000022], [967883.627600002, 1941721.0054000004], [967849.9760000011, 1941722.7988000032], [967767.8920000012, 1941730.852299999], [967751.8976000017, 1941732.7821999993], [967560.616200001, 1941769.3391999993], [967537.0832000005, 1941774.600799999], [967526.7246000009, 1941766.754700002], [967521.992200002, 1941736.8640999994], [967518.5727000004, 1941674.0334000047], [967515.0169000013, 1941608.6942000007], [967512.9929999999, 1941571.503200003], [967513.4889000023, 1941547.1911999988], [967513.597700001, 1941541.8613000012], [967528.8004000003, 1941216.5769000007], [967531.6334000009, 1941172.1088000005], [967531.6304000022, 1941171.9440999997], [967529.3958000005, 1941083.1372999998], [967358.9791000006, 1941013.2323000007], [967354.9474000016, 1941011.882000002], [967350.8076000018, 1941010.8795000005], [967346.613800001, 1941010.2329000004], [967342.3730000018, 1941009.9454], [967338.120900002, 1941010.0178000054], [967333.8927999996, 1941010.4519999993], [967329.7156000008, 1941011.2447999995], [967298.2822000016, 1941018.5516000004], [967223.1562000023, 1941036.1367000015], [967220.0148000014, 1941036.9750000006], [966988.4680000006, 1941110.5714999994], [966967.7944000018, 1941124.891100003], [967009.7283000001, 1941652.3018999984], [967443.0601000024, 1942006.4264000007], [967447.3344000019, 1942010.0628999982], [967493.5137000006, 1942049.3521000012], [967507.9567000007, 1942062.701200002], [967532.3981000006, 1942085.2915000017], [967899.3123000016, 1942331.0168999997], [967911.3997000004, 1942336.8956999998], [967934.9951000006, 1942354.5439999995], [967935.7869000019, 1942355.1366000008], [967936.5771000007, 1942355.733100003], [967937.3647000005, 1942356.3318000003], [967938.1507000021, 1942356.9323000042], [967938.9355000008, 1942357.537000001], [967939.7173000008, 1942358.1434999998], [967940.497300001, 1942358.7522000028], [967941.2753000013, 1942359.3638999998], [967942.051100002, 1942359.9785000011], [967942.8251000005, 1942360.5951], [967943.5961000004, 1942361.2140000015], [967944.3661000016, 1942361.836600002], [967945.1341000006, 1942362.461200002], [967945.899300001, 1942363.0878999988], [967946.6633000005, 1942363.7176000006], [967947.4243000015, 1942364.3493], [967948.1833000004, 1942364.9841999998], [967948.9405000015, 1942365.621900003], [967949.695500001, 1942366.261600006], [967950.4487000003, 1942366.903400003], [967951.199900002, 1942367.548100002], [967951.9479000011, 1942368.1960000042], [967952.6941, 1942368.8457000013], [967953.4383000014, 1942369.497500002], [967954.1805000008, 1942370.1523999998], [967954.9207000004, 1942370.809200001], [967955.6579000014, 1942371.4690000005], [967956.3931000005, 1942372.1319000018], [967957.1273000007, 1942372.795700001], [967957.8585000001, 1942373.4634999998], [967958.5871000006, 1942374.1325000038], [967959.3133000017, 1942374.804400003], [967960.0373000009, 1942375.478400001], [967960.7599000019, 1942376.1551000013], [967961.4803000011, 1942376.8340999996], [967962.1973000023, 1942377.5161000013], [967962.9127000009, 1942378.1998999985], [967963.625100001, 1942378.8860000027], [967964.3365000023, 1942379.574899999], [967965.0449000007, 1942380.2659999996], [967965.7505000001, 1942380.9590000033], [967966.4549000011, 1942381.6549000023], [967967.1561000014, 1942382.3529000022], [967967.8545000008, 1942383.0530000005], [967968.5519000014, 1942383.7559999987], [967969.2465000008, 1942384.461200003], [967969.9379000021, 1942385.1681], [967970.6284999998, 1942385.8781000029], [967971.3159000014, 1942386.5903999996], [967972.000500002, 1942387.3044000024], [967972.6829000007, 1942388.0205000013], [967973.3635000017, 1942388.7398000006], [967974.0411000019, 1942389.4607000048], [967974.7167000001, 1942390.1839000029], [967975.3893000019, 1942390.9091999996], [967976.0599000017, 1942391.6374000004], [967976.7285000018, 1942392.3673000026], [967977.3943000007, 1942393.099500003], [967978.0569000014, 1942393.8337999997], [967978.7173000004, 1942394.5702000018], [967979.3759000015, 1942395.3094000025], [967980.0317000014, 1942396.0506000032], [967980.6794000014, 1942396.786900002], [967981.3361000014, 1942397.5392000014], [967981.9847000013, 1942398.2863000003], [967982.6305000002, 1942399.036500001], [967983.2743000016, 1942399.7879000003], [967983.9149000023, 1942400.5421000007], [967984.5539000006, 1942401.2985999994], [967985.1895000008, 1942402.0570000035], [967985.8223000021, 1942402.8174000008], [967986.4543000022, 1942403.5796000003], [967987.0821000007, 1942404.3440000014], [967987.7079000017, 1942405.1103000017], [967988.3307000019, 1942405.8797000013], [967988.9513000003, 1942406.6502000007], [967989.1344999997, 1942406.8791000012], [967989.5692999996, 1942407.4228000008], [967990.1851000017, 1942408.1982000023], [967990.7981000005, 1942408.975600001], [967991.4079000009, 1942409.753900002], [967992.0157000016, 1942410.535600001], [967992.6198000011, 1942411.3166000023], [967993.2227, 1942412.1035000016], [967993.8227000013, 1942412.8910000003], [967994.4205000008, 1942413.6795], [967995.0145000005, 1942414.4712000005], [967995.6067000023, 1942415.263800003], [967996.1955000017, 1942416.0593999997], [967996.7825000009, 1942416.8557000011], [967997.361600002, 1942417.647700002], [967997.9477000013, 1942418.456100003], [967998.5265000018, 1942419.2588000011], [967999.102500001, 1942420.0633000014], [967999.6755000018, 1942420.869999999], [968000.2457000015, 1942421.678700003], [968000.8137000017, 1942422.4894000003], [968001.3791000007, 1942423.3009000008], [968001.9409000017, 1942424.1158000017], [968002.5011000002, 1942424.9316000007], [968003.0583000001, 1942425.7492000016], [968003.6125000017, 1942426.570000003], [968004.1637000022, 1942427.3908000025], [968004.7125000013, 1942428.2146000005], [968005.2587000014, 1942429.0404000026], [968005.8019000005, 1942429.8672000011], [968006.3423000011, 1942430.6960000019], [968006.880500002, 1942431.5268000024], [968007.4155000022, 1942432.3595000017], [968007.9477000015, 1942433.1933000009], [968008.4769000022, 1942434.0292999996], [968009.004100001, 1942434.8672000011], [968009.5273000023, 1942435.7071000007], [968010.0489000012, 1942436.5479000001], [968010.5669000021, 1942437.3910000024], [968011.0821000021, 1942438.2359000002], [968011.594500001, 1942439.083000002], [968012.1047000005, 1942439.9309000028], [968012.6111000022, 1942440.7807000023], [968013.1153, 1942441.6327000016], [968013.6167000012, 1942442.4858999993], [968014.1153000013, 1942443.3410000002], [968014.6117000019, 1942444.1969000024], [968015.1037000013, 1942445.0549999997], [968015.5931000016, 1942445.9151000013], [968016.0807000017, 1942446.7761999993], [968016.5649000015, 1942447.6403999992], [968017.0463000005, 1942448.5044000016], [968017.5247000006, 1942449.370599999], [968018.0001000003, 1942450.238700002], [968018.4725000011, 1942451.1078000013], [968018.9419000013, 1942451.9790000017], [968019.4087, 1942452.8521000007], [968019.8728999998, 1942453.7264000005], [968020.3335000018, 1942454.6015000038], [968020.7917, 1942455.479000002], [968021.2463000003, 1942456.3581000026], [968021.6987000012, 1942457.2383999997], [968022.1483000009, 1942458.119700002], [968022.5937000014, 1942459.003000002], [968023.0373000017, 1942459.8882999995], [968023.4777000016, 1942460.7734999983], [968023.9153000026, 1942461.662000001], [968024.3499000006, 1942462.5514000012], [968024.7815, 1942463.4416999994], [968025.2099000011, 1942464.3332000002], [968025.6355000013, 1942465.2265000036], [968026.0583000003, 1942466.121899999], [968026.4777000012, 1942467.0183000043], [968026.8943000011, 1942467.9157000014], [968027.3079000025, 1942468.8153000004], [968027.7187000006, 1942469.7148000007], [968028.1261000005, 1942470.6172000007], [968028.5307000016, 1942471.5196999996], [968028.9325000017, 1942472.4244000046], [968029.3301000004, 1942473.3297000024], [968029.7259000011, 1942474.237300003], [968030.1183000016, 1942475.1459999986], [968064.7027000012, 1942555.2988999998], [968046.229700001, 1942567.1873000006], [967989.3693000008, 1942576.2379000024], [967762.8125000012, 1942541.6084999996], [967768.1273000005, 1942571.6221000017], [967783.4072000014, 1942673.0154999997], [967823.8943000019, 1942968.9037000006], [967841.9835000022, 1943104.8653000002], [967868.425500002, 1943295.0281000016], [967880.9199000013, 1943384.8834999993], [967930.7498000014, 1943504.4752999982], [968304.3995000015, 1943659.7988000023], [968310.4419000002, 1943662.5756000022], [968309.2911000022, 1943677.4560000012], [968306.7335000022, 1943689.065200002], [968303.809700001, 1943699.4366000015], [968304.9221000012, 1943718.8631999993], [968313.3339, 1943719.8184000016], [968320.5637000011, 1943718.4005999998], [968321.9457000021, 1943716.9937999998], [968329.5187000013, 1943701.1098000016], [968383.4865000002, 1943568.7048000023], [968416.1844000001, 1943381.2345000003], [968587.9359000007, 1943179.5481000054], [968654.194700002, 1943167.4565000006], [968703.721300001, 1943166.3559000038], [968734.790500001, 1943167.869100003], [968771.7911000014, 1943179.4135000003], [968947.7365000015, 1943475.8332999991], [969083.9943000008, 1943703.2561000008], [969090.491400001, 1943709.2513000015], [969173.2900000005, 1943778.4340000027], [969278.2663000014, 1943811.085299999], [969333.5328000018, 1943765.1415999983]]]}, "properties": {"x": "968323", "y": "1942469", "adm_cd": "11240820", "adm_nm": "서울특별시 송파구 위례동"}}, {"type": "Feature", "geometry": {"type": "Polygon", "coordinates": [[[969103.1911000006, 1950650.5312000015], [969104.5523000003, 1950650.524300002], [969014.7837000014, 1949940.8711000015], [969012.4821000013, 1949930.8745000039], [968994.1511000018, 1949851.2809000013], [968991.0311000014, 1949837.7339000024], [968980.1263000017, 1949790.386900003], [968975.8553000016, 1949771.8449000025], [968975.1347000004, 1949768.8808999993], [968974.3051000007, 1949765.4721000057], [968949.4029000013, 1949663.220900002], [968869.5525000021, 1949688.3804000053], [968696.3763000001, 1949561.694200005], [968658.9073000005, 1949521.8356000034], [968439.0335000004, 1949586.820199999], [968462.4963000019, 1949664.4360000007], [968480.7607000024, 1949730.693800001], [968487.2469000013, 1949775.6919999993], [968490.3971000004, 1949797.5475000017], [968490.588500001, 1949798.8754000007], [968503.351900002, 1949889.0529999998], [968508.5133000013, 1949925.521800005], [968550.2001000013, 1950220.1274000017], [968439.7867000019, 1950207.7379999992], [968336.252700001, 1950222.688500003], [968238.8181000007, 1950283.4087000014], [968400.384300001, 1950499.9070999986], [968452.7871000012, 1950578.6294999989], [968495.3617000014, 1950661.8068999997], [968615.315700002, 1950676.6041], [969103.1911000006, 1950650.5312000015]]]}, "properties": {"x": "968724", "y": "1950175", "adm_cd": "11250530", "adm_nm": "서울특별시 강동구 명일1동"}}, {"type": "Feature", "geometry": {"type": "Polygon", "coordinates": [[[969659.9288000012, 1950660.4010000022], [969636.7760000003, 1950253.328300001], [969605.5411000007, 1949704.0387000013], [969605.3657000009, 1949700.9283000028], [969605.0411, 1949695.169700001], [969815.9711000018, 1949629.3882999993], [969836.8206000011, 1949625.3236000002], [969854.8379000011, 1949621.8111000028], [969882.3243000016, 1949618.415700002], [969960.6772000012, 1949614.0956999992], [970118.5881000023, 1949638.187000004], [970244.7570000018, 1949571.0622000028], [969972.4467000011, 1949186.3427000018], [969907.6811000013, 1949294.4736000032], [969747.9759000018, 1949369.7576000015], [969664.6091000001, 1949403.5047999993], [969389.0261000016, 1949429.5034000052], [969244.7647000003, 1949573.383000002], [969120.2067000002, 1949650.7278000023], [969055.827900001, 1949646.633000001], [969026.9451000014, 1949644.7958000004], [968944.2183000012, 1949625.2630000007], [968949.4029000013, 1949663.220900002], [968974.3051000007, 1949765.4721000057], [968975.1347000004, 1949768.8808999993], [968975.8553000016, 1949771.8449000025], [968980.1263000017, 1949790.386900003], [968991.0311000014, 1949837.7339000024], [968994.1511000018, 1949851.2809000013], [969012.4821000013, 1949930.8745000039], [969014.7837000014, 1949940.8711000015], [969104.5523000003, 1950650.524300002], [969663.6243000003, 1950725.400099999], [969659.9288000012, 1950660.4010000022]]]}, "properties": {"x": "969260", "y": "1949966", "adm_cd": "11250540", "adm_nm": "서울특별시 강동구 명일2동"}}, {"type": "Feature", "geometry": {"type": "Polygon", "coordinates": [[[969392.1031000009, 1952193.8376000011], [969376.691700001, 1952124.9154000022], [969373.6067000004, 1952111.1182000053], [969389.5697000003, 1952058.6268000037], [969389.5803000007, 1952058.5920000016], [969419.1035000014, 1952064.4633999995], [969427.3417000002, 1952074.1875999996], [969476.0381000002, 1952131.671000002], [969508.6225000017, 1952147.1706000012], [969561.0049000002, 1952150.5096000019], [969571.9151000021, 1952145.1549999998], [969615.6347000005, 1952123.697600001], [969633.7993000001, 1952090.3636000026], [969653.1885000013, 1952054.7820000006], [969701.1595000016, 1951566.884800002], [969701.0957000013, 1951564.9543000003], [969699.6891000012, 1951522.3927999986], [969696.6709000017, 1951431.0784], [969693.902900002, 1951347.3488000021], [969692.5729000021, 1951307.1349000025], [969692.3547000008, 1951302.0859999987], [969687.8559, 1951198.225800001], [969675.2793000006, 1950907.8864000016], [969672.7333000021, 1950849.1133999988], [969671.1731000021, 1950813.0992000008], [969669.9179000002, 1950784.1277000015], [969667.4085000015, 1950726.2114000022], [969667.4015000012, 1950726.0518000007], [969663.6243000003, 1950725.400099999], [969104.5523000003, 1950650.524300002], [969103.1911000006, 1950650.5312000015], [968615.315700002, 1950676.6041], [968608.490500002, 1950682.6702000024], [968564.0879000011, 1951092.504400001], [968730.1146999998, 1951290.2792000007], [968735.8865000012, 1951292.6865999987], [968804.0325, 1951321.1096], [968866.267900002, 1951347.0676000018], [968877.8397000013, 1951351.894200004], [968883.4065000009, 1951421.5022000023], [968846.561700002, 1951492.039600001], [968838.7455000009, 1951499.7149999999], [968776.0721000006, 1951557.8414000003], [968690.7939000018, 1951669.6308000013], [968672.4909000015, 1951733.3184000012], [968652.1665000024, 1951902.1124000004], [968669.8793000006, 1952012.8540000052], [968703.1168000018, 1952177.3164000022], [968747.7540000018, 1952177.2014000001], [968998.914300001, 1952176.5554000037], [969069.2769000013, 1952228.5980000044], [969202.0404000012, 1952326.7946000022], [969374.9582000019, 1952456.4683000029], [969392.1031000009, 1952193.8376000011]]]}, "properties": {"x": "969273", "y": "1951433", "adm_cd": "11250550", "adm_nm": "서울특별시 강동구 고덕1동"}}, {"type": "Feature", "geometry": {"type": "Polygon", "coordinates": [[[970353.5315000003, 1952819.1053000002], [970418.0815000022, 1952818.1343000014], [970479.0981000002, 1952774.6293000039], [970482.6777000014, 1952768.4017000017], [970608.6681000013, 1952512.7137000002], [970620.079900002, 1952487.149100002], [970639.0259, 1952440.850600006], [970639.6597000002, 1952437.6463000006], [970641.1091000016, 1952425.935100002], [970634.4402000015, 1952415.6483999984], [970620.8863000011, 1952394.741400001], [970612.8618999999, 1952381.4462999993], [970794.1179000002, 1952127.1415999983], [971044.0225000011, 1951760.4303000006], [971115.4547000004, 1951649.7800000017], [971118.4460000006, 1951644.0174000002], [971096.2089000003, 1951624.4809000017], [971088.667100001, 1951617.941500003], [971013.7953000013, 1951559.5473000018], [970962.6383999998, 1951520.218000004], [970941.1262999999, 1951506.9572000015], [970982.1513000005, 1950954.6956999982], [970979.4022000013, 1950938.4511999995], [970968.617700001, 1950936.8623000002], [970449.1153000009, 1950860.3775000046], [970413.4297000008, 1950854.818900002], [969667.4015000012, 1950726.0518000007], [969667.4085000015, 1950726.2114000022], [969669.9179000002, 1950784.1277000015], [969671.1731000021, 1950813.0992000008], [969672.7333000021, 1950849.1133999988], [969675.2793000006, 1950907.8864000016], [969687.8559, 1951198.225800001], [969692.3547000008, 1951302.0859999987], [969692.5729000021, 1951307.1349000025], [969693.902900002, 1951347.3488000021], [969696.6709000017, 1951431.0784], [969699.6891000012, 1951522.3927999986], [969701.0957000013, 1951564.9543000003], [969701.1595000016, 1951566.884800002], [969653.1885000013, 1952054.7820000006], [969633.7993000001, 1952090.3636000026], [969615.6347000005, 1952123.697600001], [969571.9151000021, 1952145.1549999998], [969561.0049000002, 1952150.5096000019], [969508.6225000017, 1952147.1706000012], [969476.0381000002, 1952131.671000002], [969427.3417000002, 1952074.1875999996], [969419.1035000014, 1952064.4633999995], [969389.5803000007, 1952058.5920000016], [969389.5697000003, 1952058.6268000037], [969373.6067000004, 1952111.1182000053], [969376.691700001, 1952124.9154000022], [969392.1031000009, 1952193.8376000011], [969374.9582000019, 1952456.4683000029], [969533.0263000007, 1952575.0056000012], [969605.746400001, 1952618.0183000006], [969702.7747000012, 1952675.4091000024], [970052.3173000023, 1952973.5330000026], [970107.469100001, 1953016.9972000006], [970353.5315000003, 1952819.1053000002]]]}, "properties": {"x": "970156", "y": "1951787", "adm_cd": "11250560", "adm_nm": "서울특별시 강동구 고덕2동"}}, {"type": "Feature", "geometry": {"type": "Polygon", "coordinates": [[[967594.4829000013, 1951550.0495000018], [967622.8963000008, 1951555.7507000002], [967632.108900001, 1951554.4663000025], [967622.8443000019, 1951510.5083000031], [967621.6215000004, 1951505.7635000013], [967619.275300001, 1951499.132500003], [967560.2839000019, 1951430.519700003], [967524.9971000012, 1951392.8673], [967514.9335000005, 1951393.9973000032], [967442.2883000013, 1951276.7617000025], [967437.3361000009, 1951268.0683000018], [967428.7789000012, 1951252.9074999993], [967418.6935000004, 1951234.592100001], [967415.4363000003, 1951227.514100002], [967409.8153, 1951215.2535000027], [967404.4357000017, 1951203.4427000007], [967395.5619000004, 1951182.3047000023], [967392.6235000014, 1951174.8363000026], [967389.221500002, 1951166.1187000026], [967383.673300002, 1951151.349700001], [967378.8801000015, 1951138.3270999999], [967285.6629000021, 1950839.414100003], [967248.3437000003, 1950666.4159], [967100.8491000008, 1950152.491700001], [967028.0077000002, 1949905.8825999992], [966684.9625000021, 1950005.383], [966642.6229000005, 1950017.665000002], [966634.2949000021, 1950020.0832000005], [966630.5979000014, 1950081.9824000024], [966582.5263000014, 1950093.0244000019], [966271.4801000012, 1950138.4980000043], [966197.3311000023, 1950146.517200003], [966161.7301000016, 1950148.5024000015], [966110.2707000002, 1950148.1013999982], [965687.6177000012, 1950186.9273000015], [965687.9165000023, 1950201.2275000021], [965866.4457000017, 1950514.8302000025], [965907.6715000002, 1950586.303900001], [965979.2779000008, 1950788.7130999991], [966015.453200002, 1950893.0352000003], [966052.9817000013, 1950997.1370000015], [966096.5835000008, 1951053.6768000007], [966200.1723000017, 1951188.003200005], [966205.8265000016, 1951193.940000001], [966701.1907000018, 1951636.8926000004], [967154.4781000006, 1951903.5103999977], [967201.7799000016, 1951931.1848000006], [967401.7978000005, 1952010.002200003], [967656.6426000011, 1952110.560900002], [967594.4829000013, 1951550.0495000018]]]}, "properties": {"x": "966762", "y": "1950923", "adm_cd": "11250580", "adm_nm": "서울특별시 강동구 암사2동"}}, {"type": "Feature", "geometry": {"type": "Polygon", "coordinates": [[[968776.0721000006, 1951557.8414000003], [968838.7455000009, 1951499.7149999999], [968846.561700002, 1951492.039600001], [968883.4065000009, 1951421.5022000023], [968877.8397000013, 1951351.894200004], [968866.267900002, 1951347.0676000018], [968804.0325, 1951321.1096], [968735.8865000012, 1951292.6865999987], [968730.1146999998, 1951290.2792000007], [968564.0879000011, 1951092.504400001], [968608.490500002, 1950682.6702000024], [968615.315700002, 1950676.6041], [968495.3617000014, 1950661.8068999997], [967820.8581000019, 1950659.9818999998], [967248.3437000003, 1950666.4159], [967285.6629000021, 1950839.414100003], [967378.8801000015, 1951138.3270999999], [967383.673300002, 1951151.349700001], [967389.221500002, 1951166.1187000026], [967392.6235000014, 1951174.8363000026], [967395.5619000004, 1951182.3047000023], [967404.4357000017, 1951203.4427000007], [967409.8153, 1951215.2535000027], [967415.4363000003, 1951227.514100002], [967418.6935000004, 1951234.592100001], [967428.7789000012, 1951252.9074999993], [967437.3361000009, 1951268.0683000018], [967442.2883000013, 1951276.7617000025], [967514.9335000005, 1951393.9973000032], [967524.9971000012, 1951392.8673], [967560.2839000019, 1951430.519700003], [967619.275300001, 1951499.132500003], [967621.6215000004, 1951505.7635000013], [967622.8443000019, 1951510.5083000031], [967632.108900001, 1951554.4663000025], [967622.8963000008, 1951555.7507000002], [967594.4829000013, 1951550.0495000018], [967656.6426000011, 1952110.560900002], [967702.0388000022, 1952128.2057000007], [967743.9866000025, 1952135.8863000046], [968002.4445000024, 1952179.2162000025], [968703.1168000018, 1952177.3164000022], [968669.8793000006, 1952012.8540000052], [968652.1665000024, 1951902.1124000004], [968672.4909000015, 1951733.3184000012], [968690.7939000018, 1951669.6308000013], [968776.0721000006, 1951557.8414000003]]]}, "properties": {"x": "968083", "y": "1951378", "adm_cd": "11250590", "adm_nm": "서울특별시 강동구 암사3동"}}, {"type": "Feature", "geometry": {"type": "Polygon", "coordinates": [[[968439.7867000019, 1950207.7379999992], [968550.2001000013, 1950220.1274000017], [968508.5133000013, 1949925.521800005], [968503.351900002, 1949889.0529999998], [968490.588500001, 1949798.8754000007], [968490.3971000004, 1949797.5475000017], [968487.2469000013, 1949775.6919999993], [968480.7607000024, 1949730.693800001], [968462.4963000019, 1949664.4360000007], [968439.0335000004, 1949586.820199999], [968345.449100001, 1949277.2762000025], [968027.6471000009, 1949373.0486000003], [967620.2621000006, 1949295.0537999996], [967558.5525000014, 1949290.4923999994], [967558.1275000005, 1949290.4852000037], [967521.9643000015, 1949289.8846000053], [967415.0765000024, 1949293.0004000019], [967714.4889000009, 1949805.9389999998], [967721.2179, 1949829.8542000018], [967729.0975000018, 1949843.5472000008], [967729.5515000006, 1949844.3246], [967744.7053000005, 1949868.7748000023], [967752.8373000019, 1949881.0470000007], [967754.5793000006, 1949883.4467999996], [967763.4405000017, 1949895.6251999987], [967770.1971000005, 1949904.8957999996], [967788.9205000005, 1949927.6178], [967797.8847000006, 1949938.4960000007], [967805.9635000001, 1949948.289400001], [967864.0413000018, 1950018.0446000025], [967896.0603000019, 1950055.9902000001], [967938.2925000007, 1950103.9408000028], [967995.6277000012, 1950144.711999999], [968010.4241000025, 1950152.6226000008], [968035.2237000002, 1950164.721400001], [968061.0039000005, 1950171.522900002], [968063.622300002, 1950172.1817999994], [968255.9523000005, 1950210.5720000006], [968328.4551000018, 1950221.9930000035], [968331.4259000013, 1950222.3869999999], [968334.4161000018, 1950222.6312000027], [968336.252700001, 1950222.688500003], [968439.7867000019, 1950207.7379999992]]]}, "properties": {"x": "968018", "y": "1949774", "adm_cd": "11250610", "adm_nm": "서울특별시 강동구 천호1동"}}, {"type": "Feature", "geometry": {"type": "Polygon", "coordinates": [[[967012.2555000016, 1948788.3306000035], [967084.285800001, 1948916.9664999999], [967199.2753000016, 1949092.2548000002], [967204.0699000005, 1949093.3246000013], [967255.4799000018, 1949112.4108], [967293.1303000008, 1949135.0890000025], [967311.0717000009, 1949152.8476000028], [967344.415100001, 1949185.8516000025], [967348.2527000019, 1949190.4376000017], [967360.0531000008, 1949204.540800002], [967389.6195, 1949251.0197999992], [967403.0919000008, 1949273.2355999998], [967403.8465000007, 1949274.4800000016], [967415.0765000024, 1949293.0004000019], [967521.9643000015, 1949289.8846000053], [967558.1275000005, 1949290.4852000037], [967558.5525000014, 1949290.4923999994], [967620.2621000006, 1949295.0537999996], [968027.6471000009, 1949373.0486000003], [968345.449100001, 1949277.2762000025], [968301.9115000012, 1949133.3916000049], [968102.8743000017, 1949148.0826000012], [968102.7457000003, 1949148.0922000029], [968101.7993000003, 1949148.174200001], [968093.7933000013, 1949148.869400002], [968022.1537000011, 1949155.056800002], [968014.8879000016, 1949155.335400003], [968004.9091, 1949154.8484], [967995.355700001, 1949153.4126000043], [967995.0151000019, 1949153.3614000021], [967990.8137000015, 1949152.294600002], [967985.3357000006, 1949150.9035999984], [967975.9511000008, 1949147.4848000016], [967966.9517000013, 1949143.1542000007], [967958.4173000004, 1949137.941200004], [967950.4583000019, 1949131.905799999], [967943.1351000012, 1949125.107400002], [967912.329100001, 1949095.3522000015], [967838.3291000009, 1948905.7712000012], [967826.8505000016, 1948876.3633999983], [967751.5361000003, 1948683.402799998], [967690.1432999999, 1948502.2807999994], [967012.2555000016, 1948788.3306000035]]]}, "properties": {"x": "967510", "y": "1949092", "adm_cd": "11250630", "adm_nm": "서울특별시 강동구 천호3동"}}, {"type": "Feature", "geometry": {"type": "Polygon", "coordinates": [[[966915.3619000008, 1948129.0912000006], [966961.5493000018, 1948209.9065999994], [966971.8147000014, 1948222.748800002], [966983.5617000009, 1948237.4426000016], [967000.1193000021, 1948254.4022000027], [967000.2297000012, 1948254.4882000023], [967000.2697000013, 1948254.4274000032], [967011.6261000005, 1948237.0912000001], [967067.6367000011, 1948143.1912000002], [967064.5181000014, 1948130.6962000015], [967049.267900001, 1948083.510400002], [967048.750900001, 1948081.909000001], [967049.4795000013, 1948081.6394], [967063.1343000003, 1948076.5900000022], [967103.8173000013, 1948061.5462000018], [967130.3179000008, 1948051.7467999998], [967177.7695000018, 1948034.2005999992], [967178.146500001, 1948034.0660000006], [967220.2215000021, 1948019.355], [967358.8365000008, 1947970.890600002], [967405.2932000019, 1947955.4744000013], [967469.8217000023, 1947934.0618000014], [967191.5219000019, 1947222.0308000024], [966361.5228000011, 1947686.6640000022], [966552.2719000013, 1948261.2920000018], [966552.5923000005, 1948261.2568], [966915.3619000008, 1948129.0912000006]]]}, "properties": {"x": "966913", "y": "1947777", "adm_cd": "11250650", "adm_nm": "서울특별시 강동구 성내1동"}}, {"type": "Feature", "geometry": {"type": "Polygon", "coordinates": [[[966822.1303000012, 1948873.9773999983], [967012.2555000016, 1948788.3306000035], [967690.1432999999, 1948502.2807999994], [967469.8217000023, 1947934.0618000014], [967405.2932000019, 1947955.4744000013], [967358.8365000008, 1947970.890600002], [967220.2215000021, 1948019.355], [967178.146500001, 1948034.0660000006], [967177.7695000018, 1948034.2005999992], [967130.3179000008, 1948051.7467999998], [967103.8173000013, 1948061.5462000018], [967063.1343000003, 1948076.5900000022], [967049.4795000013, 1948081.6394], [967048.750900001, 1948081.909000001], [967049.267900001, 1948083.510400002], [967064.5181000014, 1948130.6962000015], [967067.6367000011, 1948143.1912000002], [967011.6261000005, 1948237.0912000001], [967000.2697000013, 1948254.4274000032], [967000.2297000012, 1948254.4882000023], [967000.1193000021, 1948254.4022000027], [966983.5617000009, 1948237.4426000016], [966971.8147000014, 1948222.748800002], [966961.5493000018, 1948209.9065999994], [966915.3619000008, 1948129.0912000006], [966552.5923000005, 1948261.2568], [966733.1427000011, 1948880.4606000008], [966822.1303000012, 1948873.9773999983]]]}, "properties": {"x": "967110", "y": "1948560", "adm_cd": "11250660", "adm_nm": "서울특별시 강동구 성내2동"}}, {"type": "Feature", "geometry": {"type": "Polygon", "coordinates": [[[967650.3787000016, 1946978.9980000046], [967646.790400001, 1946967.1519], [967191.5219000019, 1947222.0308000024], [967469.8217000023, 1947934.0618000014], [967690.1432999999, 1948502.2807999994], [968066.6451000005, 1948355.197100001], [967894.5681000014, 1947786.3048999999], [967650.3787000016, 1946978.9980000046]]]}, "properties": {"x": "967641", "y": "1947734", "adm_cd": "11250670", "adm_nm": "서울특별시 강동구 성내3동"}}, {"type": "Feature", "geometry": {"type": "Polygon", "coordinates": [[[968611.971500001, 1946736.7289999998], [968636.6418000015, 1946453.1945000016], [968408.3418, 1946540.5472000025], [968259.4136000001, 1946624.437400003], [968061.3078000008, 1946735.0271000024], [968048.6986000012, 1946730.8594000018], [967646.790400001, 1946967.1519], [967650.3787000016, 1946978.9980000046], [967894.5681000014, 1947786.3048999999], [968608.6427000014, 1947529.4634999991], [968628.3271000013, 1947486.8833000015], [968698.4799000012, 1947325.4859000025], [968720.7481000025, 1947272.573500002], [968729.9615000018, 1947245.6465000035], [968734.0459000024, 1947201.7089000014], [968733.6151000019, 1947185.449300002], [968732.5485000015, 1947145.3235000009], [968723.6445000016, 1947094.7353000022], [968701.3789000015, 1947024.8752000006], [968699.6626000014, 1947019.4902000022], [968611.971500001, 1946736.7289999998]]]}, "properties": {"x": "968226", "y": "1947146", "adm_cd": "11250700", "adm_nm": "서울특별시 강동구 둔촌1동"}}, {"type": "Feature", "geometry": {"type": "Polygon", "coordinates": [[[969658.0213000004, 1948737.380200003], [969611.8100000008, 1948724.7770000007], [969432.9526000007, 1948411.6889000009], [969392.4481000013, 1948317.611700003], [969407.5385000005, 1948088.4425000013], [969388.6817000005, 1947959.441700001], [969361.081300001, 1947826.4513000003], [969357.3845000002, 1947817.8457000018], [969354.9763000007, 1947812.2401000028], [969027.4742000011, 1947359.8809000016], [968877.9357000024, 1947041.908300002], [968873.4999000004, 1947041.3467999997], [968766.8303000003, 1947027.8458000005], [968713.0604000018, 1947021.0403], [968699.6626000014, 1947019.4902000022], [968701.3789000015, 1947024.8752000006], [968723.6445000016, 1947094.7353000022], [968732.5485000015, 1947145.3235000009], [968733.6151000019, 1947185.449300002], [968734.0459000024, 1947201.7089000014], [968729.9615000018, 1947245.6465000035], [968720.7481000025, 1947272.573500002], [968698.4799000012, 1947325.4859000025], [968628.3271000013, 1947486.8833000015], [968608.6427000014, 1947529.4634999991], [967894.5681000014, 1947786.3048999999], [968066.6451000005, 1948355.197100001], [968068.2946000019, 1948354.6746000045], [968085.0671000006, 1948349.3622000022], [968106.8575000009, 1948343.4889999996], [968128.8931000006, 1948338.604000002], [968151.1241000005, 1948334.7176000006], [968173.5101000008, 1948331.840000001], [968187.6483000005, 1948330.6570999988], [968196.0117000004, 1948329.9813999995], [968218.5685000017, 1948329.1322000015], [968238.0367, 1948329.2876000013], [968241.1309000007, 1948329.3124000023], [968252.8171000008, 1948329.9290000012], [968263.678500002, 1948330.5023999992], [968286.141500002, 1948332.7123999996], [968308.4801000021, 1948335.9328000024], [968324.1161000021, 1948338.9160000002], [968330.6541000002, 1948340.1636000047], [968352.6033000007, 1948345.385200004], [968359.8755000012, 1948347.4634000007], [968374.3079000008, 1948351.5878000015], [968377.5821000002, 1948352.6868000003], [968395.7077000007, 1948358.771400001], [968650.6691000017, 1948457.0886999997], [968691.8497000019, 1948477.7126000025], [968715.0025000004, 1948489.902000006], [969505.7781000016, 1948906.8183999988], [969701.6627000006, 1949010.7186000007], [969926.9747000011, 1949132.5536999987], [969658.0213000004, 1948737.380200003]]]}, "properties": {"x": "968839", "y": "1948056", "adm_cd": "11250710", "adm_nm": "서울특별시 강동구 둔촌2동"}}, {"type": "Feature", "geometry": {"type": "Polygon", "coordinates": [[[967820.8581000019, 1950659.9818999998], [968495.3617000014, 1950661.8068999997], [968452.7871000012, 1950578.6294999989], [968400.384300001, 1950499.9070999986], [968238.8181000007, 1950283.4087000014], [968336.252700001, 1950222.688500003], [968334.4161000018, 1950222.6312000027], [968331.4259000013, 1950222.3869999999], [968328.4551000018, 1950221.9930000035], [968255.9523000005, 1950210.5720000006], [968063.622300002, 1950172.1817999994], [968061.0039000005, 1950171.522900002], [968035.2237000002, 1950164.721400001], [968010.4241000025, 1950152.6226000008], [967995.6277000012, 1950144.711999999], [967938.2925000007, 1950103.9408000028], [967896.0603000019, 1950055.9902000001], [967864.0413000018, 1950018.0446000025], [967805.9635000001, 1949948.289400001], [967797.8847000006, 1949938.4960000007], [967788.9205000005, 1949927.6178], [967770.1971000005, 1949904.8957999996], [967763.4405000017, 1949895.6251999987], [967754.5793000006, 1949883.4467999996], [967752.8373000019, 1949881.0470000007], [967744.7053000005, 1949868.7748000023], [967729.5515000006, 1949844.3246], [967729.0975000018, 1949843.5472000008], [967721.2179, 1949829.8542000018], [967714.4889000009, 1949805.9389999998], [967100.8491000008, 1950152.491700001], [967248.3437000003, 1950666.4159], [967820.8581000019, 1950659.9818999998]]]}, "properties": {"x": "967619", "y": "1950439", "adm_cd": "11250720", "adm_nm": "서울특별시 강동구 암사1동"}}, {"type": "Feature", "geometry": {"type": "Polygon", "coordinates": [[[966110.2707000002, 1950148.1013999982], [966161.7301000016, 1950148.5024000015], [966197.3311000023, 1950146.517200003], [966271.4801000012, 1950138.4980000043], [966582.5263000014, 1950093.0244000019], [966630.5979000014, 1950081.9824000024], [966634.2949000021, 1950020.0832000005], [966642.6229000005, 1950017.665000002], [966684.9625000021, 1950005.383], [967028.0077000002, 1949905.8825999992], [967100.8491000008, 1950152.491700001], [967714.4889000009, 1949805.9389999998], [967415.0765000024, 1949293.0004000019], [967403.8465000007, 1949274.4800000016], [967403.0919000008, 1949273.2355999998], [967389.6195, 1949251.0197999992], [967360.0531000008, 1949204.540800002], [967348.2527000019, 1949190.4376000017], [967344.415100001, 1949185.8516000025], [967311.0717000009, 1949152.8476000028], [967293.1303000008, 1949135.0890000025], [967255.4799000018, 1949112.4108], [967204.0699000005, 1949093.3246000013], [967199.2753000016, 1949092.2548000002], [967084.285800001, 1948916.9664999999], [967012.2555000016, 1948788.3306000035], [966822.1303000012, 1948873.9773999983], [966733.1427000011, 1948880.4606000008], [966123.5671000017, 1949250.522999999], [965940.8417, 1949318.5812000004], [965842.5990000016, 1949355.3422000012], [965816.9032000008, 1949365.1914000025], [965816.4660000014, 1949365.3589999988], [965821.7163000004, 1949384.2369999993], [965821.9167000011, 1949386.0038000015], [965821.9385000013, 1949386.196000001], [965695.4804000002, 1949386.5375999985], [965489.6933000013, 1949387.0934000025], [965480.4930000007, 1949387.1182000013], [965679.3097000007, 1949803.4336000006], [965681.3519000009, 1949894.3450000025], [965683.5113000008, 1949990.4812000003], [965685.5818999999, 1950089.5324000008], [965687.6177000012, 1950186.9273000015], [966110.2707000002, 1950148.1013999982]]]}, "properties": {"x": "966608", "y": "1949582", "adm_cd": "11250730", "adm_nm": "서울특별시 강동구 천호2동"}}, {"type": "Feature", "geometry": {"type": "Polygon", "coordinates": [[[968944.2183000012, 1949625.2630000007], [969026.9451000014, 1949644.7958000004], [969055.827900001, 1949646.633000001], [969120.2067000002, 1949650.7278000023], [969244.7647000003, 1949573.383000002], [969389.0261000016, 1949429.5034000052], [969664.6091000001, 1949403.5047999993], [969747.9759000018, 1949369.7576000015], [969907.6811000013, 1949294.4736000032], [969972.4467000011, 1949186.3427000018], [969926.9747000011, 1949132.5536999987], [969701.6627000006, 1949010.7186000007], [969505.7781000016, 1948906.8183999988], [968715.0025000004, 1948489.902000006], [968691.8497000019, 1948477.7126000025], [968650.6691000017, 1948457.0886999997], [968395.7077000007, 1948358.771400001], [968377.5821000002, 1948352.6868000003], [968374.3079000008, 1948351.5878000015], [968359.8755000012, 1948347.4634000007], [968352.6033000007, 1948345.385200004], [968330.6541000002, 1948340.1636000047], [968324.1161000021, 1948338.9160000002], [968308.4801000021, 1948335.9328000024], [968286.141500002, 1948332.7123999996], [968263.678500002, 1948330.5023999992], [968252.8171000008, 1948329.9290000012], [968241.1309000007, 1948329.3124000023], [968238.0367, 1948329.2876000013], [968218.5685000017, 1948329.1322000015], [968196.0117000004, 1948329.9813999995], [968187.6483000005, 1948330.6570999988], [968173.5101000008, 1948331.840000001], [968151.1241000005, 1948334.7176000006], [968128.8931000006, 1948338.604000002], [968106.8575000009, 1948343.4889999996], [968085.0671000006, 1948349.3622000022], [968068.2946000019, 1948354.6746000045], [968066.6451000005, 1948355.197100001], [967690.1432999999, 1948502.2807999994], [967751.5361000003, 1948683.402799998], [967826.8505000016, 1948876.3633999983], [967838.3291000009, 1948905.7712000012], [967912.329100001, 1949095.3522000015], [967943.1351000012, 1949125.107400002], [967950.4583000019, 1949131.905799999], [967958.4173000004, 1949137.941200004], [967966.9517000013, 1949143.1542000007], [967975.9511000008, 1949147.4848000016], [967985.3357000006, 1949150.9035999984], [967990.8137000015, 1949152.294600002], [967995.0151000019, 1949153.3614000021], [967995.355700001, 1949153.4126000043], [968004.9091, 1949154.8484], [968014.8879000016, 1949155.335400003], [968022.1537000011, 1949155.056800002], [968093.7933000013, 1949148.869400002], [968101.7993000003, 1949148.174200001], [968102.7457000003, 1949148.0922000029], [968102.8743000017, 1949148.0826000012], [968301.9115000012, 1949133.3916000049], [968345.449100001, 1949277.2762000025], [968439.0335000004, 1949586.820199999], [968658.9073000005, 1949521.8356000034], [968696.3763000001, 1949561.694200005], [968869.5525000021, 1949688.3804000053], [968949.4029000013, 1949663.220900002], [968944.2183000012, 1949625.2630000007]]]}, "properties": {"x": "968742", "y": "1949001", "adm_cd": "11250740", "adm_nm": "서울특별시 강동구 길동"}}, {"type": "Feature", "geometry": {"type": "Polygon", "coordinates": [[[971452.6414000015, 1953347.6630000018], [971355.4898000013, 1953279.8299000012], [971342.2850000018, 1953269.6537999986], [971339.8892000006, 1953262.5444], [971338.8712999998, 1953252.502400002], [971338.8670000017, 1953252.4596000006], [971335.0271000004, 1953213.930100001], [971333.031800002, 1953185.0917000007], [971331.2218000016, 1953158.807900002], [971331.464400002, 1953151.7689000044], [971331.7233000015, 1953144.5822999997], [971362.222000001, 1952885.258700003], [971363.869000002, 1952877.8159000007], [971366.0472000013, 1952873.3061000044], [971396.0504000002, 1952814.4036000005], [971433.7650000011, 1952763.2703000014], [971472.9191000008, 1952706.8034000015], [971542.0370000007, 1952583.8901000018], [971549.7702000006, 1952569.417700002], [971664.6563000003, 1952243.5083000083], [971666.0700000017, 1952239.2215000005], [971671.9224000005, 1952220.6977000022], [971681.9297000018, 1952146.5960000004], [971685.8688000024, 1952117.1947000013], [971691.0930000009, 1952074.4646000029], [971692.9965000021, 1951961.5342999995], [971794.4620000003, 1951665.6994000014], [971843.6445000013, 1951565.3844000003], [971851.7344000016, 1951544.6615000004], [971906.9380000017, 1951368.999700002], [971914.3931000009, 1951340.5331999995], [971918.1816000002, 1951275.4062000015], [971916.246500002, 1951224.6313000019], [971916.2422000016, 1951224.5881000012], [971912.8998000007, 1951192.2113000029], [971895.2061000005, 1951100.5866000075], [971891.9775999999, 1951050.1029999992], [971880.0528000011, 1951049.529600001], [971881.5657000019, 1951059.1642000035], [971882.8492000017, 1951068.4271000014], [971873.8428000018, 1951076.3689000008], [971817.4081000003, 1951063.9611000028], [971652.7936000025, 1951018.5194000003], [971635.4846000022, 1951013.7256000028], [971629.3057000015, 1951012.0143000055], [971582.5499000009, 1950998.6239000005], [971531.5243000009, 1950984.8469000016], [971340.4274000013, 1950933.4823999992], [971336.5792000003, 1950932.4701000028], [971316.3104000001, 1950927.1949000019], [971294.0136000002, 1950922.1443000012], [971271.5628000011, 1950917.806299998], [971211.7012000005, 1950906.8102000016], [971196.7435000009, 1950905.6128000026], [970997.9949000013, 1950904.250800002], [970979.4022000013, 1950938.4511999995], [970982.1513000005, 1950954.6956999982], [970941.1262999999, 1951506.9572000015], [970962.6383999998, 1951520.218000004], [971013.7953000013, 1951559.5473000018], [971088.667100001, 1951617.941500003], [971096.2089000003, 1951624.4809000017], [971118.4460000006, 1951644.0174000002], [971115.4547000004, 1951649.7800000017], [971044.0225000011, 1951760.4303000006], [970794.1179000002, 1952127.1415999983], [970612.8618999999, 1952381.4462999993], [970620.8863000011, 1952394.741400001], [970634.4402000015, 1952415.6483999984], [970641.1091000016, 1952425.935100002], [970639.6597000002, 1952437.6463000006], [970639.0259, 1952440.850600006], [970620.079900002, 1952487.149100002], [970608.6681000013, 1952512.7137000002], [970482.6777000014, 1952768.4017000017], [970479.0981000002, 1952774.6293000039], [970418.0815000022, 1952818.1343000014], [970353.5315000003, 1952819.1053000002], [970107.469100001, 1953016.9972000006], [970155.1608, 1953054.5820000016], [970187.1604000014, 1953079.5888000005], [970203.7174000011, 1953092.5275999992], [970574.7777000021, 1953340.3375000027], [970742.5720000006, 1953342.163800002], [970742.5894000018, 1953342.1209999989], [970884.1996000013, 1953343.7757000048], [971024.3343000014, 1953370.5214000028], [971245.8992000011, 1953454.8438], [971265.4626000015, 1953462.3619999993], [971310.5223000019, 1953479.741200003], [971313.3558000008, 1953480.975600006], [971362.2780000018, 1953513.9532000069], [971379.2532000015, 1953525.4217000017], [971394.0045999999, 1953535.6204000013], [971425.968000001, 1953557.4113999987], [971438.3353000004, 1953565.7174000018], [971494.5822000015, 1953583.942800003], [971493.013400001, 1953435.0426000021], [971485.6106000014, 1953400.248600002], [971479.2250000001, 1953386.0690000015], [971474.5422000008, 1953377.6910000015], [971469.8748000006, 1953369.344000006], [971457.2448000018, 1953352.7925999998], [971452.6414000015, 1953347.6630000018]]]}, "properties": {"x": "971157", "y": "1952230", "adm_cd": "11250750", "adm_nm": "서울특별시 강동구 강일동"}}, {"type": "Feature", "geometry": {"type": "Polygon", "coordinates": [[[971190.5642000008, 1949669.3652000003], [971195.1618000015, 1949635.9767000026], [970987.7356000021, 1949612.2306999988], [970561.2664000008, 1949550.7464000022], [970421.7712000017, 1949530.5769000025], [970244.7570000018, 1949571.0622000028], [970118.5881000023, 1949638.187000004], [969960.6772000012, 1949614.0956999992], [969882.3243000016, 1949618.415700002], [969854.8379000011, 1949621.8111000028], [969836.8206000011, 1949625.3236000002], [969815.9711000018, 1949629.3882999993], [969605.0411, 1949695.169700001], [969605.3657000009, 1949700.9283000028], [969605.5411000007, 1949704.0387000013], [969636.7760000003, 1950253.328300001], [969659.9288000012, 1950660.4010000022], [969663.6243000003, 1950725.400099999], [969667.4015000012, 1950726.0518000007], [970413.4297000008, 1950854.818900002], [970449.1153000009, 1950860.3775000046], [970968.617700001, 1950936.8623000002], [971075.8486000015, 1950349.8857000018], [971172.9833000011, 1949781.8091000018], [971190.5642000008, 1949669.3652000003]]]}, "properties": {"x": "970390", "y": "1950199", "adm_cd": "11250760", "adm_nm": "서울특별시 강동구 상일1동"}}, {"type": "Feature", "geometry": {"type": "Polygon", "coordinates": [[[971880.0528000011, 1951049.529600001], [971891.9775999999, 1951050.1029999992], [971874.6247000006, 1950951.9001000032], [971854.6111000013, 1950482.6396000022], [971854.5542000005, 1950480.9510000008], [971854.1000000018, 1950467.4532999985], [971853.517100001, 1950450.1270000024], [971860.6261, 1950427.0662000007], [971875.8517000014, 1950408.711600001], [971885.4543000006, 1950399.3202000007], [971986.5673000021, 1949975.8401999986], [971969.6193000025, 1949885.0776000023], [971967.7605000013, 1949846.1356000034], [971976.5883000008, 1949732.3898], [971979.6315000011, 1949720.221400002], [972044.8256000008, 1949584.710200001], [971843.7054000017, 1949741.747], [971724.8126000013, 1949741.5647000028], [971673.6412000009, 1949740.9613000012], [971509.893400001, 1949679.291600001], [971458.7240000025, 1949659.092000001], [971356.260100001, 1949600.3297000024], [971195.1618000015, 1949635.9767000026], [971190.5642000008, 1949669.3652000003], [971172.9833000011, 1949781.8091000018], [971075.8486000015, 1950349.8857000018], [970968.617700001, 1950936.8623000002], [970979.4022000013, 1950938.4511999995], [970997.9949000013, 1950904.250800002], [971196.7435000009, 1950905.6128000026], [971211.7012000005, 1950906.8102000016], [971271.5628000011, 1950917.806299998], [971294.0136000002, 1950922.1443000012], [971316.3104000001, 1950927.1949000019], [971336.5792000003, 1950932.4701000028], [971340.4274000013, 1950933.4823999992], [971531.5243000009, 1950984.8469000016], [971582.5499000009, 1950998.6239000005], [971629.3057000015, 1951012.0143000055], [971635.4846000022, 1951013.7256000028], [971652.7936000025, 1951018.5194000003], [971817.4081000003, 1951063.9611000028], [971873.8428000018, 1951076.3689000008], [971882.8492000017, 1951068.4271000014], [971881.5657000019, 1951059.1642000035], [971880.0528000011, 1951049.529600001]]]}, "properties": {"x": "971494", "y": "1950337", "adm_cd": "11250770", "adm_nm": "서울특별시 강동구 상일2동"}}]}